StudentID,Gender,City,CollegeTier,Stream,Specialisation,Hostel,HistoryOfBacklogs,SGPA_Sem1,SGPA_Sem2,SGPA_Sem3,SGPA_Sem4,SGPA_Sem5,SGPA_Sem6,SGPA_Sem7,SGPA_Sem8,CGPA,AttendancePercent,Internships,Projects,Workshops,Certifications,Publications,AptitudeTestScore,SoftSkillsRating,CodingTestScore,MockInterviewScore,ExtraCurricular,CGPA_Tier,PlacementStatus,IsAnomaly,Salary Package
9428,Female,Pune,Tier2,ECE,Networking,No,No,5.19,4.71,4.76,4.64,4.83,4.67,5.19,4.68,4.78,67.9,0,0,1.0,1,0,37.0,1.7,24.8,28.3,1,Low,0,0,0.0
200,Female,Bangalore,Tier2,ECE,Networking,No,No,6.4,6.94,6.82,6.38,6.92,6.79,7.29,7.28,6.81,77.7,1,2,2.0,2,0,73.4,3.0,60.1,45.5,1,Mid,0,0,0.0
12448,Male,Mumbai,Tier3,ECE,DataScience,Yes,Yes,5.91,6.44,5.58,5.82,5.7,5.68,6.18,5.35,5.91,61.8,0,1,1.0,1,0,56.0,1.3,22.5,31.9,1,Low,0,0,0.0
39490,Male,Delhi,Tier2,Mechanical,AI,No,No,5.72,5.55,6.38,6.2,5.79,5.78,5.75,5.47,5.89,94.1,1,2,2.0,2,0,60.5,3.0,59.2,36.1,0,Low,1,0,3.81
42725,Male,Bangalore,Tier2,EE,AI,No,No,5.82,5.89,6.06,5.94,6.2,5.85,6.4,6.44,6.05,71.6,0,2,2.0,1,0,67.7,3.2,51.4,59.8,0,Low,0,0,0.0
10823,Female,Chennai,Tier2,ECE,DataScience,No,No,6.94,6.99,6.77,6.98,6.96,7.27,6.66,6.72,7.07,51.6,0,1,1.0,1,0,45.1,1.7,26.2,29.7,0,Mid,0,0,0.0
49499,Female,Jaipur,Tier1,Mechanical,Networking,Yes,No,6.81,5.9,6.36,6.57,6.68,6.38,6.13,6.79,6.37,79.1,1,2,1.0,2,1,68.1,3.3,58.7,48.5,1,Low,0,0,0.0
4145,Male,Pune,Tier3,Mechanical,Networking,No,Yes,4.7,5.12,4.77,4.86,4.83,4.94,4.39,4.87,4.93,54.5,1,1,1.0,0,0,51.5,1.9,25.4,22.8,0,Low,0,0,0.0
36959,Male,Bangalore,Tier2,ECE,DataScience,No,No,7.7,7.55,7.06,7.61,7.54,7.15,7.84,7.96,7.5,60.6,2,4,3.0,2,2,89.4,4.2,79.4,61.6,1,Mid,1,0,8.58
43107,Male,Ahmedabad,Tier2,ECE,DataScience,No,No,9.1,9.02,9.46,9.48,9.66,9.62,9.69,9.48,9.72,80.8,3,5,3.0,4,1,98.5,3.2,95.7,70.1,1,High,1,1,25.14
38696,Male,Hyderabad,Tier3,ECE,DataScience,No,Yes,6.39,6.47,6.55,6.35,5.76,6.58,6.31,6.32,6.29,60.5,0,1,0.0,0,0,51.5,2.3,31.7,28.0,0,Low,0,0,0.0
6189,Male,Kolkata,Tier2,IT,DataScience,Yes,No,8.39,8.78,8.51,8.58,7.92,8.74,8.86,8.41,8.5,85.2,2,2,2.0,1,2,79.7,4.8,91.6,68.1,1,High,1,0,22.04
1415,Male,Bangalore,Tier3,ECE,Networking,No,Yes,6.71,6.71,7.23,6.61,6.63,6.87,6.81,7.17,6.93,85.9,1,1,2.0,2,0,64.9,3.1,57.2,37.9,0,Mid,0,0,0.0
18472,Male,Jaipur,Tier3,ECE,Embedded,No,No,5.1,5.09,5.26,5.6,5.25,4.7,5.37,4.79,5.18,60.2,1,0,0.0,1,0,51.2,1.7,26.3,28.3,1,Low,0,0,0.0
15178,Male,Delhi,Tier2,IT,AI,No,No,8.67,8.62,9.17,9.75,9.38,8.78,9.21,8.87,9.03,97.1,2,4,3.0,3,1,73.6,4.8,67.8,86.8,1,High,1,0,25.13
34305,Female,Bangalore,Tier3,IT,DataScience,Yes,No,6.53,5.65,6.48,5.75,6.33,6.05,6.06,5.79,6.16,56.1,0,1,0.0,1,0,38.0,2.5,27.9,30.4,0,Low,0,0,0.0
12610,Female,Chennai,Tier2,IT,Networking,No,No,4.0,4.31,4.09,4.0,4.06,4.0,4.0,4.0,4.09,61.5,1,1,1.0,0,0,45.3,2.8,20.1,36.6,1,Low,0,0,0.0
12145,Male,Delhi,Tier2,IT,Networking,No,No,5.94,5.98,5.5,5.22,5.75,5.84,5.98,5.68,5.48,90.8,0,2,1.0,2,0,69.7,2.4,46.2,47.0,0,Low,0,0,0.0
6114,Male,Chennai,Tier2,IT,Embedded,Yes,No,7.55,7.09,7.84,7.71,7.92,7.51,7.31,7.84,7.47,85.1,1,3,1.0,1,1,64.9,3.2,54.5,47.4,1,Mid,1,0,8.0
822,Male,Pune,Tier1,Mechanical,AI,Yes,No,9.71,10.0,10.0,10.0,10.0,10.0,10.0,10.0,9.96,98.2,2,3,2.0,4,1,87.6,5.0,72.3,79.9,0,High,1,0,18.6
15119,Female,Delhi,Tier2,CS,DataScience,Yes,No,8.7,8.15,8.62,8.5,8.51,8.2,8.64,8.64,8.52,81.8,2,3,2.0,2,2,80.0,4.0,72.8,75.1,1,High,1,0,22.81
13467,Female,Ahmedabad,Tier1,IT,DataScience,Yes,Yes,8.07,8.16,8.92,8.65,9.18,8.56,8.55,8.16,8.43,81.6,1,2,1.0,1,0,74.5,3.0,47.4,53.3,1,High,1,0,18.39
26498,Male,Kochi,Tier1,EE,Networking,Yes,Yes,7.06,7.41,7.31,7.25,7.14,7.17,7.55,7.72,7.45,89.5,2,4,3.0,3,2,83.8,5.0,91.8,73.3,1,Mid,1,0,8.77
30189,Female,Ahmedabad,Tier3,IT,Networking,Yes,No,6.98,7.19,7.28,8.07,7.84,7.92,7.92,7.52,7.47,76.7,0,1,2.0,2,0,72.9,2.7,43.2,53.1,0,Mid,1,0,8.55
37238,Female,Kolkata,Tier2,Mechanical,DataScience,Yes,Yes,8.01,7.63,7.3,7.75,8.24,6.97,7.51,7.2,7.46,72.0,1,2,2.0,2,1,64.6,3.6,67.1,53.5,0,Mid,1,0,8.33
33110,Female,Bangalore,Tier3,IT,Networking,Yes,No,4.83,4.27,4.36,4.0,4.08,4.0,4.43,4.0,4.34,66.8,0,1,0.0,0,0,56.8,1.1,33.8,31.2,0,Low,0,0,0.0
36481,Male,Bangalore,Tier3,Mechanical,Networking,Yes,No,5.61,5.49,5.58,5.55,5.72,5.41,5.33,5.4,5.53,57.7,0,0,1.0,0,0,52.1,2.3,23.2,34.1,0,Low,0,0,0.0
5504,Female,Pune,Tier1,ECE,Networking,Yes,No,6.72,7.16,6.84,6.8,7.39,6.92,7.44,7.53,7.18,71.0,1,1,3.0,2,0,55.5,2.1,54.1,59.2,1,Mid,1,0,8.08
38479,Female,Ahmedabad,Tier2,ECE,AI,Yes,Yes,7.78,7.15,7.84,7.26,7.11,7.94,7.39,7.97,7.71,75.3,1,1,1.0,1,1,81.5,4.3,48.0,43.3,0,Mid,1,0,8.51
21124,Female,Mumbai,Tier2,Mechanical,Networking,No,Yes,6.45,5.78,6.45,6.08,6.99,6.49,6.19,6.19,6.44,66.7,1,2,2.0,1,1,55.7,3.2,51.6,46.4,0,Low,0,0,0.0
49718,Female,Bangalore,Tier2,CS,AI,Yes,No,10.0,9.94,10.0,10.0,10.0,10.0,10.0,10.0,9.98,100.0,2,2,3.0,4,2,83.7,3.6,77.7,78.5,1,High,1,0,25.2
11077,Male,Hyderabad,Tier1,CS,AI,Yes,No,6.5,6.39,6.22,6.47,6.46,5.87,6.49,6.81,6.22,65.6,1,2,2.0,1,1,65.1,2.7,53.5,55.4,1,Low,1,0,5.66
41515,Male,Hyderabad,Tier1,CS,DataScience,No,No,8.58,7.62,8.44,8.56,8.07,8.46,8.44,8.26,8.35,82.8,2,3,2.0,4,1,92.3,5.0,59.7,57.7,1,High,1,0,22.39
22063,Female,Hyderabad,Tier2,IT,AI,No,No,8.73,9.16,9.35,9.17,9.59,9.86,9.87,9.2,9.47,78.4,2,4,3.0,3,2,61.4,4.7,75.0,62.3,1,High,1,0,25.92
9414,Male,Delhi,Tier1,IT,Embedded,Yes,No,7.76,8.29,7.54,7.87,7.59,8.1,8.47,8.08,8.04,95.3,2,4,2.0,3,2,98.1,2.5,70.1,70.9,1,High,1,0,18.51
38341,Male,Mumbai,Tier2,ECE,Networking,Yes,No,8.39,8.37,8.8,8.21,8.88,8.51,9.1,9.1,9.79,84.6,3,5,3.0,3,2,98.2,4.1,96.0,74.7,1,High,1,1,25.96
30264,Female,Hyderabad,Tier2,ECE,Embedded,Yes,No,7.72,7.79,8.19,7.93,8.14,7.76,8.2,8.09,8.06,75.2,0,2,3.0,1,1,72.3,2.7,41.4,55.0,1,High,0,0,18.94
41253,Male,Jaipur,Tier3,ECE,Embedded,Yes,No,5.71,6.01,5.83,6.02,6.23,6.47,6.46,6.16,6.13,78.2,0,2,2.0,3,1,83.9,3.3,56.4,57.2,1,Low,0,0,0.0
26336,Female,Jaipur,Tier3,Mechanical,AI,No,No,5.18,5.35,5.57,4.94,5.2,5.6,5.0,5.96,4.17,53.66600049,1,1,0.0,0,0,37.2,2.7,2.7,26.8,0,Low,0,1,0.0
24713,Male,Chennai,Tier2,CS,AI,Yes,No,7.15,7.29,6.95,6.73,6.7,7.05,6.41,6.09,6.51,67.1,1,1,2.0,2,1,72.2,3.4,53.4,52.1,1,Mid,1,0,8.27
3851,Female,Kochi,Tier2,Mechanical,AI,No,No,8.72,8.57,8.59,8.56,8.74,8.57,8.32,8.3,8.52,62.4,1,2,2.0,1,0,64.3,3.0,47.2,44.8,1,High,1,0,18.46
40041,Female,Chennai,Tier2,CS,AI,Yes,Yes,6.04,6.56,5.84,6.42,7.01,6.6,6.92,6.26,6.4,79.7,1,1,2.0,1,1,66.5,3.4,53.8,51.5,0,Low,0,0,0.0
15268,Female,Hyderabad,Tier2,IT,AI,Yes,Yes,4.9,5.61,5.05,5.11,5.5,5.23,5.21,5.11,5.14,93.5,1,2,1.0,2,1,64.5,2.6,47.4,49.3,0,Low,0,0,0.0
43825,Male,Ahmedabad,Tier2,Civil,DataScience,Yes,No,9.32,9.67,9.14,8.96,8.94,9.54,9.14,9.06,9.16,76.0,1,2,2.0,2,0,66.1,3.2,60.2,47.7,0,High,1,0,18.13
17241,Male,Kolkata,Tier1,Mechanical,Networking,Yes,No,7.78,8.25,8.45,8.31,8.2,8.62,8.56,8.9,8.49,82.3,1,2,3.0,4,2,89.0,5.0,75.8,74.1,1,High,1,0,22.79
4893,Male,Mumbai,Tier2,Mechanical,Embedded,Yes,Yes,5.27,5.49,5.74,5.79,5.78,5.45,6.14,6.46,5.57,69.6,2,1,2.0,1,1,73.6,3.0,43.5,52.5,0,Low,1,0,5.43
726,Female,Mumbai,Tier3,Civil,Embedded,No,Yes,7.89,8.19,7.88,7.29,8.36,8.29,8.06,7.49,7.89,59.8,1,1,1.0,0,1,41.7,1.9,36.5,34.1,0,Mid,0,0,0.0
22950,Male,Hyderabad,Tier3,Civil,Embedded,No,No,5.11,4.99,4.82,4.36,4.68,4.86,4.8,4.66,4.84,63.0,0,1,1.0,0,0,44.8,1.8,25.7,25.2,1,Low,0,0,0.0
34658,Female,Chennai,Tier3,CS,Networking,Yes,Yes,6.29,5.98,6.34,6.38,6.05,6.34,6.18,6.02,6.32,53.3,0,1,1.0,1,0,47.8,1.8,21.2,23.9,1,Low,0,0,0.0
37214,Female,Bangalore,Tier3,CS,DataScience,No,No,5.82,6.39,6.6,6.62,6.02,6.17,5.52,6.08,6.04,58.1,0,1,0.0,0,0,51.4,1.4,28.7,32.9,0,Low,0,0,0.0
20305,Male,Hyderabad,Tier3,CS,AI,No,No,7.25,7.24,7.17,6.81,7.18,6.9,7.12,6.77,7.34,82.2,1,2,1.0,1,1,75.4,2.8,49.4,49.2,1,Mid,1,0,12.98
15270,Male,Bangalore,Tier1,ECE,Networking,Yes,No,9.45,9.8,9.89,9.57,9.72,10.0,9.96,10.0,9.78,88.5,2,4,2.0,4,2,82.2,3.2,84.0,92.0,1,High,1,0,25.11
22368,Male,Pune,Tier2,Mechanical,AI,No,No,7.65,7.35,7.52,6.82,7.55,7.81,8.04,7.63,9.81,80.5,3,5,2.0,3,1,96.4,4.8,99.1,86.6,1,Mid,1,1,8.26
42685,Female,Mumbai,Tier2,IT,AI,No,No,7.38,7.36,7.58,7.25,6.91,7.2,7.15,6.81,7.28,65.8,0,2,1.0,1,1,77.6,3.0,66.8,47.3,1,Mid,1,0,12.38
46735,Female,Hyderabad,Tier1,IT,DataScience,No,No,8.17,7.89,7.7,8.29,8.56,8.49,8.61,8.6,8.43,90.3,2,3,4.0,2,2,80.7,3.7,64.5,81.7,1,High,1,0,22.34
11733,Female,Chennai,Tier2,Mechanical,DataScience,No,No,8.83,8.57,8.48,8.13,8.6,8.34,8.39,9.07,8.57,92.1,2,4,2.0,4,1,99.0,4.3,73.9,80.7,1,High,1,0,22.24
18620,Male,Kochi,Tier2,Civil,Embedded,Yes,No,9.96,9.77,10.0,10.0,10.0,10.0,10.0,10.0,10.0,90.6,2,3,4.0,3,0,80.2,5.0,85.9,64.7,0,High,1,0,18.86
48493,Male,Pune,Tier1,Mechanical,Embedded,No,Yes,9.2,9.0,9.88,9.88,9.57,9.05,8.87,9.21,9.31,88.7,2,4,3.0,4,1,75.8,3.3,83.0,55.5,1,High,1,0,25.81
47523,Male,Chennai,Tier2,ECE,Networking,No,No,6.24,5.97,6.45,5.19,5.46,5.59,6.29,5.96,4.14,53.6812376,0,0,1.0,0,1,33.7,3.4,1.5,28.6,0,Low,0,1,0.0
32208,Female,Bangalore,Tier1,Civil,Networking,Yes,No,9.76,9.5,10.0,10.0,9.79,9.48,10.0,10.0,9.86,75.3,1,4,3.0,2,2,74.4,3.4,67.0,76.0,1,High,1,0,25.42
2531,Male,Jaipur,Tier2,CS,DataScience,Yes,No,6.11,5.19,5.56,5.72,6.1,5.83,5.57,5.24,5.73,77.1,1,1,2.0,1,1,65.1,2.4,68.6,54.2,0,Low,0,0,0.0
8271,Male,Chennai,Tier2,ECE,Networking,Yes,No,8.62,8.23,7.95,7.64,8.06,8.09,8.4,8.93,8.24,81.9,2,3,3.0,3,2,64.8,4.2,70.9,90.3,0,High,1,0,18.87
15080,Female,Hyderabad,Tier1,CS,AI,Yes,No,7.81,7.35,7.49,7.77,7.9,7.53,7.81,7.41,7.73,74.8,1,2,1.0,2,0,75.4,2.3,48.3,40.4,1,Mid,1,0,8.84
13625,Male,Pune,Tier2,CS,Networking,Yes,Yes,6.97,8.25,7.37,7.55,6.9,7.43,7.48,7.58,7.43,71.3,2,1,2.0,2,0,66.1,2.9,47.6,46.6,0,Mid,0,0,0.0
30639,Female,Hyderabad,Tier1,IT,AI,Yes,No,10.0,9.96,9.94,9.95,9.97,9.9,9.81,10.0,10.0,92.2,2,4,3.0,3,2,90.6,4.5,67.2,81.4,1,High,1,0,25.05
36057,Female,Mumbai,Tier2,CS,Networking,Yes,No,6.42,6.83,6.7,6.99,6.85,6.27,7.12,6.92,6.79,69.2,1,2,2.0,2,1,63.1,3.3,55.7,59.2,0,Mid,1,0,8.99
42652,Male,Pune,Tier2,IT,DataScience,No,No,8.46,8.36,9.06,8.87,8.89,7.69,8.53,8.92,8.48,77.0,2,1,2.0,1,1,67.9,2.2,56.4,50.5,1,High,1,0,18.33
36804,Male,Bangalore,Tier1,Civil,AI,No,No,7.21,6.79,6.98,7.23,6.64,7.49,7.29,7.63,7.1,84.9,2,2,3.0,4,1,71.9,4.5,78.4,63.0,1,Mid,1,0,10.22
48225,Female,Hyderabad,Tier2,IT,DataScience,No,No,10.0,10.0,9.6,10.0,10.0,10.0,10.0,10.0,10.0,63.7,2,4,2.0,4,1,91.0,2.8,71.2,75.3,0,High,1,0,18.42
29227,Male,Bangalore,Tier2,CS,Networking,No,No,9.02,8.75,8.78,8.79,9.16,8.57,8.36,9.01,8.85,60.7,1,2,2.0,1,0,58.2,3.3,56.5,51.2,1,High,1,0,22.97
5988,Female,Jaipur,Tier3,Mechanical,AI,No,No,6.13,5.67,6.01,5.5,5.05,5.59,5.61,5.15,5.58,62.4,0,1,1.0,0,0,52.3,1.8,30.4,28.1,1,Low,0,0,0.0
48064,Male,Pune,Tier2,Mechanical,DataScience,Yes,Yes,5.98,5.29,5.8,4.9,5.66,5.97,6.05,5.81,5.56,71.3,1,1,2.0,3,1,71.1,3.3,60.6,39.3,1,Low,0,0,0.0
1813,Female,Hyderabad,Tier1,IT,DataScience,No,No,8.16,8.07,7.8,8.36,8.84,8.55,8.38,8.56,8.44,80.0,2,4,2.0,2,1,67.1,3.6,84.5,73.8,1,High,1,0,22.46
27579,Male,Chennai,Tier2,CS,DataScience,Yes,No,5.98,5.98,5.41,5.64,6.36,6.14,6.18,5.72,5.95,63.3,1,2,2.0,2,1,71.0,3.4,52.0,57.4,0,Low,1,0,3.6
16824,Male,Bangalore,Tier2,Mechanical,Networking,Yes,No,9.42,9.22,9.32,9.63,9.61,9.79,9.83,9.7,9.57,81.7,2,2,2.0,4,2,82.8,4.5,83.2,55.1,1,High,1,0,25.39
3929,Male,Jaipur,Tier1,IT,DataScience,No,No,4.72,4.97,5.05,4.73,5.03,4.67,5.48,5.23,5.09,83.9,0,3,1.0,1,0,72.7,1.9,43.7,52.9,0,Low,0,0,0.0
15728,Male,Hyderabad,Tier3,ECE,Embedded,No,No,5.04,5.37,5.12,5.83,5.52,5.63,5.5,5.13,5.38,68.7,1,2,2.0,2,0,58.8,3.4,55.4,47.3,0,Low,0,0,0.0
29601,Male,Bangalore,Tier1,EE,DataScience,Yes,No,10.0,10.0,9.95,9.83,9.68,9.85,10.0,10.0,4.07,51.6305795,1,4,2.0,3,2,34.8,4.4,4.9,70.2,1,High,1,1,18.2
10431,Female,Chennai,Tier1,ECE,Embedded,No,No,7.51,7.78,7.98,8.22,8.42,8.33,8.25,8.19,8.14,87.0,2,3,2.0,3,2,74.0,3.9,90.8,78.7,1,High,1,0,22.35
25769,Male,Bangalore,Tier2,ECE,Embedded,Yes,No,5.77,5.5,5.49,4.96,5.43,5.43,5.03,5.14,5.35,85.3,1,1,1.0,2,1,72.1,3.5,49.6,50.7,1,Low,0,0,0.0
36538,Male,Hyderabad,Tier1,IT,Networking,No,No,8.86,8.81,8.8,9.52,9.26,8.47,8.65,9.32,8.98,74.4,2,2,2.0,2,1,69.6,2.9,56.8,63.9,0,High,1,0,18.51
39329,Female,Chennai,Tier3,IT,DataScience,Yes,Yes,5.81,5.06,5.15,5.49,6.22,5.5,5.45,5.78,5.51,56.9,1,0,1.0,1,0,50.8,1.7,23.5,36.4,0,Low,0,0,0.0
28076,Male,Pune,Tier1,ECE,AI,No,No,7.77,8.43,7.81,8.12,8.1,8.15,7.98,8.27,8.23,76.8,0,2,2.0,2,1,72.6,2.5,57.1,45.6,0,High,1,0,18.5
7683,Male,Chennai,Tier2,CS,DataScience,No,Yes,9.27,8.55,9.02,9.04,9.06,8.6,9.3,8.65,8.98,87.6,1,2,1.0,1,1,63.5,3.4,50.6,57.0,1,High,1,0,22.15
24280,Male,Kolkata,Tier1,Mechanical,Embedded,Yes,No,5.83,6.48,5.39,5.82,6.11,6.05,6.4,6.62,6.12,72.0,1,2,1.0,2,1,74.2,3.6,65.4,59.7,0,Low,1,0,3.45
35558,Male,Hyderabad,Tier2,IT,Embedded,No,No,7.6,7.57,8.16,7.38,7.91,8.18,8.18,7.9,7.63,97.4,3,3,3.0,4,1,72.0,4.5,80.4,72.1,1,Mid,1,0,9.75
47150,Female,Chennai,Tier1,IT,Networking,No,No,9.8,9.03,9.79,10.0,10.0,9.5,9.68,9.35,9.72,90.7,2,2,3.0,3,2,98.3,2.4,60.7,70.1,0,High,1,0,18.18
46916,Female,Mumbai,Tier2,CS,Networking,Yes,No,5.8,4.91,5.8,5.28,5.25,5.61,5.66,5.98,5.5,50.7,0,0,1.0,1,0,54.1,2.0,27.0,28.9,0,Low,0,0,0.0
9802,Female,Ahmedabad,Tier2,CS,Networking,Yes,No,7.38,7.59,7.72,7.53,7.23,7.54,8.11,7.3,7.61,86.6,1,4,2.0,3,1,76.1,4.1,55.0,75.8,0,Mid,1,0,8.48
44234,Male,Mumbai,Tier3,Mechanical,Networking,No,No,5.65,6.57,5.85,6.27,6.25,6.58,6.13,6.03,6.1,50.0,1,1,1.0,0,0,42.8,2.6,32.8,38.3,0,Low,0,0,0.0
31920,Female,Jaipur,Tier2,Civil,Networking,No,Yes,5.73,5.14,4.91,5.14,4.88,5.04,4.69,4.52,4.88,59.8,0,1,1.0,1,0,47.6,2.1,25.5,37.8,0,Low,0,0,0.0
7135,Male,Bangalore,Tier2,ECE,AI,Yes,No,7.39,7.89,7.99,7.7,7.8,8.18,8.38,8.02,7.97,71.8,1,2,1.0,1,0,76.8,3.2,53.4,49.9,0,Mid,1,0,8.63
33705,Male,Kolkata,Tier1,ECE,Embedded,No,No,7.28,6.87,6.59,7.1,7.22,7.05,7.38,7.45,7.2,98.0,2,3,3.0,3,2,76.3,3.6,83.2,67.7,0,Mid,1,0,9.6
29661,Female,Hyderabad,Tier2,CS,AI,Yes,No,7.53,7.31,7.74,7.43,7.24,7.36,8.24,7.75,7.38,99.0,1,3,3.0,4,2,84.2,3.3,76.3,69.9,0,Mid,1,0,8.68
22019,Female,Chennai,Tier2,EE,Networking,No,Yes,6.32,7.02,6.16,6.76,5.97,6.13,6.42,6.03,6.45,70.7,0,0,1.0,0,0,55.0,1.6,19.3,23.6,0,Low,0,0,0.0
13539,Female,Chennai,Tier3,Civil,Networking,Yes,No,5.96,6.15,5.87,6.17,5.4,5.57,5.63,5.73,5.77,59.2,0,1,0.0,0,0,55.5,2.5,23.5,29.3,0,Low,0,0,0.0
43119,Female,Hyderabad,Tier3,CS,AI,No,No,6.84,6.88,6.4,6.58,6.29,6.3,6.58,6.65,6.42,67.9,0,0,1.0,0,0,53.2,1.6,37.5,33.2,0,Low,0,0,0.0
36421,Male,Ahmedabad,Tier2,Civil,DataScience,Yes,No,4.71,5.02,4.8,4.58,4.0,4.45,4.72,4.16,4.65,67.0,0,1,0.0,0,0,54.6,1.6,28.5,25.4,1,Low,0,0,0.0
9406,Male,Mumbai,Tier2,CS,DataScience,Yes,No,6.97,7.26,6.81,6.78,7.24,7.1,7.12,6.91,6.88,65.9,1,2,2.0,2,1,76.0,2.5,46.4,44.5,0,Mid,1,0,8.99
15602,Male,Chennai,Tier3,CS,Embedded,No,No,4.81,4.07,4.0,4.27,4.0,4.68,4.44,4.09,4.31,67.4,0,1,0.0,1,0,45.5,1.7,28.6,28.8,1,Low,0,0,0.0
31139,Female,Jaipur,Tier1,Mechanical,Embedded,Yes,Yes,6.39,6.32,6.29,6.22,6.23,6.09,5.89,6.07,6.18,75.9,1,3,2.0,1,0,62.4,4.1,56.4,58.7,0,Low,1,0,3.68
2730,Female,Kolkata,Tier2,ECE,Networking,No,No,5.83,5.53,5.78,5.63,5.24,5.61,5.33,5.52,5.66,75.6,1,2,2.0,2,0,72.4,2.1,60.2,49.8,0,Low,0,0,0.0
38243,Male,Chennai,Tier1,ECE,Embedded,No,No,7.19,7.62,8.21,8.23,8.22,8.04,8.45,8.27,8.07,83.8,2,4,3.0,3,1,57.1,4.7,97.2,77.4,1,High,1,0,22.74
47895,Male,Delhi,Tier1,CS,Networking,No,No,8.3,8.5,8.43,8.35,8.71,8.15,8.77,8.15,8.38,94.3,2,3,3.0,2,2,85.8,3.1,72.8,79.8,1,High,1,0,22.47
36400,Male,Bangalore,Tier1,Mechanical,DataScience,No,No,4.98,5.23,5.56,5.68,5.29,5.31,5.78,5.61,5.55,72.8,1,1,1.0,2,0,68.1,3.4,61.7,46.0,1,Low,0,0,0.0
6245,Female,Kochi,Tier2,CS,Networking,Yes,No,7.13,6.87,6.74,7.16,7.19,6.93,7.0,6.96,7.05,87.3,1,1,1.0,2,0,65.1,3.1,49.4,52.3,0,Mid,1,0,8.81
5546,Female,Mumbai,Tier1,CS,DataScience,Yes,No,8.63,8.73,9.16,8.91,9.13,9.44,9.28,9.71,9.0,100.0,1,4,3.0,2,2,72.9,3.6,65.6,82.1,1,High,1,0,18.45
12852,Male,Chennai,Tier2,Civil,Embedded,Yes,No,7.38,8.07,6.73,7.46,6.61,7.53,7.64,7.2,7.35,78.6,1,1,2.0,2,1,68.1,3.2,55.8,57.4,1,Mid,1,0,8.72
21803,Female,Kolkata,Tier2,ECE,Embedded,Yes,Yes,7.05,7.59,7.15,6.92,7.24,7.2,7.4,7.11,6.91,74.6,2,2,1.0,2,1,75.1,2.1,62.8,63.4,1,Mid,0,0,0.0
41164,Male,Chennai,Tier3,CS,Networking,No,Yes,4.69,4.46,4.34,4.22,4.47,4.25,4.14,4.0,4.23,62.8,1,0,0.0,1,1,50.9,1.9,27.0,30.5,1,Low,0,0,0.0
6233,Male,Kolkata,Tier1,Civil,Embedded,No,No,7.76,7.13,7.47,6.89,7.43,7.24,7.58,8.18,7.5,89.0,1,1,2.0,1,0,77.3,3.1,66.1,57.8,0,Mid,1,0,8.85
3863,Male,Bangalore,Tier2,Mechanical,Networking,No,No,5.92,5.71,6.06,6.16,5.91,6.33,6.07,5.95,5.92,72.1,1,3,1.0,2,1,73.9,2.3,51.1,51.1,1,Low,1,0,6.31
35095,Male,Kolkata,Tier2,CS,DataScience,Yes,No,9.35,9.93,10.0,9.69,9.75,9.46,10.0,10.0,9.63,78.9,1,0,1.0,0,1,73.1,2.7,65.2,50.4,0,High,1,0,18.67
40196,Female,Delhi,Tier2,ECE,DataScience,Yes,No,7.01,6.95,7.2,6.95,7.26,7.13,7.28,7.58,7.21,73.6,1,2,2.0,2,0,59.5,2.7,46.4,67.8,1,Mid,1,0,10.8
39251,Male,Ahmedabad,Tier3,Mechanical,DataScience,No,No,5.63,5.38,5.35,5.35,5.9,5.84,5.96,5.7,5.61,69.6,1,1,1.0,2,0,59.8,2.0,56.8,48.4,0,Low,0,0,0.0
6218,Male,Mumbai,Tier2,EE,DataScience,No,No,7.82,7.21,7.92,8.08,7.13,7.96,7.57,7.74,7.52,67.7,1,2,2.0,1,1,69.6,2.4,51.7,54.3,1,Mid,1,0,8.48
36776,Female,Chennai,Tier2,Mechanical,Embedded,Yes,No,6.6,6.45,7.29,6.12,6.65,6.43,5.87,6.54,6.54,73.0,1,2,2.0,1,0,65.3,2.4,48.4,51.0,0,Mid,1,0,8.27
42977,Female,Hyderabad,Tier3,ECE,Embedded,Yes,No,7.5,6.71,7.45,7.96,7.34,7.77,7.7,7.76,7.35,72.3,1,2,2.0,2,1,84.9,2.9,45.1,66.1,1,Mid,0,0,0.0
48468,Female,Ahmedabad,Tier1,ECE,Networking,Yes,No,10.0,10.0,10.0,9.81,10.0,10.0,10.0,10.0,10.0,81.6,1,3,3.0,4,1,79.3,4.4,95.6,55.5,1,High,1,0,25.77
14832,Female,Jaipur,Tier3,Mechanical,Embedded,Yes,No,8.18,8.17,7.78,8.47,8.05,7.86,8.1,8.62,8.12,53.2,1,2,1.0,2,0,68.4,2.6,59.9,51.9,1,High,1,0,18.47
30093,Male,Jaipur,Tier1,CS,Networking,No,No,9.32,8.45,9.07,8.91,9.51,9.18,9.27,9.38,9.1,85.4,2,3,3.0,4,1,92.1,2.8,88.1,77.1,0,High,1,0,18.96
8894,Male,Ahmedabad,Tier2,Mechanical,Embedded,Yes,No,9.62,9.96,9.65,9.7,9.89,9.86,9.09,10.0,9.86,73.5,1,2,2.0,2,0,67.6,2.3,67.3,47.2,0,High,1,0,18.18
6021,Male,Jaipur,Tier2,ECE,DataScience,No,Yes,6.94,7.62,6.74,6.92,7.23,7.62,7.15,7.78,7.26,73.9,1,2,1.0,2,0,53.9,2.7,56.2,49.1,0,Mid,0,0,0.0
46089,Male,Delhi,Tier3,ECE,AI,No,No,5.62,5.26,5.49,5.33,5.33,5.68,5.34,5.84,5.49,76.2,1,2,3.0,2,0,68.8,2.6,58.0,57.2,1,Low,0,0,0.0
15243,Female,Chennai,Tier3,IT,AI,Yes,No,8.44,8.21,8.08,8.02,7.6,8.64,8.34,8.25,8.26,63.8,0,1,2.0,3,1,82.7,2.2,54.4,43.4,1,High,1,0,18.17
45308,Male,Bangalore,Tier3,CS,AI,No,No,4.57,4.0,4.01,4.0,4.19,4.0,4.0,4.0,4.04,58.7,0,0,1.0,0,0,54.1,2.0,30.9,26.4,0,Low,0,0,0.0
7906,Female,Bangalore,Tier2,Mechanical,Embedded,Yes,No,6.34,6.18,5.87,6.15,6.18,6.05,5.87,5.77,5.95,57.0,0,0,0.0,1,0,42.5,1.2,25.4,28.8,0,Low,0,0,0.0
32226,Male,Pune,Tier2,Mechanical,Embedded,Yes,Yes,8.17,8.11,8.47,8.09,8.53,8.18,9.07,8.07,8.37,69.8,1,1,2.0,2,0,66.2,3.1,47.8,53.6,0,High,1,0,18.87
6018,Female,Chennai,Tier3,Mechanical,DataScience,Yes,Yes,8.32,7.46,7.76,8.05,7.85,7.71,8.01,7.98,7.8,74.8,1,2,2.0,1,0,77.5,3.1,53.1,39.3,1,Mid,1,0,8.33
2792,Male,Ahmedabad,Tier3,CS,DataScience,No,Yes,4.95,5.22,5.13,5.55,4.49,4.67,4.78,5.26,4.91,71.3,0,1,0.0,1,0,44.3,2.1,29.6,35.2,0,Low,0,0,0.0
5824,Male,Kolkata,Tier2,EE,Networking,Yes,No,6.05,5.59,5.83,5.8,4.92,5.67,5.72,5.29,5.47,74.1,1,1,1.0,2,0,65.4,1.9,61.0,69.7,1,Low,0,0,0.0
15388,Female,Jaipur,Tier1,Mechanical,Embedded,Yes,No,8.12,8.39,8.48,9.01,8.82,8.94,8.61,8.78,8.6,65.7,2,3,3.0,4,1,91.2,4.4,77.7,84.1,1,High,1,0,22.89
39476,Male,Mumbai,Tier2,ECE,DataScience,No,No,6.07,6.5,5.93,5.81,6.29,5.57,5.98,5.97,9.74,74.4,3,5,1.0,2,0,98.1,2.7,95.1,46.8,0,Low,0,1,0.0
293,Male,Pune,Tier2,CS,DataScience,Yes,Yes,5.73,5.81,5.65,5.62,5.3,5.99,5.65,5.44,5.65,67.2,1,1,0.0,0,0,41.3,2.0,29.1,25.0,0,Low,0,0,0.0
16958,Female,Hyderabad,Tier1,Civil,Networking,Yes,No,7.41,7.73,6.99,8.1,7.63,7.34,7.19,7.3,7.5,80.1,1,4,2.0,3,1,87.4,3.9,81.6,87.6,1,Mid,1,0,8.82
30861,Male,Bangalore,Tier1,ECE,Networking,Yes,No,10.0,9.89,10.0,9.76,10.0,9.87,10.0,10.0,9.98,93.0,2,4,2.0,3,1,82.6,4.4,84.5,77.2,1,High,1,0,25.94
14074,Female,Mumbai,Tier3,Civil,Embedded,No,No,4.0,4.0,4.0,4.0,4.0,4.0,4.0,4.0,4.0,65.5,0,1,1.0,1,0,45.3,2.0,31.4,29.6,0,Low,0,0,0.0
21857,Female,Pune,Tier2,EE,AI,No,Yes,10.0,10.0,10.0,10.0,10.0,10.0,10.0,10.0,10.0,100.0,1,2,3.0,3,2,76.3,4.2,68.9,76.6,1,High,1,0,25.29
15826,Male,Kolkata,Tier1,Civil,Embedded,Yes,No,9.81,9.71,9.74,9.64,9.63,9.99,10.0,9.77,9.98,100.0,2,2,3.0,2,1,75.5,3.9,77.4,75.8,0,High,1,0,18.7
2742,Female,Delhi,Tier2,CS,AI,No,No,9.55,10.0,10.0,10.0,10.0,10.0,10.0,10.0,9.79,90.5,1,3,2.0,3,2,83.2,4.1,62.7,79.5,1,High,1,0,25.09
18049,Male,Pune,Tier2,IT,Networking,No,No,8.52,8.07,8.7,8.36,8.29,8.37,8.56,8.23,8.37,74.2,2,3,4.0,3,1,85.5,4.4,92.9,66.5,1,High,1,0,22.77
17373,Male,Hyderabad,Tier1,ECE,Networking,No,No,8.77,8.99,9.11,8.67,9.16,9.64,9.41,9.42,4.31,53.87401666,2,3,2.0,3,1,34.8,4.9,1.9,66.7,1,High,1,1,18.96
22022,Male,Hyderabad,Tier3,CS,DataScience,Yes,No,8.69,7.62,8.5,8.44,8.26,7.94,8.67,8.4,8.2,89.3,1,2,1.0,1,1,58.8,2.6,58.6,59.0,1,High,1,0,18.94
23538,Male,Ahmedabad,Tier3,IT,AI,No,No,5.54,5.75,5.61,5.28,5.51,4.97,5.29,5.37,5.47,61.5,0,0,1.0,0,0,48.3,2.1,26.5,40.8,1,Low,0,0,0.0
45500,Female,Chennai,Tier2,CS,DataScience,Yes,No,6.69,6.61,6.86,6.22,6.9,7.04,7.07,6.82,6.87,67.7,1,2,1.0,2,1,89.6,2.1,58.9,58.9,0,Mid,1,0,12.52
37892,Male,Bangalore,Tier2,CS,AI,No,No,8.14,8.26,8.6,8.33,8.13,8.27,8.38,8.74,8.54,100.0,2,4,2.0,3,2,82.9,4.0,81.1,67.5,1,High,1,0,22.26
26179,Male,Hyderabad,Tier2,CS,DataScience,Yes,Yes,7.38,7.46,7.24,7.28,7.59,7.82,7.55,7.51,7.62,73.0,0,2,1.0,2,0,75.2,2.8,51.6,47.8,1,Mid,0,0,0.0
45893,Male,Pune,Tier2,EE,Networking,Yes,Yes,7.08,7.01,6.9,6.99,6.26,7.12,6.82,7.35,7.18,86.7,1,2,1.0,2,1,54.5,1.5,52.4,57.6,0,Mid,0,0,0.0
20934,Female,Delhi,Tier3,CS,AI,Yes,Yes,7.73,7.58,7.99,7.82,8.04,7.99,7.63,7.84,7.71,65.0,1,3,2.0,2,0,63.6,2.1,58.1,50.4,1,Mid,1,0,9.41
40972,Male,Bangalore,Tier1,Mechanical,Networking,Yes,No,7.89,8.24,8.19,8.01,8.25,8.4,8.49,8.18,8.18,87.2,2,4,3.0,3,2,73.1,3.6,75.0,69.9,1,High,1,0,22.92
22225,Female,Bangalore,Tier3,Mechanical,Embedded,Yes,No,6.12,6.23,6.09,6.2,6.02,5.66,5.96,6.43,6.13,66.1,1,3,1.0,2,0,79.5,2.8,62.5,53.1,0,Low,1,0,3.3
34856,Male,Jaipur,Tier3,ECE,AI,Yes,No,7.77,7.75,8.25,8.18,8.03,8.16,8.41,8.16,8.14,72.2,1,2,2.0,2,0,81.1,3.1,56.7,57.3,0,High,1,0,18.26
38537,Female,Delhi,Tier1,ECE,DataScience,No,No,9.78,10.0,10.0,9.86,10.0,9.91,10.0,10.0,9.99,88.7,3,5,2.0,4,2,98.6,4.7,95.8,63.8,1,High,1,1,25.26
31756,Male,Kochi,Tier1,EE,Networking,Yes,No,8.75,8.76,8.31,8.93,8.32,8.76,8.13,8.46,8.69,98.1,3,3,3.0,4,2,71.0,3.0,75.5,65.5,1,High,1,0,18.97
7754,Male,Kochi,Tier2,IT,DataScience,No,No,7.27,7.2,7.49,6.94,7.18,7.67,7.35,7.71,7.42,75.4,1,2,1.0,1,0,63.5,2.8,52.3,56.3,1,Mid,1,0,8.11
26236,Male,Hyderabad,Tier2,CS,Networking,No,No,4.6,4.0,4.0,4.0,4.0,4.0,4.0,4.0,4.0,66.5,0,1,0.0,0,0,55.9,1.8,28.3,33.9,0,Low,0,0,0.0
18553,Male,Mumbai,Tier2,ECE,Embedded,Yes,No,5.37,5.5,5.39,5.74,5.65,5.76,5.39,5.67,5.63,73.4,1,1,1.0,2,0,56.1,3.2,58.9,53.3,1,Low,0,0,0.0
43137,Male,Chennai,Tier3,ECE,Networking,No,Yes,4.0,4.43,4.16,4.0,4.04,4.3,4.0,4.08,4.18,65.3,0,2,1.0,0,0,51.9,1.4,27.3,34.6,0,Low,0,0,0.0
36673,Male,Hyderabad,Tier2,ECE,Networking,Yes,No,8.81,8.83,9.24,8.44,9.01,8.72,8.4,8.21,8.85,87.3,1,3,3.0,3,1,84.3,3.9,88.0,68.4,1,High,1,0,22.76
43650,Male,Bangalore,Tier2,ECE,DataScience,No,No,6.35,5.17,5.98,5.95,6.3,6.0,6.65,5.92,6.03,63.5,1,0,2.0,2,1,65.4,2.9,52.4,48.6,0,Low,0,0,0.0
3941,Male,Ahmedabad,Tier3,Mechanical,Embedded,Yes,No,6.97,6.3,6.48,6.26,6.77,6.9,6.56,6.77,6.6,71.5,1,1,2.0,1,0,61.5,3.2,41.6,53.9,0,Mid,0,0,0.0
31497,Male,Chennai,Tier2,ECE,Embedded,No,No,5.98,5.8,6.03,6.01,6.15,5.56,5.92,6.16,5.93,65.9,1,1,2.0,2,0,56.5,3.5,57.5,43.0,1,Low,0,0,0.0
26594,Male,Bangalore,Tier1,ECE,DataScience,Yes,No,6.13,6.18,6.69,6.43,5.9,6.65,6.48,5.84,6.29,72.7,1,2,1.0,1,1,76.2,1.6,55.1,46.5,0,Low,0,0,0.0
23922,Female,Pune,Tier1,ECE,DataScience,Yes,No,8.65,8.73,8.94,9.22,8.68,9.76,9.03,9.12,9.19,99.7,1,2,3.0,4,2,67.8,3.4,76.1,72.2,1,High,1,0,25.46
26403,Male,Hyderabad,Tier2,CS,Networking,Yes,No,6.88,6.72,7.62,7.56,7.38,7.5,7.78,7.42,7.39,69.9,0,2,2.0,1,0,71.2,3.4,50.5,52.9,1,Mid,1,0,8.7
18316,Male,Hyderabad,Tier2,Mechanical,Networking,Yes,No,8.45,8.03,8.13,7.76,8.4,8.41,8.68,8.58,8.35,61.7,1,2,1.0,1,1,66.4,3.3,51.9,49.2,0,High,1,0,18.69
36894,Male,Mumbai,Tier2,ECE,DataScience,Yes,No,8.65,9.03,8.79,8.67,8.73,8.99,8.6,9.51,8.88,82.6,3,3,2.0,4,2,71.8,4.4,64.3,60.7,0,High,1,0,18.34
26696,Male,Hyderabad,Tier1,CS,AI,Yes,No,7.56,7.51,7.18,7.28,7.28,7.8,7.91,7.45,7.48,100.0,1,4,4.0,2,2,75.3,3.2,71.1,68.1,1,Mid,1,0,8.16
14171,Male,Bangalore,Tier2,EE,DataScience,No,No,7.7,7.71,7.23,7.07,7.73,7.78,7.26,7.18,7.6,86.1,1,2,2.0,2,0,58.3,2.9,51.5,50.0,1,Mid,1,0,8.35
7882,Male,Bangalore,Tier2,Civil,Networking,Yes,No,7.35,6.83,7.48,7.27,6.99,7.74,7.1,6.93,7.29,68.5,1,3,1.0,2,0,69.4,2.3,57.3,51.5,1,Mid,1,0,8.13
6017,Male,Bangalore,Tier1,EE,Embedded,Yes,No,8.47,8.23,8.33,8.19,8.06,8.92,8.07,8.68,8.34,92.9,2,2,2.0,5,1,86.9,3.4,74.7,64.9,1,High,1,0,22.08
49686,Male,Chennai,Tier3,CS,DataScience,Yes,No,8.38,8.31,8.8,8.16,8.46,8.97,8.26,8.16,8.46,84.3,0,2,1.0,2,1,60.7,2.1,54.9,60.4,1,High,1,0,18.59
4818,Female,Mumbai,Tier3,CS,DataScience,Yes,Yes,4.52,4.9,4.94,4.64,4.63,4.55,4.28,4.51,4.63,70.0,1,0,0.0,1,0,44.4,2.2,23.6,30.6,0,Low,0,0,0.0
41694,Male,Pune,Tier2,ECE,AI,No,Yes,5.8,5.9,5.78,6.1,5.54,5.62,5.83,5.69,5.7,54.9,0,1,0.0,1,0,47.7,1.4,24.8,25.0,0,Low,0,0,0.0
12008,Female,Pune,Tier3,ECE,Embedded,No,Yes,5.36,5.9,6.2,5.81,5.8,5.7,5.38,6.12,5.73,60.8,0,1,0.0,0,0,60.1,1.8,31.5,28.1,1,Low,0,0,0.0
41328,Male,Bangalore,Tier1,IT,AI,Yes,No,6.93,7.58,7.63,7.35,7.27,7.84,7.51,7.84,7.54,99.2,3,4,2.0,3,1,84.2,3.8,74.9,80.0,1,Mid,1,0,8.62
34063,Male,Pune,Tier2,Mechanical,AI,No,No,6.72,7.53,7.45,7.01,7.14,7.28,7.23,6.7,7.21,85.5,1,2,2.0,1,1,65.5,3.2,67.7,55.7,0,Mid,1,0,8.24
1391,Male,Hyderabad,Tier2,IT,AI,No,No,8.71,8.85,9.0,9.4,9.23,9.01,9.15,9.32,9.17,81.2,2,5,4.0,4,1,78.3,3.1,71.5,68.7,0,High,1,0,18.07
38250,Female,Delhi,Tier2,Mechanical,AI,Yes,No,7.77,7.53,7.25,7.35,7.49,7.78,7.46,8.13,7.73,79.6,1,2,1.0,2,0,59.8,2.7,42.2,53.7,1,Mid,1,0,8.76
37625,Male,Kolkata,Tier2,Civil,DataScience,No,No,6.32,6.3,6.66,6.44,6.81,6.91,6.63,6.03,6.47,70.7,0,2,1.0,2,1,48.5,1.7,52.2,45.4,1,Low,0,0,0.0
20835,Male,Kolkata,Tier2,ECE,DataScience,Yes,No,9.86,9.88,10.0,10.0,10.0,10.0,10.0,10.0,9.82,69.8,1,3,3.0,2,2,100.0,4.2,100.0,63.6,1,High,1,0,25.99
14758,Male,Pune,Tier3,CS,DataScience,Yes,No,5.68,6.81,6.13,6.29,6.27,6.33,6.48,6.29,6.2,82.2,0,0,2.0,1,0,75.2,2.3,54.4,53.5,0,Low,0,0,0.0
26397,Male,Hyderabad,Tier1,Mechanical,Networking,No,Yes,8.73,8.83,8.76,8.71,8.41,9.0,8.89,8.56,8.75,85.2,1,2,4.0,3,1,69.5,3.3,78.3,78.3,1,High,1,0,22.75
6809,Female,Pune,Tier2,EE,DataScience,No,No,8.6,8.51,7.85,7.87,7.71,8.05,8.37,8.56,8.15,73.1,1,3,2.0,3,1,92.3,4.2,87.1,69.6,1,High,1,0,22.61
9226,Male,Hyderabad,Tier3,ECE,AI,Yes,No,5.82,5.82,5.6,5.66,4.89,5.18,5.25,5.12,5.46,68.0,0,1,1.0,0,0,53.5,2.4,30.6,29.6,1,Low,0,0,0.0
48395,Female,Pune,Tier2,Mechanical,Embedded,Yes,No,8.69,9.78,8.7,8.44,9.15,9.08,8.99,9.09,8.94,83.6,1,3,2.0,2,1,75.9,3.6,45.9,49.8,1,High,1,0,18.82
6944,Male,Jaipur,Tier1,Mechanical,AI,Yes,No,9.73,10.0,9.89,9.68,10.0,10.0,10.0,10.0,9.97,82.4,2,2,3.0,3,1,85.3,4.8,80.6,71.4,1,High,1,0,25.53
23871,Male,Pune,Tier1,Civil,Embedded,Yes,Yes,6.56,6.82,6.19,6.79,6.55,6.76,6.78,7.29,6.82,90.9,1,1,2.0,3,1,65.6,2.1,59.7,54.7,1,Mid,0,0,0.0
36346,Male,Bangalore,Tier2,Mechanical,Embedded,No,No,8.56,8.86,8.98,9.0,8.84,9.54,9.47,8.65,8.98,93.6,3,4,3.0,2,2,92.7,4.7,71.8,70.4,0,High,1,0,18.68
10756,Male,Hyderabad,Tier3,Mechanical,Embedded,Yes,No,7.04,6.48,6.5,6.84,7.0,6.65,6.95,7.22,6.76,73.9,0,1,2.0,2,1,70.2,2.6,51.1,50.4,1,Mid,0,0,0.0
48387,Male,Hyderabad,Tier2,CS,AI,Yes,No,6.43,6.31,6.14,6.77,6.3,6.53,6.37,6.69,6.39,85.9,2,5,3.0,5,2,84.5,3.9,86.3,76.6,0,Low,1,0,3.74
42746,Male,Hyderabad,Tier1,IT,AI,Yes,No,9.02,8.18,8.51,8.64,8.92,8.67,8.8,8.99,8.67,80.8,1,4,2.0,3,2,69.7,4.5,88.6,72.9,1,High,1,0,22.75
29090,Female,Mumbai,Tier3,CS,AI,Yes,No,6.69,6.74,6.73,5.96,6.56,6.27,7.08,6.45,6.67,67.0,1,1,1.0,0,1,77.3,2.9,47.5,49.7,0,Mid,1,0,8.71
44713,Female,Kochi,Tier2,CS,AI,No,No,5.72,5.98,6.28,5.83,6.41,5.82,5.89,6.28,6.07,82.1,2,3,1.0,4,1,75.0,4.0,52.7,61.0,1,Low,1,0,5.99
24122,Male,Hyderabad,Tier1,EE,Networking,Yes,No,6.2,6.05,6.57,6.05,6.4,6.36,6.23,6.38,6.24,77.5,1,1,1.0,2,0,59.1,2.7,58.1,50.0,0,Low,0,0,0.0
1123,Female,Hyderabad,Tier3,CS,DataScience,Yes,No,5.61,5.83,5.83,4.91,5.63,5.65,5.86,5.25,5.34,59.6,0,1,1.0,1,0,57.6,1.5,29.6,27.4,0,Low,0,0,0.0
11265,Female,Mumbai,Tier2,Mechanical,AI,Yes,No,6.8,6.5,6.92,6.37,6.14,6.55,6.8,6.28,6.32,83.8,1,2,1.0,2,0,67.6,3.0,54.1,60.3,1,Low,1,0,6.39
48217,Female,Bangalore,Tier2,CS,DataScience,Yes,No,8.92,8.76,9.59,8.64,9.88,9.07,8.92,9.39,9.19,75.3,1,3,2.0,2,1,76.4,3.8,70.8,72.9,0,High,1,0,18.17
43045,Male,Ahmedabad,Tier3,EE,Embedded,Yes,No,6.35,5.81,6.07,5.93,5.58,6.2,5.63,5.82,5.87,57.1,0,1,1.0,1,0,54.1,1.2,26.9,25.3,0,Low,0,0,0.0
1901,Male,Pune,Tier2,EE,Embedded,No,No,7.5,7.43,8.1,7.77,7.97,7.62,7.87,7.63,7.71,74.9,0,1,2.0,1,1,65.8,2.4,52.5,67.6,0,Mid,1,0,8.96
148,Male,Hyderabad,Tier3,CS,AI,Yes,No,7.77,7.36,7.4,7.17,7.22,7.56,7.08,7.59,7.55,80.0,0,1,1.0,2,1,72.1,2.8,54.0,40.8,1,Mid,0,0,0.0
43851,Female,Mumbai,Tier2,CS,Embedded,Yes,Yes,8.62,8.82,8.49,8.58,8.84,8.71,7.71,8.78,8.5,77.2,0,2,2.0,1,0,62.3,2.1,50.7,41.3,0,High,1,0,18.5
2355,Female,Ahmedabad,Tier2,CS,AI,Yes,Yes,5.67,5.77,6.29,6.36,5.99,6.6,6.03,6.16,6.03,66.8,1,2,2.0,1,0,65.1,2.8,60.7,48.1,0,Low,0,0,0.0
46957,Male,Pune,Tier2,ECE,Networking,Yes,No,6.06,6.58,6.63,6.39,6.97,6.4,6.99,6.53,6.62,73.4,1,2,2.0,3,0,55.1,1.9,42.9,52.1,1,Mid,0,0,0.0
48791,Female,Ahmedabad,Tier2,Mechanical,Embedded,Yes,No,5.74,6.31,6.15,6.91,6.69,6.05,6.21,5.86,5.92,70.6,1,1,1.0,1,1,75.5,2.4,54.6,43.6,1,Low,0,0,0.0
36586,Female,Pune,Tier2,Civil,DataScience,Yes,No,9.14,9.25,8.73,8.96,9.48,9.62,10.0,9.33,4.03,50.84458196,1,3,3.0,3,2,34.0,4.8,4.2,90.1,1,High,1,1,18.21
10466,Male,Pune,Tier3,CS,Networking,Yes,No,8.88,8.67,8.74,9.36,9.22,9.1,9.57,9.52,9.2,73.2,2,2,1.0,2,1,77.5,2.7,57.0,54.9,1,High,1,0,18.58
7206,Male,Hyderabad,Tier1,IT,DataScience,Yes,No,4.64,5.22,5.81,5.5,5.37,5.5,5.33,5.16,5.29,87.1,2,4,3.0,4,2,67.2,5.0,80.8,59.0,1,Low,1,0,6.49
6414,Male,Jaipur,Tier2,CS,AI,Yes,No,5.79,5.99,6.07,5.69,5.5,5.96,5.97,5.47,5.89,74.9,1,2,2.0,1,0,66.6,3.1,63.7,47.0,1,Low,0,0,0.0
34047,Female,Kolkata,Tier2,EE,Embedded,No,No,7.18,6.57,6.45,7.09,5.82,6.4,7.1,7.39,6.86,78.7,0,1,1.0,1,1,67.9,2.4,49.6,53.7,1,Mid,0,0,0.0
12729,Female,Pune,Tier2,IT,DataScience,No,Yes,7.13,7.87,7.53,7.61,7.48,6.92,7.08,7.63,7.44,68.4,0,2,2.0,1,0,57.5,3.8,50.4,67.6,0,Mid,0,0,0.0
6926,Male,Pune,Tier1,IT,AI,No,No,10.0,9.99,10.0,10.0,10.0,10.0,10.0,10.0,10.0,88.8,2,4,2.0,4,1,79.2,4.5,67.5,63.9,0,High,1,0,18.27
27996,Male,Bangalore,Tier1,CS,AI,Yes,No,9.31,8.69,8.87,9.4,9.0,8.91,8.74,8.66,8.74,84.9,2,2,3.0,2,1,81.9,2.4,69.5,60.1,0,High,1,0,18.56
39484,Male,Hyderabad,Tier2,CS,DataScience,Yes,No,8.97,9.03,9.16,8.63,8.77,9.19,9.16,9.26,9.19,87.3,1,3,3.0,4,1,77.6,4.3,58.5,79.6,0,High,1,0,18.69
1641,Male,Kochi,Tier3,Civil,Networking,No,Yes,8.58,7.97,8.91,8.69,8.47,8.1,8.84,7.99,8.29,75.2,0,1,2.0,1,1,65.1,2.6,57.7,42.9,1,High,1,0,18.33
12970,Male,Bangalore,Tier2,CS,DataScience,No,No,9.19,9.23,9.3,9.88,9.08,9.07,9.62,9.08,9.18,92.7,2,3,3.0,4,2,98.1,4.0,84.8,87.5,0,High,1,0,18.31
44077,Male,Jaipur,Tier2,ECE,Networking,Yes,No,5.91,5.74,5.93,5.84,5.62,6.31,5.94,6.25,4.21,50.76365791,1,1,2.0,1,1,34.6,2.0,9.5,54.6,1,Low,0,1,0.0
4087,Male,Hyderabad,Tier1,CS,DataScience,Yes,No,9.68,10.0,9.49,9.55,10.0,10.0,10.0,9.92,9.95,87.4,2,3,4.0,3,1,73.2,2.7,80.7,70.5,1,High,1,0,18.66
509,Male,Hyderabad,Tier3,Mechanical,Networking,Yes,No,5.29,4.23,4.9,4.71,4.41,5.15,5.0,4.43,4.75,53.4,0,1,1.0,0,0,48.8,2.1,29.4,26.4,0,Low,0,0,0.0
6355,Male,Delhi,Tier3,CS,DataScience,No,No,6.32,6.33,6.3,6.52,6.3,6.46,6.29,5.76,6.39,54.5,1,1,1.0,1,0,44.9,1.5,29.1,25.4,1,Low,0,0,0.0
29645,Female,Bangalore,Tier1,CS,Networking,No,No,9.26,9.07,9.42,9.02,9.58,9.54,9.92,9.36,9.16,84.5,1,2,2.0,2,1,77.2,4.7,87.9,70.3,1,High,1,0,25.88
20816,Male,Chennai,Tier3,CS,DataScience,Yes,No,9.37,9.4,9.88,9.58,9.51,9.86,9.3,9.65,9.44,80.8,1,1,2.0,1,1,58.1,3.0,55.0,50.9,0,High,1,0,18.49
31990,Male,Bangalore,Tier2,ECE,Embedded,Yes,No,8.73,8.44,8.75,8.84,9.3,8.58,8.59,8.86,8.8,69.3,2,1,2.0,2,0,77.9,3.2,41.0,52.7,0,High,1,0,18.82
12996,Male,Mumbai,Tier3,IT,Embedded,Yes,No,5.39,5.3,5.0,5.35,5.17,5.24,5.29,5.51,5.34,61.6,0,1,0.0,1,1,47.0,2.9,23.8,34.4,0,Low,0,0,0.0
42502,Male,Mumbai,Tier2,Mechanical,AI,Yes,No,7.63,7.38,7.36,7.79,7.66,7.86,7.82,7.53,7.58,87.4,2,4,3.0,2,1,95.9,3.7,56.6,69.0,1,Mid,1,0,8.81
38921,Male,Hyderabad,Tier1,Mechanical,Networking,No,No,9.17,9.51,9.76,9.35,9.47,9.09,9.09,9.41,9.3,100.0,2,3,2.0,3,2,80.7,4.3,75.1,81.7,1,High,1,0,25.46
263,Male,Delhi,Tier1,Mechanical,DataScience,No,No,9.39,9.31,9.25,9.55,9.17,9.87,9.45,9.44,9.42,86.1,2,3,3.0,4,1,81.4,3.1,73.8,67.8,0,High,1,0,18.47
24115,Male,Pune,Tier1,Mechanical,Networking,Yes,No,9.92,10.0,9.85,10.0,10.0,10.0,10.0,10.0,10.0,84.2,2,3,3.0,4,1,97.1,4.7,63.6,77.3,1,High,1,0,25.75
13472,Male,Hyderabad,Tier1,ECE,Networking,No,No,7.4,7.57,7.91,7.32,7.43,7.57,7.34,6.77,7.28,75.0,1,2,2.0,1,0,68.0,3.1,56.8,63.8,0,Mid,1,0,9.23
10558,Male,Delhi,Tier3,Mechanical,DataScience,No,Yes,5.71,5.52,5.54,5.28,5.27,5.38,5.7,5.4,5.61,65.4,1,1,1.0,1,0,44.1,1.9,34.7,26.6,0,Low,0,0,0.0
6557,Male,Bangalore,Tier2,ECE,Embedded,Yes,No,9.49,9.2,9.02,8.86,8.89,8.64,9.07,8.65,9.11,65.9,0,1,2.0,0,0,67.6,3.3,55.8,43.6,0,High,1,0,18.49
45578,Female,Bangalore,Tier2,CS,Networking,No,No,8.12,8.2,8.17,8.27,8.2,8.51,8.21,8.8,8.31,76.2,2,3,3.0,4,2,89.4,5.0,79.6,68.8,1,High,1,0,22.77
41504,Female,Mumbai,Tier1,EE,Embedded,No,No,5.92,6.65,6.14,6.59,6.35,6.22,6.68,6.25,9.94,85.2,3,5,2.0,2,1,99.8,2.7,97.2,51.7,1,Low,1,1,5.56
27873,Female,Ahmedabad,Tier2,Mechanical,Networking,Yes,No,4.44,4.64,4.53,4.13,4.67,4.41,4.93,4.11,4.61,76.0,0,2,2.0,2,0,70.1,4.1,49.7,42.9,1,Low,0,0,0.0
10811,Male,Pune,Tier2,IT,Embedded,Yes,No,6.24,6.22,5.82,6.09,5.9,6.03,6.22,6.24,6.1,74.7,1,2,3.0,2,0,73.5,3.6,56.1,51.5,0,Low,0,0,0.0
38215,Male,Kolkata,Tier3,Mechanical,AI,No,No,8.3,8.52,8.52,9.22,8.75,8.65,8.73,9.25,8.76,79.9,1,2,2.0,0,1,75.9,2.2,46.1,55.4,1,High,1,0,18.28
11731,Female,Mumbai,Tier3,Mechanical,Embedded,No,No,6.51,6.93,6.63,6.96,6.88,7.54,7.0,6.82,6.8,71.7,1,1,2.0,1,1,71.2,2.2,58.9,52.3,1,Mid,1,0,8.59
27439,Female,Bangalore,Tier2,EE,Embedded,No,No,6.5,6.3,6.47,6.19,6.41,6.46,6.08,6.41,6.15,86.6,1,2,2.0,1,1,69.5,3.8,56.5,56.1,0,Low,1,0,3.77
21780,Male,Bangalore,Tier1,ECE,DataScience,Yes,No,9.57,10.0,10.0,9.61,9.81,10.0,10.0,9.48,9.69,84.7,1,3,1.0,3,1,73.3,3.3,63.7,74.3,1,High,1,0,25.68
22916,Male,Chennai,Tier1,EE,Embedded,No,No,8.41,7.89,8.26,8.63,8.27,8.68,8.38,8.38,8.38,68.3,0,2,1.0,2,0,65.7,3.4,52.7,49.3,1,High,1,0,18.3
8086,Male,Hyderabad,Tier1,ECE,Embedded,No,No,6.76,6.09,6.28,5.82,6.15,7.1,6.36,6.75,6.52,79.8,1,1,2.0,2,1,77.7,4.3,46.0,48.4,0,Mid,1,0,12.47
43468,Female,Mumbai,Tier1,ECE,Networking,Yes,Yes,8.2,9.12,8.72,8.38,9.06,8.93,9.18,8.78,8.74,86.8,2,4,3.0,3,1,82.2,4.6,85.5,87.1,1,High,1,0,22.81
15467,Female,Delhi,Tier3,EE,Embedded,Yes,No,6.39,5.63,5.72,5.84,5.75,5.45,5.5,5.57,5.8,66.7,0,1,1.0,0,0,59.2,1.5,26.5,38.3,0,Low,0,0,0.0
28749,Female,Hyderabad,Tier1,CS,Networking,Yes,No,7.22,7.07,7.16,7.37,7.41,7.25,6.95,7.52,9.86,88.3,3,5,2.0,4,1,100.0,3.8,95.7,61.4,0,Mid,1,1,8.21
3105,Female,Jaipur,Tier2,CS,AI,No,No,9.07,9.09,9.63,9.35,9.76,9.67,9.88,9.54,9.7,84.4,3,3,3.0,2,1,85.6,4.3,73.2,89.8,1,High,1,0,25.33
709,Female,Jaipur,Tier1,CS,DataScience,No,No,7.13,6.82,7.35,7.13,7.42,7.06,7.79,7.36,7.09,99.9,1,5,2.0,3,2,88.1,5.0,78.1,69.6,1,Mid,1,0,8.33
38386,Male,Delhi,Tier2,IT,Embedded,Yes,No,8.09,8.17,7.61,7.82,7.77,8.28,7.64,8.2,7.97,91.2,2,2,3.0,3,1,72.0,3.8,69.1,74.0,1,Mid,1,0,8.25
26511,Female,Kochi,Tier1,CS,DataScience,Yes,No,9.05,8.78,9.27,9.29,9.18,8.43,8.93,9.02,9.27,100.0,1,3,3.0,4,1,74.0,2.9,75.8,77.0,0,High,1,0,18.66
8467,Male,Hyderabad,Tier2,CS,Networking,Yes,No,7.67,7.64,7.41,7.38,7.49,7.47,7.36,7.38,7.6,87.2,1,2,2.0,2,0,60.4,2.2,58.1,55.5,1,Mid,1,0,8.41
6231,Female,Mumbai,Tier2,ECE,Networking,No,No,6.62,6.93,7.23,7.02,6.84,6.97,6.51,6.71,6.86,87.1,0,2,1.0,1,0,68.8,2.2,71.3,47.2,0,Mid,0,0,0.0
16387,Male,Hyderabad,Tier2,ECE,Embedded,Yes,No,8.28,8.77,8.27,9.0,8.75,9.01,8.26,8.66,8.52,95.4,2,4,3.0,2,2,73.0,5.0,76.6,78.2,1,High,1,0,22.95
4169,Male,Jaipur,Tier1,IT,DataScience,Yes,No,9.58,9.54,8.97,9.25,9.36,9.42,9.17,9.45,9.35,81.1,2,2,3.0,4,2,69.2,4.7,81.8,81.9,1,High,1,0,25.86
5804,Male,Kochi,Tier3,EE,DataScience,No,No,4.85,5.33,5.31,5.48,5.83,5.8,4.95,5.11,5.33,65.4,0,1,0.0,1,0,55.2,2.1,26.5,27.1,0,Low,0,0,0.0
12754,Female,Mumbai,Tier2,Mechanical,Networking,No,No,9.08,9.41,9.46,9.12,9.53,9.29,10.0,9.77,9.24,85.4,1,3,4.0,3,2,87.5,5.0,80.5,85.7,1,High,1,0,25.3
31728,Male,Hyderabad,Tier1,ECE,Embedded,No,No,6.03,6.88,6.31,6.1,7.06,7.01,6.77,6.4,6.6,72.3,3,3,3.0,3,2,79.3,5.0,72.3,72.8,1,Mid,1,0,10.63
19246,Male,Kolkata,Tier3,CS,DataScience,No,Yes,5.19,6.65,5.5,5.73,5.02,5.57,5.35,5.72,9.85,60.1,3,5,0.0,1,0,99.3,1.9,95.8,33.1,0,Low,0,1,0.0
37867,Female,Mumbai,Tier3,CS,Embedded,No,Yes,6.02,6.17,6.25,6.26,6.05,5.8,6.38,5.9,6.12,68.6,1,0,0.0,0,0,37.9,2.7,31.3,28.3,0,Low,0,0,0.0
43515,Female,Bangalore,Tier2,CS,DataScience,Yes,No,7.87,7.93,7.73,7.84,7.93,8.25,8.73,8.45,8.14,80.3,2,4,3.0,3,1,61.6,3.6,87.5,81.0,1,High,1,0,22.27
8719,Male,Bangalore,Tier3,CS,AI,No,No,6.38,6.67,6.21,6.11,6.87,6.32,6.61,6.64,6.43,61.6,0,1,0.0,1,0,47.4,2.5,25.9,27.5,1,Low,0,0,0.0
48253,Male,Delhi,Tier1,Mechanical,Networking,No,No,10.0,10.0,10.0,10.0,10.0,10.0,10.0,10.0,9.8,86.1,1,4,1.0,4,2,89.0,2.9,87.3,73.3,1,High,1,0,18.71
7202,Male,Bangalore,Tier1,CS,Embedded,Yes,No,8.39,8.66,8.63,8.16,9.03,8.79,8.99,8.48,8.68,85.8,3,1,4.0,3,1,75.6,4.7,83.4,84.6,1,High,1,0,22.75
9283,Male,Kolkata,Tier2,EE,DataScience,No,No,6.33,6.04,6.04,6.35,5.44,6.25,5.54,5.62,5.88,71.7,1,2,2.0,2,0,80.5,3.5,43.9,41.5,1,Low,0,0,0.0
27374,Male,Mumbai,Tier1,ECE,Embedded,No,Yes,7.14,7.16,7.59,7.58,8.51,7.39,7.82,7.42,7.69,79.4,1,2,1.0,2,1,60.6,2.2,61.7,46.4,0,Mid,0,0,0.0
45638,Male,Bangalore,Tier2,Civil,Networking,Yes,No,8.92,8.79,8.68,8.47,9.82,8.9,9.06,8.94,8.89,88.1,2,3,2.0,3,0,86.2,4.6,81.6,81.4,1,High,1,0,22.93
45880,Female,Pune,Tier2,IT,Embedded,Yes,No,8.44,8.15,8.48,8.31,8.14,8.76,8.14,9.14,8.34,83.9,1,3,2.0,5,1,82.9,3.8,78.0,49.2,0,High,1,0,18.76
29340,Female,Mumbai,Tier3,ECE,Embedded,Yes,No,7.92,7.8,8.04,7.31,7.67,7.75,7.48,7.44,7.67,76.0,1,2,3.0,2,0,62.0,2.4,60.8,53.3,0,Mid,1,0,8.22
10804,Male,Bangalore,Tier3,ECE,DataScience,Yes,Yes,5.03,6.13,5.37,5.36,5.13,4.82,4.76,5.15,5.21,59.3,1,1,0.0,1,0,40.2,1.5,29.5,27.6,0,Low,0,0,0.0
20965,Male,Mumbai,Tier2,CS,Networking,No,Yes,6.25,5.96,6.33,6.22,6.05,4.99,5.96,5.41,5.99,61.7,0,0,0.0,1,0,39.5,2.2,30.8,38.8,1,Low,0,0,0.0
30033,Female,Kolkata,Tier3,Mechanical,Embedded,Yes,No,6.84,6.95,7.46,6.48,7.4,7.0,6.77,6.25,6.89,61.2,1,1,0.0,1,0,46.4,1.1,25.3,29.4,0,Mid,0,0,0.0
660,Male,Bangalore,Tier3,Mechanical,Networking,Yes,No,7.22,7.71,7.88,7.68,6.98,7.47,7.71,7.54,7.68,83.3,1,2,1.0,1,1,53.6,1.9,60.9,50.6,0,Mid,1,0,8.2
33246,Male,Jaipur,Tier2,CS,Networking,Yes,No,6.98,6.7,7.42,7.02,7.42,6.93,7.54,7.63,7.17,65.9,1,2,2.0,2,1,58.2,2.9,55.2,56.4,1,Mid,1,0,8.95
5866,Female,Kolkata,Tier2,ECE,DataScience,No,No,7.08,6.95,6.64,7.0,6.94,7.55,6.96,7.12,9.99,67.1,3,5,1.0,2,0,99.7,3.8,95.7,49.8,1,Mid,1,1,8.11
28881,Male,Kochi,Tier1,Civil,Networking,Yes,No,6.8,6.7,6.63,7.04,6.98,7.15,7.1,7.39,6.89,97.7,1,3,2.0,2,0,63.1,2.9,55.3,46.3,1,Mid,1,0,8.82
47088,Male,Pune,Tier1,CS,Embedded,Yes,No,8.3,7.93,7.94,8.07,8.26,8.24,7.95,8.39,8.12,84.9,0,2,2.0,2,0,66.6,3.7,49.4,53.7,0,High,1,0,19.0
26528,Female,Kolkata,Tier2,CS,Embedded,Yes,Yes,5.33,5.14,4.76,5.05,5.22,5.0,4.95,5.0,9.72,52.3,3,5,0.0,0,0,98.6,2.2,96.5,31.5,0,Low,0,1,0.0
9648,Male,Mumbai,Tier2,ECE,Embedded,Yes,No,6.85,6.39,6.81,6.67,6.85,6.97,6.78,7.17,6.74,68.5,1,2,2.0,2,0,68.3,3.5,55.2,44.5,0,Mid,1,0,8.18
11712,Male,Hyderabad,Tier1,Mechanical,Embedded,No,No,6.89,7.12,6.64,7.0,6.83,7.17,7.49,7.8,7.18,84.8,3,3,4.0,2,2,66.5,3.9,63.8,86.2,1,Mid,1,0,8.59
18354,Female,Hyderabad,Tier3,ECE,AI,Yes,Yes,4.34,4.7,4.51,4.73,4.98,4.59,5.28,4.65,4.98,53.5,1,0,0.0,0,0,51.3,1.2,25.6,28.9,0,Low,0,0,0.0
49515,Female,Kochi,Tier2,Mechanical,Networking,Yes,No,8.86,8.47,8.13,7.7,8.19,8.37,8.21,8.24,8.25,82.8,1,2,2.0,1,0,64.6,2.9,54.0,63.4,1,High,1,0,18.39
25925,Female,Kolkata,Tier2,ECE,DataScience,Yes,No,6.94,7.61,7.17,7.25,6.9,7.1,6.97,7.41,7.12,83.6,1,3,2.0,1,0,73.1,2.9,45.5,58.9,0,Mid,1,0,8.56
4773,Male,Delhi,Tier2,CS,DataScience,Yes,No,9.88,9.85,10.0,10.0,9.98,10.0,10.0,10.0,9.77,94.7,2,3,4.0,2,1,65.2,4.7,92.1,89.5,1,High,1,0,25.91
35205,Male,Chennai,Tier2,IT,Embedded,Yes,No,8.78,9.84,9.1,9.65,9.54,9.33,9.24,9.94,9.45,100.0,2,3,4.0,4,1,78.4,5.0,91.1,54.9,1,High,1,0,25.28
27879,Male,Pune,Tier1,EE,AI,Yes,No,9.6,9.54,8.9,8.79,9.62,9.85,9.48,9.5,9.22,86.6,2,4,2.0,2,2,92.4,3.0,84.0,83.8,0,High,1,0,18.34
5875,Male,Delhi,Tier2,Mechanical,Embedded,No,No,7.9,7.33,7.63,7.59,8.22,7.8,7.66,8.25,4.31,53.43910707,1,3,1.0,2,0,32.3,2.6,0.3,48.2,1,Mid,1,1,8.86
17805,Male,Mumbai,Tier2,Civil,Networking,No,Yes,6.78,7.34,6.41,6.56,7.14,6.74,6.21,6.26,6.58,68.2,0,1,0.0,1,0,51.4,1.5,21.0,29.2,0,Mid,0,0,0.0
34224,Male,Ahmedabad,Tier1,IT,Networking,Yes,Yes,7.18,7.52,7.46,7.34,7.68,8.1,8.38,8.22,7.73,88.8,2,3,3.0,3,1,84.6,2.8,77.7,57.0,1,Mid,1,0,8.22
7842,Male,Delhi,Tier3,Civil,Embedded,Yes,No,5.43,5.65,5.39,5.27,5.34,5.86,5.52,5.06,5.55,85.3,0,1,1.0,2,0,61.3,3.1,52.3,48.1,1,Low,0,0,0.0
15923,Male,Chennai,Tier2,CS,Networking,No,No,8.74,7.83,8.33,8.86,9.29,8.91,8.83,9.1,8.66,94.4,2,4,4.0,3,1,85.7,4.8,66.9,71.1,0,High,1,0,18.4
28367,Male,Hyderabad,Tier2,IT,Networking,No,No,5.36,4.44,4.86,4.51,5.28,5.2,5.64,4.89,4.81,79.8,0,2,2.0,2,1,75.4,3.2,52.7,56.6,0,Low,0,0,0.0
20034,Female,Hyderabad,Tier2,ECE,Networking,No,No,4.81,5.03,5.18,5.42,5.38,5.71,5.0,4.81,5.2,77.3,1,2,2.0,2,1,55.4,2.5,55.8,51.5,1,Low,0,0,0.0
14488,Female,Hyderabad,Tier3,Mechanical,DataScience,Yes,No,5.66,6.1,5.56,5.13,5.87,5.84,5.54,5.54,5.78,56.0,0,1,0.0,0,0,43.0,1.3,25.4,21.1,0,Low,0,0,0.0
44236,Male,Mumbai,Tier2,Civil,Embedded,Yes,No,7.95,6.85,7.04,7.58,7.53,7.54,7.68,6.74,7.39,83.3,1,2,2.0,2,0,65.9,2.6,64.7,40.8,0,Mid,1,0,8.73
48651,Male,Ahmedabad,Tier2,ECE,Embedded,No,Yes,6.2,5.74,6.25,6.64,6.55,5.76,6.56,5.36,6.01,71.2,1,1,1.0,2,1,64.4,2.5,62.5,52.0,1,Low,0,0,0.0
21070,Male,Kochi,Tier2,Mechanical,AI,Yes,Yes,6.64,7.11,6.88,7.27,7.17,6.77,6.73,7.24,7.0,77.1,1,2,1.0,2,1,68.2,3.8,51.0,56.9,0,Mid,1,0,8.46
32756,Female,Kochi,Tier1,Mechanical,Networking,Yes,No,8.94,8.93,9.09,9.18,8.79,9.25,9.74,9.22,9.27,88.8,2,5,3.0,2,2,86.5,5.0,83.5,75.8,1,High,1,0,25.82
12054,Male,Chennai,Tier2,Civil,Networking,No,No,6.78,7.18,6.41,7.6,6.65,6.94,7.18,6.83,7.01,81.4,1,2,1.0,3,1,65.1,3.8,57.4,62.0,1,Mid,1,0,8.35
46977,Female,Ahmedabad,Tier3,CS,DataScience,Yes,Yes,8.52,8.45,8.48,8.47,8.37,8.9,8.77,8.87,8.58,61.2,1,2,2.0,2,1,63.1,2.7,45.9,40.5,1,High,1,0,18.88
16400,Male,Ahmedabad,Tier2,CS,Networking,No,Yes,6.5,6.5,6.47,6.41,6.26,6.65,6.4,6.01,6.42,65.8,0,1,1.0,1,0,54.5,1.6,30.9,29.5,1,Low,0,0,0.0
34616,Male,Hyderabad,Tier2,ECE,DataScience,Yes,Yes,4.95,5.18,4.62,5.2,5.36,4.92,5.14,4.74,4.92,73.4,1,2,2.0,2,1,65.0,3.5,44.0,51.0,1,Low,0,0,0.0
7625,Female,Ahmedabad,Tier1,CS,DataScience,No,No,7.77,7.6,7.68,8.33,8.35,7.31,7.57,8.47,8.09,75.6,1,2,1.0,2,1,68.9,2.3,56.1,55.5,0,High,1,0,18.94
13662,Male,Bangalore,Tier1,Mechanical,Networking,Yes,No,8.92,9.13,8.72,8.34,8.95,9.28,8.63,8.73,8.77,88.6,1,3,3.0,4,2,73.6,2.4,79.7,84.5,1,High,1,0,18.43
13268,Female,Bangalore,Tier2,CS,Embedded,No,Yes,6.32,7.0,6.39,6.34,6.58,6.69,6.13,6.76,6.39,67.6,1,0,1.0,2,1,76.6,2.0,51.7,63.0,1,Low,0,0,0.0
18083,Male,Mumbai,Tier3,Mechanical,Networking,No,No,7.15,7.59,7.49,6.58,7.08,7.61,7.55,7.0,7.18,78.6,1,2,2.0,1,1,66.3,3.4,60.5,44.4,0,Mid,1,0,8.88
42768,Female,Mumbai,Tier3,IT,AI,No,Yes,6.12,5.38,5.58,6.14,5.85,6.11,6.11,5.52,5.81,77.1,1,2,2.0,2,1,76.9,2.7,56.8,51.9,1,Low,0,0,0.0
4071,Male,Hyderabad,Tier1,ECE,DataScience,No,No,7.53,7.53,7.91,7.77,7.8,8.6,8.78,7.48,7.95,93.9,2,4,4.0,4,1,89.5,5.0,69.6,69.9,0,Mid,1,0,10.52
10075,Female,Jaipur,Tier2,Mechanical,AI,Yes,No,4.43,4.49,4.27,4.3,4.62,4.39,4.21,4.13,4.5,50.0,0,0,0.0,0,0,44.8,1.6,25.9,23.9,1,Low,0,0,0.0
11374,Male,Pune,Tier3,IT,AI,Yes,No,8.48,8.78,8.65,8.56,8.79,8.41,8.32,8.44,8.48,78.1,2,1,2.0,2,0,54.2,4.0,51.7,69.0,1,High,1,0,22.84
46434,Female,Bangalore,Tier3,EE,Networking,Yes,No,7.2,6.56,6.82,6.71,6.74,6.41,6.45,6.4,6.73,85.2,1,2,2.0,2,1,69.7,2.9,55.4,45.0,0,Mid,1,0,8.36
25350,Male,Delhi,Tier1,Civil,Networking,Yes,No,9.22,9.59,9.32,9.42,9.02,9.24,9.33,9.53,9.29,92.3,2,3,4.0,4,2,85.5,4.1,66.3,72.0,1,High,1,0,25.64
6716,Female,Mumbai,Tier2,Mechanical,Embedded,Yes,No,6.94,7.02,6.93,7.01,6.89,6.8,6.9,6.75,6.86,73.9,1,1,2.0,1,1,72.6,3.4,55.7,49.0,1,Mid,0,0,0.0
1031,Male,Bangalore,Tier2,ECE,Embedded,No,No,9.59,10.0,10.0,10.0,10.0,10.0,10.0,10.0,9.64,91.7,2,3,3.0,3,2,82.2,2.3,71.4,65.5,0,High,1,0,18.22
11762,Male,Kolkata,Tier2,IT,DataScience,Yes,No,7.97,8.02,7.48,8.06,8.25,8.42,7.86,8.34,8.15,96.5,1,3,4.0,3,1,94.8,5.0,65.3,74.7,1,High,1,0,22.44
35897,Male,Kolkata,Tier1,Mechanical,Networking,No,No,8.82,9.31,9.22,8.5,8.89,9.46,9.53,9.15,8.97,91.2,1,4,3.0,4,1,85.7,4.3,73.8,69.4,1,High,1,0,22.66
14493,Male,Ahmedabad,Tier1,CS,AI,No,No,9.17,8.7,8.69,8.87,9.62,9.03,9.07,9.48,8.83,98.8,2,3,3.0,4,2,77.1,3.2,91.4,68.1,1,High,1,0,22.48
20396,Male,Ahmedabad,Tier2,CS,Embedded,No,No,6.18,5.97,6.17,5.62,6.38,6.47,6.44,7.01,6.21,76.5,1,2,1.0,1,0,66.9,2.2,56.3,52.2,1,Low,0,0,0.0
4814,Male,Pune,Tier2,ECE,Embedded,No,No,7.88,7.32,7.9,7.94,7.88,7.79,7.83,7.66,7.71,86.3,0,2,2.0,3,0,71.7,3.4,62.3,60.2,1,Mid,0,0,0.0
8995,Female,Bangalore,Tier1,EE,DataScience,Yes,No,8.99,9.01,9.29,9.08,9.52,9.61,9.48,9.25,9.26,87.1,1,3,2.0,3,2,86.1,4.6,83.0,79.7,1,High,1,0,25.17
30243,Male,Chennai,Tier3,CS,DataScience,Yes,No,6.84,6.95,6.5,6.24,6.55,6.8,7.0,7.14,6.71,53.3,0,0,0.0,0,0,47.8,2.0,23.5,28.4,0,Mid,0,0,0.0
47579,Male,Mumbai,Tier2,ECE,AI,Yes,No,6.41,6.18,6.51,6.5,6.46,6.19,6.71,5.75,6.33,71.0,1,1,1.0,2,1,71.8,2.8,65.2,55.0,0,Low,1,0,3.03
24811,Male,Pune,Tier1,Mechanical,Networking,No,Yes,10.0,10.0,9.9,10.0,9.96,10.0,10.0,10.0,10.0,95.0,2,4,3.0,3,2,72.9,5.0,73.3,76.3,0,High,1,0,18.05
21110,Female,Pune,Tier2,IT,DataScience,No,No,5.96,5.87,6.46,5.72,6.08,5.72,6.08,6.21,5.97,82.7,1,2,2.0,2,1,63.2,2.0,40.1,51.8,0,Low,0,0,0.0
3698,Male,Ahmedabad,Tier2,Mechanical,AI,Yes,Yes,7.34,7.29,7.48,7.44,7.93,6.95,7.14,7.11,7.16,71.2,1,2,2.0,2,1,58.3,3.3,42.9,58.0,1,Mid,1,0,8.94
4470,Female,Mumbai,Tier3,IT,Embedded,No,No,6.19,5.41,4.95,5.38,5.74,5.77,5.38,5.17,5.53,50.0,0,0,0.0,0,0,51.6,2.2,36.2,27.4,0,Low,0,0,0.0
9808,Male,Kolkata,Tier1,CS,AI,No,No,7.93,8.18,7.59,7.17,7.99,7.42,8.18,7.63,7.66,72.5,1,2,2.0,2,1,78.8,3.8,39.5,58.3,0,Mid,1,0,12.01
6749,Female,Bangalore,Tier3,ECE,Networking,No,Yes,5.37,5.74,5.65,5.42,5.52,5.48,5.04,5.38,5.51,65.0,0,0,0.0,0,0,56.9,1.6,28.1,36.9,0,Low,0,0,0.0
49185,Male,Jaipur,Tier3,ECE,DataScience,No,No,7.09,7.01,7.07,7.32,6.87,7.34,7.43,6.74,7.04,91.9,1,1,2.0,2,0,62.0,2.7,64.1,50.7,0,Mid,0,0,0.0
36885,Female,Kolkata,Tier3,CS,AI,Yes,Yes,5.78,6.13,6.25,5.48,5.8,5.59,5.74,5.66,5.73,54.1,0,1,1.0,1,0,45.0,1.4,31.4,21.8,0,Low,0,0,0.0
32405,Female,Chennai,Tier2,CS,Networking,Yes,No,7.69,7.16,7.53,8.02,7.95,7.7,7.49,7.95,9.95,67.8,3,5,2.0,2,0,98.3,3.1,96.3,38.9,0,Mid,1,1,8.94
42455,Male,Kochi,Tier2,ECE,Embedded,Yes,No,6.18,5.94,5.55,6.22,6.04,6.28,5.7,6.13,5.83,67.3,1,2,1.0,2,1,64.9,2.5,62.6,59.6,1,Low,0,0,0.0
46066,Female,Bangalore,Tier2,EE,Networking,Yes,No,5.85,5.93,6.3,6.03,5.82,6.14,6.26,6.21,5.98,85.9,1,2,2.0,2,0,69.4,3.1,39.3,57.8,0,Low,0,0,0.0
11539,Male,Hyderabad,Tier1,IT,Networking,No,No,4.39,5.08,4.76,5.11,4.99,4.37,4.6,4.8,4.82,71.1,1,2,2.0,1,0,69.4,2.4,51.6,47.4,0,Low,0,0,0.0
2009,Male,Bangalore,Tier2,IT,AI,No,Yes,9.92,9.56,10.0,9.78,10.0,10.0,10.0,9.61,9.84,95.4,1,4,2.0,3,2,89.1,4.3,69.1,71.6,1,High,1,0,25.78
3222,Male,Pune,Tier1,Mechanical,Embedded,Yes,No,6.77,7.55,7.66,7.24,7.45,7.22,7.16,7.22,7.35,87.4,2,3,3.0,3,2,76.8,5.0,74.7,62.1,1,Mid,1,0,8.95
44997,Male,Chennai,Tier1,EE,Embedded,Yes,Yes,8.13,7.82,8.59,8.37,8.64,8.74,8.92,8.75,8.47,92.0,2,2,4.0,3,2,89.4,3.8,68.5,72.5,1,High,1,0,22.06
18763,Male,Pune,Tier1,IT,AI,No,No,6.76,5.75,5.81,5.41,6.5,6.03,6.16,6.11,6.12,79.2,1,2,1.0,2,1,58.4,2.2,63.3,52.0,0,Low,0,0,0.0
25081,Male,Pune,Tier3,CS,DataScience,Yes,Yes,4.95,4.49,4.71,4.65,4.5,4.87,4.44,4.6,4.59,58.0,1,1,1.0,1,0,43.6,1.7,29.0,26.0,1,Low,0,0,0.0
1823,Male,Jaipur,Tier2,EE,DataScience,Yes,No,6.87,6.97,7.15,7.67,7.54,7.0,6.87,6.96,7.11,70.8,0,2,3.0,2,1,77.3,2.0,54.9,51.5,1,Mid,1,0,8.68
6849,Female,Pune,Tier2,Mechanical,Networking,Yes,No,7.92,8.32,8.01,8.24,7.84,8.22,8.1,8.25,8.08,74.0,0,3,2.0,1,1,56.4,2.8,55.3,46.7,1,High,1,0,18.14
6096,Female,Delhi,Tier2,CS,DataScience,Yes,No,7.43,6.78,7.76,7.26,7.36,7.55,7.18,6.92,7.36,71.9,1,2,2.0,2,1,78.1,2.2,56.2,50.1,0,Mid,1,0,8.31
39249,Female,Delhi,Tier1,CS,AI,No,No,9.33,9.31,9.04,8.83,8.5,8.96,9.67,8.77,9.07,85.1,2,1,1.0,2,1,73.7,3.4,56.7,45.2,1,High,1,0,19.0
10578,Male,Bangalore,Tier3,CS,DataScience,Yes,No,4.96,4.91,5.37,4.92,5.0,4.71,4.92,5.16,4.93,60.5,1,0,1.0,0,1,38.5,1.6,30.2,25.5,0,Low,0,0,0.0
31075,Male,Hyderabad,Tier3,IT,DataScience,Yes,No,6.64,6.52,6.8,7.11,6.47,7.08,6.82,6.64,6.83,70.7,2,1,2.0,1,0,78.1,2.9,54.4,45.6,0,Mid,1,0,8.75
29113,Female,Hyderabad,Tier1,Mechanical,Networking,No,No,8.08,8.05,7.81,8.3,8.46,8.45,8.23,8.05,8.15,95.3,2,4,2.0,4,1,71.4,3.9,76.8,81.7,1,High,1,0,22.2
10193,Female,Hyderabad,Tier1,CS,Embedded,Yes,No,7.69,7.93,7.55,8.12,8.07,7.62,8.14,7.9,7.93,83.7,2,3,3.0,4,2,77.9,3.0,73.0,72.1,1,Mid,1,0,8.13
315,Female,Chennai,Tier3,CS,AI,No,Yes,5.01,4.98,4.41,5.25,4.54,4.69,4.87,4.53,4.8,61.8,1,1,1.0,1,0,41.2,1.5,27.2,32.7,0,Low,0,0,0.0
30746,Male,Kolkata,Tier2,CS,DataScience,No,No,6.8,6.25,5.92,6.45,6.77,6.39,6.01,6.19,6.15,57.7,0,1,0.0,0,0,47.6,2.2,30.3,38.3,0,Low,0,0,0.0
27659,Male,Chennai,Tier3,ECE,AI,No,Yes,5.08,5.07,4.71,4.99,4.76,5.09,4.9,5.43,9.96,59.7,3,5,1.0,1,0,96.5,2.0,95.7,26.6,0,Low,0,1,0.0
28376,Female,Bangalore,Tier2,Mechanical,Embedded,No,No,5.85,6.42,6.73,7.19,6.99,7.01,6.35,6.68,6.73,82.8,1,3,3.0,3,1,78.5,3.6,79.5,71.4,1,Mid,1,0,8.14
3086,Male,Bangalore,Tier2,CS,AI,Yes,No,6.94,6.36,6.68,6.93,6.6,6.83,7.03,6.78,6.87,62.3,1,1,2.0,1,1,64.3,3.3,70.7,47.3,1,Mid,1,0,8.72
49372,Male,Mumbai,Tier3,ECE,Networking,Yes,Yes,6.68,6.99,6.92,6.99,7.13,7.06,7.14,7.59,6.96,67.1,1,2,2.0,2,1,61.1,2.6,56.6,46.9,0,Mid,0,0,0.0
3752,Male,Delhi,Tier3,IT,DataScience,Yes,Yes,4.63,5.83,5.59,5.88,5.82,4.88,6.2,4.72,5.34,51.9,0,0,1.0,1,0,48.7,2.1,28.4,26.2,0,Low,0,0,0.0
29187,Male,Bangalore,Tier2,CS,AI,No,No,6.98,7.05,7.23,7.8,7.19,7.02,7.32,6.92,6.95,73.0,1,1,2.0,2,1,57.5,2.5,45.7,50.8,0,Mid,1,0,8.58
30709,Female,Hyderabad,Tier3,Mechanical,AI,No,No,6.76,7.39,7.54,6.59,7.06,7.05,6.76,6.74,6.99,74.1,1,3,1.0,2,0,72.5,3.9,51.5,47.5,0,Mid,1,0,8.59
20147,Female,Kochi,Tier3,CS,AI,No,Yes,6.27,6.79,6.58,6.25,5.55,6.39,6.31,6.2,6.24,66.5,0,0,0.0,1,0,44.6,1.2,31.1,31.9,1,Low,0,0,0.0
32250,Female,Bangalore,Tier2,ECE,Embedded,No,No,7.52,8.17,8.06,8.4,8.39,8.42,8.25,8.15,8.06,82.5,1,3,3.0,3,1,92.7,4.4,70.5,69.4,1,High,1,0,23.0
4970,Female,Bangalore,Tier2,ECE,Embedded,Yes,No,4.08,4.28,4.08,4.0,4.24,4.29,4.63,4.0,4.13,68.4,1,1,2.0,0,0,56.5,2.6,48.8,55.5,1,Low,0,0,0.0
30526,Male,Mumbai,Tier2,ECE,DataScience,Yes,No,5.11,5.28,5.03,5.17,5.06,5.13,5.74,6.23,5.25,80.6,1,1,2.0,3,0,60.9,3.1,62.8,44.2,0,Low,0,0,0.0
41837,Female,Kolkata,Tier3,ECE,Networking,Yes,No,6.0,6.2,5.75,6.21,6.63,6.09,6.34,5.74,6.15,53.0,0,1,0.0,0,0,54.9,1.8,32.3,27.4,0,Low,0,0,0.0
32753,Female,Delhi,Tier3,EE,Embedded,Yes,No,4.9,4.33,4.56,4.46,4.56,4.22,4.62,4.53,4.5,56.9,0,1,0.0,1,0,54.0,1.3,32.6,30.1,0,Low,0,0,0.0
20074,Male,Ahmedabad,Tier2,Civil,Embedded,No,No,9.74,9.96,10.0,9.98,9.51,9.8,10.0,10.0,9.81,81.1,0,2,2.0,2,1,67.1,3.5,52.3,49.4,1,High,1,0,18.11
26274,Male,Delhi,Tier1,EE,Networking,Yes,No,8.63,8.26,8.43,8.28,8.59,8.86,8.27,8.77,8.78,85.6,2,3,2.0,5,3,79.4,4.5,65.9,86.5,1,High,1,0,22.94
25534,Male,Chennai,Tier1,ECE,Networking,Yes,No,9.86,10.0,10.0,9.94,10.0,9.71,10.0,10.0,9.8,83.3,3,5,3.0,4,1,98.8,4.3,96.0,61.8,1,High,1,1,25.29
17522,Male,Ahmedabad,Tier3,ECE,Networking,Yes,No,6.52,6.7,6.57,6.32,5.98,6.86,6.58,6.08,6.5,82.2,1,1,1.0,2,0,65.4,3.2,58.1,52.8,0,Low,1,0,5.68
48788,Male,Delhi,Tier2,CS,Embedded,Yes,No,7.55,7.37,7.35,7.88,7.86,7.08,7.53,7.34,7.49,78.7,2,2,2.0,2,0,68.8,3.3,57.3,43.0,1,Mid,1,0,8.84
5087,Female,Kolkata,Tier2,ECE,Embedded,No,No,8.17,8.45,8.11,8.68,8.42,8.71,8.87,9.14,8.42,76.1,1,2,1.0,2,0,55.0,3.3,52.7,54.0,0,High,1,0,18.88
17253,Male,Kolkata,Tier2,Civil,DataScience,Yes,No,5.81,5.82,6.33,6.56,6.39,6.14,5.72,6.2,6.17,78.1,1,2,2.0,2,0,76.7,2.8,38.8,46.4,1,Low,0,0,0.0
4040,Female,Hyderabad,Tier1,ECE,Embedded,Yes,No,7.94,8.07,8.69,8.72,8.23,8.42,8.73,8.47,8.48,83.9,2,2,1.0,2,1,65.5,3.3,56.5,60.2,0,High,1,0,18.41
18387,Male,Kolkata,Tier2,CS,AI,No,No,7.15,7.09,6.68,7.08,7.12,6.3,7.36,7.09,6.93,62.8,1,2,1.0,1,1,77.9,2.6,54.0,52.8,1,Mid,1,0,8.44
880,Male,Chennai,Tier1,CS,AI,Yes,No,9.85,9.96,10.0,10.0,10.0,10.0,10.0,10.0,10.0,80.7,1,2,3.0,2,2,75.2,4.7,62.8,73.0,0,High,1,0,18.06
23299,Female,Bangalore,Tier1,IT,Embedded,No,No,8.28,8.54,8.37,9.04,8.83,9.36,8.64,9.24,8.84,84.6,2,3,4.0,3,2,97.5,4.1,68.8,66.6,1,High,1,0,22.33
29753,Female,Kochi,Tier2,ECE,Networking,Yes,Yes,5.87,6.08,5.55,5.56,5.67,5.92,5.31,5.07,5.82,57.5,0,1,1.0,0,0,53.1,1.8,27.0,28.5,0,Low,0,0,0.0
30173,Male,Chennai,Tier3,Mechanical,DataScience,No,No,6.8,5.84,6.39,6.63,6.78,6.6,6.68,6.55,6.54,73.0,1,2,1.0,2,1,56.4,2.3,46.9,47.1,1,Mid,1,0,8.64
18864,Male,Delhi,Tier1,ECE,Networking,Yes,No,7.23,7.09,6.99,7.68,7.09,7.25,7.25,7.8,7.2,70.5,2,3,3.0,3,2,68.5,5.0,73.0,69.9,0,Mid,1,0,12.16
43344,Female,Hyderabad,Tier2,Mechanical,Embedded,Yes,Yes,5.19,5.65,5.95,5.4,6.04,6.43,5.59,5.35,5.75,68.2,1,1,2.0,2,0,62.5,3.0,61.9,51.8,0,Low,0,0,0.0
34211,Female,Kochi,Tier2,ECE,Embedded,Yes,No,7.37,7.65,7.63,7.33,7.56,7.42,7.29,7.25,7.53,80.8,0,2,1.0,2,1,53.1,3.0,53.4,63.9,1,Mid,1,0,8.8
26084,Male,Bangalore,Tier3,CS,Networking,Yes,No,4.19,4.07,4.29,4.55,4.0,4.15,4.0,4.0,4.05,64.8,0,1,0.0,0,0,54.7,2.8,32.1,30.0,0,Low,0,0,0.0
22226,Female,Pune,Tier2,CS,Networking,Yes,Yes,6.5,5.84,5.91,6.58,6.27,5.89,6.33,5.81,6.08,63.7,1,2,1.0,1,1,67.3,2.8,52.3,45.6,1,Low,0,0,0.0
44692,Female,Jaipur,Tier2,CS,DataScience,Yes,No,6.28,6.66,6.72,6.76,6.4,6.93,6.59,6.45,6.61,75.3,1,2,1.0,2,0,75.6,2.5,47.5,54.2,0,Mid,1,0,8.14
43240,Female,Kolkata,Tier2,CS,AI,Yes,No,7.3,6.81,7.2,7.6,6.69,7.02,7.32,7.08,7.12,79.9,2,3,3.0,3,1,73.1,2.1,74.0,84.9,0,Mid,1,0,10.74
23860,Male,Hyderabad,Tier2,Mechanical,Networking,No,No,9.95,9.91,9.95,10.0,9.77,10.0,10.0,9.76,9.8,93.0,3,3,4.0,2,2,93.0,4.8,70.9,89.1,0,High,1,0,18.96
33876,Male,Ahmedabad,Tier3,ECE,Embedded,Yes,No,10.0,10.0,10.0,9.66,10.0,10.0,10.0,9.89,9.96,78.4,1,2,1.0,2,1,69.8,3.1,55.5,56.5,0,High,1,0,18.1
48105,Female,Delhi,Tier3,CS,AI,Yes,No,5.79,5.3,5.42,4.91,5.01,5.41,4.63,4.6,10.0,71.3,3,5,1.0,1,0,98.8,1.7,97.5,27.9,1,Low,0,1,0.0
23450,Male,Hyderabad,Tier2,Civil,DataScience,Yes,No,10.0,9.84,9.48,9.49,9.71,9.45,9.87,10.0,9.6,94.0,2,4,2.0,3,2,80.7,4.5,74.5,75.0,1,High,1,0,25.91
6624,Male,Hyderabad,Tier2,Civil,Embedded,No,No,8.46,7.85,8.13,8.48,8.25,8.59,8.15,8.33,8.28,73.1,0,2,2.0,2,1,66.8,2.5,49.9,57.1,0,High,1,0,18.34
38265,Female,Jaipur,Tier2,Mechanical,Networking,Yes,No,6.94,7.17,6.82,7.21,6.61,6.85,7.05,7.15,6.87,66.5,1,1,2.0,2,0,78.2,2.9,49.7,45.5,1,Mid,1,0,8.08
26242,Male,Ahmedabad,Tier2,CS,AI,Yes,No,6.17,6.04,6.71,5.94,6.17,6.28,6.87,6.62,6.52,71.9,2,2,1.0,1,0,75.1,3.4,65.9,36.9,1,Mid,1,0,8.87
47592,Male,Hyderabad,Tier1,ECE,Embedded,No,No,8.36,8.03,8.05,8.28,8.46,8.72,8.44,8.48,8.31,88.1,2,3,2.0,3,1,81.1,4.1,84.5,59.7,0,High,1,0,18.18
24156,Male,Pune,Tier1,IT,AI,Yes,No,10.0,9.83,10.0,10.0,10.0,10.0,9.85,9.83,9.85,77.7,1,3,3.0,3,0,72.7,4.1,90.2,59.2,0,High,1,0,18.25
32059,Male,Hyderabad,Tier2,CS,DataScience,Yes,Yes,6.22,5.84,6.3,6.1,6.31,5.95,5.49,5.77,5.96,63.0,0,1,1.0,1,0,52.2,1.5,29.7,35.1,0,Low,0,0,0.0
9332,Female,Hyderabad,Tier3,IT,Networking,Yes,No,7.06,7.34,6.37,6.69,6.58,6.88,6.61,6.65,6.83,79.5,1,2,2.0,2,1,68.7,2.9,45.7,60.0,0,Mid,1,0,8.73
43565,Male,Hyderabad,Tier1,ECE,DataScience,No,No,8.51,8.32,8.18,8.22,8.54,8.49,8.06,8.72,8.31,83.4,1,4,4.0,2,1,77.2,5.0,83.4,90.0,1,High,1,0,22.67
47063,Female,Hyderabad,Tier1,ECE,Embedded,Yes,No,8.19,8.11,8.87,8.61,8.36,8.95,8.7,8.4,8.67,89.7,3,4,3.0,3,2,68.4,4.5,64.3,84.0,1,High,1,0,22.06
999,Female,Chennai,Tier3,IT,DataScience,No,Yes,5.24,6.05,5.66,5.49,5.38,5.31,6.01,5.7,5.71,67.5,1,0,1.0,0,0,46.7,2.4,24.5,29.6,0,Low,0,0,0.0
36438,Male,Bangalore,Tier1,Civil,Networking,No,No,8.94,8.52,8.43,8.86,8.77,8.93,8.78,8.6,8.73,97.6,2,3,3.0,3,2,68.5,2.9,82.3,68.5,1,High,1,0,18.34
22811,Female,Jaipur,Tier1,ECE,Networking,Yes,No,7.49,7.23,7.5,7.58,8.03,7.27,7.93,8.05,7.84,66.4,1,1,1.0,2,1,60.0,3.7,47.3,49.2,0,Mid,1,0,8.28
7143,Male,Jaipur,Tier1,Mechanical,Embedded,No,No,6.08,5.33,5.59,5.75,5.94,6.02,5.52,5.69,5.99,71.8,1,2,2.0,2,1,83.2,3.8,56.6,58.2,0,Low,1,0,5.97
4789,Male,Delhi,Tier2,IT,DataScience,Yes,No,8.37,8.45,8.5,8.96,8.17,8.19,8.4,8.74,8.33,82.2,0,2,2.0,2,0,66.7,2.3,54.3,55.3,1,High,0,0,18.35
20084,Male,Bangalore,Tier1,Civil,AI,Yes,No,6.93,6.88,7.24,6.67,6.84,6.45,6.66,6.26,6.78,71.3,1,2,2.0,2,0,60.9,3.3,62.3,50.0,1,Mid,0,0,0.0
10824,Female,Pune,Tier1,CS,AI,Yes,No,8.02,7.58,7.55,7.98,8.23,8.36,8.04,7.65,7.8,85.1,2,4,2.0,3,1,81.7,3.9,73.3,83.2,1,Mid,1,0,8.82
15595,Female,Ahmedabad,Tier1,IT,DataScience,Yes,No,8.18,8.15,7.9,7.86,8.22,7.66,8.19,8.0,8.04,89.9,2,3,4.0,3,2,66.6,4.3,83.2,64.9,1,High,1,0,22.36
21912,Female,Bangalore,Tier2,CS,Embedded,Yes,No,8.82,8.85,8.91,8.31,8.55,8.49,8.41,8.73,8.63,91.0,2,3,2.0,4,2,76.2,4.5,89.6,90.7,1,High,1,0,22.45
11869,Male,Bangalore,Tier2,ECE,Networking,Yes,No,6.38,6.21,5.99,6.04,6.45,6.11,6.77,6.43,6.25,93.6,1,2,2.0,2,0,62.3,3.2,61.7,52.2,0,Low,0,0,0.0
11322,Male,Jaipur,Tier1,ECE,Networking,Yes,No,9.29,8.7,8.65,8.67,8.79,8.84,8.74,8.98,8.82,78.6,0,2,1.0,1,1,63.9,3.5,60.1,63.5,1,High,1,0,22.62
44212,Male,Hyderabad,Tier1,IT,DataScience,Yes,No,9.65,9.14,9.3,9.42,10.0,9.56,9.85,9.65,9.5,99.4,2,4,2.0,3,2,71.2,3.6,70.3,73.8,0,High,1,0,18.94
24615,Female,Kolkata,Tier2,Civil,Embedded,No,No,5.53,5.67,5.72,5.42,5.55,5.78,6.08,5.97,5.65,83.2,1,2,2.0,2,1,60.5,3.4,65.4,44.8,1,Low,1,0,4.45
12006,Female,Ahmedabad,Tier2,Civil,DataScience,No,No,6.32,6.85,6.38,6.1,6.72,5.78,6.9,6.47,6.44,69.9,1,1,0.0,1,0,46.7,1.1,24.3,30.9,1,Low,0,0,0.0
4614,Female,Chennai,Tier1,ECE,AI,Yes,No,9.58,9.16,9.11,10.0,8.96,9.76,9.4,9.74,9.54,64.8,2,2,3.0,3,1,89.2,4.8,71.0,100.0,1,High,1,0,25.18
36760,Female,Pune,Tier1,CS,Networking,Yes,No,8.57,8.33,8.31,8.69,8.52,8.96,8.81,9.45,8.75,84.4,2,4,3.0,3,1,96.4,5.0,78.5,86.1,1,High,1,0,22.67
31459,Male,Bangalore,Tier2,CS,Networking,No,No,7.88,7.43,8.16,7.99,7.81,7.79,7.29,8.17,7.84,75.6,1,1,1.0,2,1,56.3,4.3,54.4,59.9,1,Mid,1,0,8.55
44953,Male,Hyderabad,Tier2,ECE,Networking,No,No,7.8,8.11,8.29,7.72,8.2,7.52,8.15,8.16,8.07,64.6,1,1,2.0,2,1,79.5,2.2,55.3,47.9,1,High,1,0,18.56
4348,Female,Delhi,Tier1,CS,Embedded,No,No,7.57,7.26,7.16,7.06,7.82,7.28,7.47,7.75,7.37,69.6,1,2,2.0,2,1,70.8,1.7,52.0,53.3,1,Mid,1,0,10.11
39328,Female,Mumbai,Tier1,ECE,DataScience,Yes,No,9.01,8.82,8.27,8.77,8.34,9.27,8.49,9.07,8.66,93.2,2,2,3.0,2,1,95.2,4.3,79.6,84.1,1,High,1,0,22.07
49923,Female,Chennai,Tier1,EE,AI,Yes,No,10.0,10.0,10.0,10.0,10.0,10.0,9.9,10.0,9.86,95.3,2,4,4.0,3,1,85.1,3.5,57.2,89.7,1,High,1,0,25.27
22394,Female,Ahmedabad,Tier2,Civil,Networking,No,No,8.12,7.99,7.86,8.94,8.07,8.38,9.38,8.82,8.5,86.2,1,4,4.0,3,2,89.0,3.8,90.5,79.4,0,High,1,0,18.98
3157,Female,Jaipur,Tier3,IT,Embedded,Yes,No,5.94,5.85,5.53,6.37,6.16,5.9,5.92,5.75,5.78,60.5,0,0,1.0,1,0,50.2,1.6,22.6,26.9,0,Low,0,0,0.0
37224,Female,Kolkata,Tier3,EE,Embedded,No,No,5.53,4.86,5.25,5.0,5.02,4.97,5.11,5.21,5.25,61.2,0,1,0.0,0,0,41.9,1.3,31.9,31.6,0,Low,0,0,0.0
13479,Male,Hyderabad,Tier2,CS,AI,Yes,Yes,5.89,5.74,6.58,5.9,5.98,5.78,5.12,5.28,5.64,74.0,1,1,2.0,2,1,67.4,3.3,46.5,50.8,1,Low,0,0,0.0
13872,Female,Bangalore,Tier2,ECE,DataScience,No,No,8.73,9.09,9.18,9.6,8.81,9.43,9.01,9.46,9.29,100.0,1,3,3.0,3,2,100.0,3.1,74.9,68.6,1,High,1,0,25.19
25330,Male,Kochi,Tier2,CS,DataScience,No,No,7.08,7.49,7.64,7.94,7.27,7.49,7.17,7.11,7.54,79.5,1,2,1.0,2,1,87.2,1.4,48.5,49.1,0,Mid,1,0,8.12
44685,Female,Pune,Tier1,IT,Embedded,No,Yes,6.86,6.33,6.86,6.8,6.74,6.62,6.98,6.97,6.88,76.7,1,2,2.0,2,0,67.3,3.7,59.1,61.3,0,Mid,0,0,0.0
35034,Male,Hyderabad,Tier3,ECE,Embedded,Yes,Yes,7.97,8.26,8.0,7.86,7.74,7.66,8.58,7.8,7.9,82.9,1,1,2.0,1,0,50.5,2.5,41.8,52.4,1,Mid,0,0,0.0
7531,Male,Hyderabad,Tier1,Mechanical,AI,Yes,No,7.61,8.02,7.89,7.52,7.88,7.9,8.2,7.64,7.83,79.4,1,4,4.0,3,1,71.4,3.6,78.7,66.4,1,Mid,1,0,12.7
32949,Female,Kolkata,Tier3,EE,Networking,No,No,8.56,8.85,8.6,8.4,8.46,8.73,8.83,8.76,8.65,79.2,2,2,1.0,2,0,61.8,2.6,55.3,45.9,1,High,1,0,18.36
30878,Female,Hyderabad,Tier2,CS,AI,Yes,No,7.02,7.02,7.75,7.24,7.21,7.6,7.47,7.07,7.3,97.9,2,3,3.0,3,2,72.0,3.5,57.0,78.4,0,Mid,1,0,8.66
29931,Male,Delhi,Tier3,Civil,Embedded,Yes,No,5.52,6.01,5.57,6.05,5.57,5.33,6.08,5.7,4.42,50.73290824,0,2,1.0,2,1,31.2,2.7,1.7,52.5,0,Low,0,1,0.0
23416,Female,Kochi,Tier2,Civil,AI,No,No,7.5,7.19,7.14,6.81,7.3,7.37,7.07,6.88,7.04,81.5,1,2,2.0,3,0,60.2,3.8,51.3,45.1,0,Mid,1,0,8.72
6060,Male,Bangalore,Tier3,EE,Embedded,Yes,Yes,5.33,4.94,5.15,5.01,4.79,4.78,4.81,4.84,5.08,59.7,0,0,0.0,0,0,54.8,2.5,29.3,29.6,0,Low,0,0,0.0
23680,Female,Hyderabad,Tier1,Civil,Embedded,Yes,No,8.71,8.59,9.0,8.59,8.54,9.24,8.78,9.31,8.91,83.5,2,2,3.0,3,2,97.2,3.6,80.3,78.1,0,High,1,0,19.0
6949,Male,Chennai,Tier2,Mechanical,DataScience,Yes,No,5.23,5.0,5.04,5.51,5.36,4.57,4.46,4.81,9.79,69.3,3,5,1.0,0,0,96.9,2.4,99.7,28.2,1,Low,0,1,0.0
30096,Female,Mumbai,Tier3,ECE,Networking,No,No,5.84,5.91,6.01,6.45,5.94,5.89,5.75,5.47,5.87,69.3,0,0,0.0,0,0,52.1,1.8,28.4,25.2,0,Low,0,0,0.0
49599,Male,Hyderabad,Tier1,Mechanical,Embedded,No,Yes,7.65,7.19,7.06,7.69,7.66,8.21,7.47,7.2,9.9,83.3,3,5,2.0,1,1,99.1,2.1,99.8,56.3,1,Mid,1,1,10.53
21351,Female,Chennai,Tier1,Civil,Networking,Yes,No,7.67,7.6,8.12,7.64,8.01,7.19,8.07,7.81,7.8,87.5,2,4,3.0,2,2,84.4,5.0,64.5,74.4,1,Mid,1,0,8.48
49751,Male,Bangalore,Tier1,CS,Embedded,No,No,9.95,9.6,10.0,10.0,10.0,10.0,10.0,10.0,9.97,96.1,2,3,4.0,3,1,85.0,3.9,82.2,74.9,1,High,1,0,25.82
34432,Female,Mumbai,Tier2,Mechanical,Networking,Yes,No,4.69,4.37,5.17,4.62,4.29,4.54,4.0,4.57,4.55,61.9,0,0,1.0,0,0,50.2,1.5,28.0,33.7,1,Low,0,0,0.0
24455,Male,Bangalore,Tier3,IT,DataScience,No,No,7.74,7.27,8.12,7.66,7.06,7.62,7.21,7.89,7.55,64.2,0,2,2.0,1,0,55.2,3.6,50.5,52.7,0,Mid,1,0,8.89
18578,Male,Kochi,Tier2,ECE,Networking,Yes,No,6.43,6.77,6.66,6.34,6.55,7.35,6.76,6.83,6.63,65.6,1,1,1.0,2,1,82.9,3.3,52.2,63.3,1,Mid,1,0,8.74
47853,Male,Chennai,Tier1,ECE,Embedded,No,No,9.3,9.37,9.63,9.81,9.17,9.76,9.87,10.0,9.38,87.8,2,4,2.0,3,1,91.4,3.8,70.5,59.4,0,High,1,0,18.79
29183,Female,Kochi,Tier1,Mechanical,DataScience,Yes,Yes,8.73,8.25,8.2,7.9,8.57,8.01,8.0,8.39,8.38,67.6,1,2,1.0,1,0,64.6,2.0,55.5,54.1,0,High,0,0,0.0
5947,Male,Bangalore,Tier1,ECE,DataScience,Yes,No,5.55,5.72,5.44,5.63,5.26,5.81,5.9,5.71,5.58,100.0,1,3,4.0,3,2,71.8,4.7,78.6,61.7,1,Low,1,0,5.58
19487,Male,Kolkata,Tier2,CS,Networking,Yes,Yes,5.94,5.87,5.77,6.25,5.58,5.42,5.99,6.12,5.68,57.9,0,1,1.0,0,0,57.2,2.3,34.7,32.7,0,Low,0,0,0.0
15385,Female,Delhi,Tier3,Mechanical,Embedded,Yes,No,4.73,4.44,4.56,5.1,4.66,4.0,4.45,4.48,4.58,63.1,0,1,0.0,0,0,46.0,2.2,24.1,26.0,0,Low,0,0,0.0
41100,Male,Hyderabad,Tier2,IT,DataScience,No,No,5.88,6.65,6.51,5.95,5.81,6.51,6.17,6.46,4.37,51.37479403,1,2,2.0,2,1,31.9,3.8,2.1,43.4,0,Low,1,1,3.58
11646,Male,Mumbai,Tier2,EE,Networking,Yes,Yes,9.09,9.23,8.37,8.48,9.0,8.7,8.41,8.89,8.71,84.5,2,2,4.0,4,2,100.0,3.9,77.3,78.7,0,High,1,0,18.42
24391,Female,Kochi,Tier3,CS,DataScience,No,Yes,5.32,4.95,4.63,5.08,5.71,5.13,4.78,4.67,4.95,72.9,0,1,0.0,0,0,50.9,2.2,21.8,24.4,1,Low,0,0,0.0
47436,Male,Hyderabad,Tier2,Civil,Embedded,Yes,No,6.4,6.13,6.94,6.95,6.92,6.76,6.64,7.23,6.78,100.0,3,3,3.0,2,1,84.4,4.8,77.0,69.2,1,Mid,1,0,8.45
45341,Male,Kolkata,Tier3,ECE,Networking,No,No,6.32,6.43,6.19,6.02,6.49,5.97,6.36,6.0,6.26,78.4,1,2,1.0,2,0,58.5,3.5,57.7,55.1,0,Low,1,0,3.59
42591,Female,Pune,Tier2,CS,DataScience,Yes,No,6.71,6.99,6.65,6.95,7.34,7.23,7.29,7.63,7.15,95.4,2,2,3.0,3,2,89.0,5.0,74.3,88.3,1,Mid,1,0,8.67
29498,Female,Delhi,Tier1,IT,AI,Yes,No,9.08,9.56,8.66,9.44,8.84,9.01,9.73,9.79,9.22,87.2,2,5,4.0,3,1,79.4,3.3,82.9,75.6,1,High,1,0,25.91
4363,Male,Hyderabad,Tier1,ECE,Networking,No,Yes,7.97,7.76,8.04,7.85,7.83,8.15,8.14,8.1,8.08,85.7,1,1,2.0,2,0,77.4,3.6,45.1,61.6,0,High,1,0,18.67
3427,Male,Bangalore,Tier3,CS,Embedded,Yes,No,8.18,7.77,7.95,7.65,7.81,7.7,8.04,8.1,7.9,65.6,1,2,2.0,2,0,83.1,3.7,51.8,57.4,1,Mid,1,0,8.02
20269,Male,Jaipur,Tier2,Mechanical,Embedded,Yes,No,7.25,7.83,8.09,7.93,7.64,7.71,6.81,7.71,7.57,78.7,1,3,2.0,2,0,68.9,3.3,62.0,57.9,0,Mid,1,0,10.71
47945,Male,Hyderabad,Tier2,EE,Embedded,No,No,6.66,6.75,7.07,6.89,6.85,7.03,7.25,6.07,6.76,67.3,2,1,2.0,2,1,62.8,3.5,59.5,47.8,1,Mid,1,0,8.49
29393,Female,Kochi,Tier2,Mechanical,Embedded,Yes,No,8.97,8.75,8.93,9.32,8.77,8.7,9.44,8.85,8.84,83.5,2,3,3.0,4,1,82.8,3.8,87.8,73.3,0,High,1,0,18.3
29047,Male,Bangalore,Tier1,CS,Networking,Yes,No,6.63,6.55,6.61,7.04,6.52,6.49,6.86,6.6,6.57,100.0,2,3,3.0,2,1,83.1,4.0,75.5,72.4,1,Mid,1,0,8.0
49805,Male,Chennai,Tier2,Mechanical,Embedded,Yes,Yes,6.71,5.82,6.63,6.57,6.18,6.63,6.52,6.76,6.37,63.3,1,2,1.0,2,1,73.8,4.3,55.9,58.1,0,Low,0,0,0.0
30478,Male,Ahmedabad,Tier2,ECE,Networking,No,No,6.69,6.39,6.84,6.72,6.63,7.15,7.02,7.01,6.65,76.1,1,1,1.0,1,0,61.1,3.3,52.6,55.6,1,Mid,0,0,0.0
34008,Female,Chennai,Tier2,EE,DataScience,Yes,No,9.48,9.12,9.24,9.67,9.19,9.22,10.0,10.0,9.5,94.3,1,5,3.0,4,1,72.7,4.4,84.3,79.0,0,High,1,0,18.61
48901,Male,Bangalore,Tier2,Civil,Embedded,Yes,No,8.5,8.55,9.22,8.75,8.1,8.36,9.21,9.07,8.64,77.2,3,2,3.0,3,1,90.0,4.5,67.6,76.3,1,High,1,0,22.47
47633,Male,Kochi,Tier3,ECE,DataScience,Yes,Yes,8.99,8.88,9.58,8.93,9.31,9.41,9.37,9.14,9.32,79.0,1,1,2.0,3,0,78.2,4.1,51.2,59.6,1,High,1,0,25.2
49789,Male,Hyderabad,Tier1,CS,DataScience,No,Yes,8.32,8.22,8.52,8.5,8.77,8.38,8.74,8.59,8.43,85.2,1,5,1.0,2,0,91.5,4.5,63.2,76.7,0,High,1,0,18.88
10724,Male,Kochi,Tier3,EE,Networking,No,No,6.22,6.12,5.93,5.49,5.6,6.0,5.72,5.5,5.66,53.4,0,1,0.0,0,1,60.5,2.3,33.1,26.5,0,Low,0,0,0.0
13155,Male,Bangalore,Tier1,EE,Embedded,No,No,9.88,9.8,10.0,10.0,10.0,10.0,10.0,10.0,9.89,100.0,3,2,3.0,3,0,85.4,3.3,88.5,84.8,1,High,1,0,25.23
13763,Female,Bangalore,Tier1,EE,Embedded,No,No,7.84,7.71,7.18,7.85,7.66,7.73,7.53,7.74,7.7,93.1,2,4,3.0,2,1,90.2,4.4,80.7,86.2,1,Mid,1,0,8.0
42812,Male,Chennai,Tier2,ECE,Embedded,Yes,No,7.52,6.96,7.4,7.15,6.93,6.62,7.56,7.04,7.22,90.1,1,2,2.0,2,1,73.1,2.2,55.6,46.4,0,Mid,1,0,8.33
36261,Male,Hyderabad,Tier2,CS,DataScience,No,No,8.02,7.32,8.02,8.19,7.7,8.14,7.86,8.18,4.03,53.57614207,2,3,4.0,2,1,35.5,4.7,4.4,88.0,0,Mid,1,1,8.6
21437,Female,Bangalore,Tier2,EE,Networking,Yes,No,8.04,8.04,7.48,8.09,7.94,7.42,8.23,8.43,7.95,71.0,0,2,2.0,2,0,67.5,3.8,58.3,64.1,1,Mid,1,0,9.81
32204,Female,Bangalore,Tier2,CS,Networking,No,No,6.52,6.04,6.34,5.74,6.13,6.46,6.47,6.18,6.31,79.0,3,3,3.0,3,1,98.8,4.2,95.3,76.7,1,Low,1,0,6.0
7181,Male,Mumbai,Tier1,CS,DataScience,Yes,No,8.99,8.84,8.76,9.12,9.49,9.11,9.47,9.65,8.87,100.0,2,3,3.0,1,1,89.5,4.8,98.2,81.8,1,High,1,0,22.28
41281,Male,Kolkata,Tier2,CS,DataScience,Yes,No,4.27,4.97,5.16,4.32,4.99,5.0,4.98,4.05,4.71,83.0,0,1,1.0,1,0,57.2,1.1,28.5,28.2,0,Low,0,0,0.0
28087,Female,Kochi,Tier1,Civil,Networking,No,No,6.86,6.21,6.75,6.81,6.78,7.1,7.45,7.13,7.14,94.6,2,3,4.0,4,1,84.7,2.8,86.9,63.4,1,Mid,1,0,8.16
13702,Female,Delhi,Tier1,CS,DataScience,Yes,No,6.38,6.4,6.91,6.54,6.33,6.83,7.09,6.37,6.58,75.9,1,2,1.0,2,0,65.0,2.8,57.8,51.9,0,Mid,1,0,8.56
1004,Male,Mumbai,Tier2,EE,Networking,Yes,No,7.3,6.59,6.65,6.06,6.73,6.89,6.46,6.68,6.71,86.2,0,2,2.0,1,1,70.7,3.1,61.6,55.4,0,Mid,1,0,8.46
9059,Female,Ahmedabad,Tier2,Civil,AI,No,No,8.75,9.2,9.55,9.51,9.33,9.7,9.13,9.66,9.44,85.6,1,2,2.0,3,2,87.4,5.0,74.0,75.8,1,High,1,0,25.73
22477,Male,Mumbai,Tier1,ECE,Embedded,Yes,Yes,7.9,8.28,8.46,8.36,8.34,8.14,8.29,8.19,8.45,81.9,3,3,3.0,3,2,89.3,3.9,75.6,80.3,1,High,1,0,22.98
23007,Male,Hyderabad,Tier2,Mechanical,Networking,No,No,8.64,7.77,8.68,8.22,8.96,8.23,8.87,9.26,8.52,78.3,3,4,3.0,2,1,89.9,4.6,85.1,55.4,1,High,1,0,22.05
45344,Male,Pune,Tier1,ECE,DataScience,No,No,4.77,5.03,5.11,4.99,4.65,4.92,4.92,5.68,4.96,64.6,1,1,3.0,2,1,64.0,2.1,55.2,39.9,0,Low,0,0,0.0
49710,Female,Pune,Tier1,Civil,Networking,Yes,No,8.28,8.26,8.17,8.04,8.77,7.86,7.6,8.25,8.05,100.0,1,3,3.0,2,2,74.7,3.7,75.1,86.9,1,High,1,0,22.0
13099,Male,Bangalore,Tier1,CS,DataScience,No,No,7.4,7.82,8.22,8.29,8.12,8.35,7.7,8.2,8.05,75.1,2,2,3.0,2,1,71.4,3.3,68.1,73.6,1,High,1,0,22.99
37196,Male,Hyderabad,Tier2,CS,DataScience,Yes,No,8.07,8.4,8.46,8.94,8.7,8.35,9.06,8.64,8.63,100.0,2,4,4.0,3,2,91.2,4.7,70.6,74.5,0,High,1,0,18.92
4108,Male,Ahmedabad,Tier1,ECE,Networking,Yes,No,7.33,8.46,7.47,7.65,7.77,7.72,8.01,8.28,7.96,100.0,3,3,4.0,2,1,92.2,4.3,98.1,73.5,0,Mid,1,0,8.83
41336,Male,Hyderabad,Tier1,ECE,AI,Yes,No,8.55,9.19,9.19,9.49,9.64,9.6,9.22,9.32,9.08,82.9,2,3,2.0,3,2,72.4,4.8,94.3,82.5,1,High,1,0,25.25
25223,Male,Bangalore,Tier1,Mechanical,Embedded,No,No,6.4,7.06,6.63,6.89,7.09,6.65,6.85,7.35,6.69,69.5,1,4,2.0,3,2,92.5,3.3,85.2,67.6,1,Mid,1,0,8.43
35840,Female,Mumbai,Tier3,Mechanical,Networking,Yes,Yes,8.04,7.58,7.51,7.3,7.55,6.87,7.43,6.96,7.52,77.3,1,1,1.0,2,1,58.6,1.9,53.7,45.1,1,Mid,0,0,0.0
29719,Female,Ahmedabad,Tier3,CS,DataScience,No,No,5.8,6.27,5.87,6.53,6.78,6.16,6.54,5.8,6.07,56.7,2,2,1.0,3,1,63.7,2.9,51.8,50.0,0,Low,1,0,3.53
46953,Female,Pune,Tier2,ECE,Networking,Yes,No,6.0,6.4,6.31,6.61,6.15,5.86,6.64,6.57,6.17,59.5,0,2,1.0,1,0,69.3,3.5,54.8,63.7,0,Low,0,0,0.0
29828,Male,Chennai,Tier1,Mechanical,Networking,No,No,7.21,6.99,6.71,7.15,7.57,7.27,7.59,7.25,7.31,85.5,3,2,2.0,4,2,89.9,3.5,80.5,82.5,1,Mid,1,0,8.68
17543,Female,Jaipur,Tier1,ECE,Networking,No,No,8.81,9.21,9.25,9.15,8.96,9.53,9.19,8.96,9.05,75.6,0,2,1.0,2,1,78.2,2.5,52.4,50.8,1,High,1,0,18.27
24916,Male,Hyderabad,Tier1,IT,AI,Yes,Yes,7.93,7.72,7.1,6.96,7.75,7.63,7.16,6.91,7.41,76.6,1,2,1.0,2,0,70.8,3.5,51.2,57.2,0,Mid,1,0,9.4
4514,Male,Bangalore,Tier3,EE,Networking,Yes,No,6.27,6.31,6.27,6.59,6.44,6.53,6.37,6.74,6.47,70.2,1,2,1.0,2,1,63.2,2.1,41.5,60.3,0,Low,0,0,0.0
19937,Male,Chennai,Tier2,EE,Embedded,Yes,Yes,5.05,4.89,4.89,5.28,4.98,5.22,4.85,4.76,4.95,84.2,1,1,2.0,2,1,73.7,3.5,52.4,46.3,1,Low,0,0,0.0
46525,Male,Delhi,Tier3,Mechanical,DataScience,No,No,6.11,6.25,6.43,6.85,6.23,6.23,6.24,6.91,6.27,83.4,1,1,2.0,1,0,67.2,3.5,41.4,54.4,0,Low,0,0,0.0
24511,Female,Chennai,Tier3,CS,AI,Yes,Yes,6.24,6.31,6.64,6.43,6.2,5.98,6.21,6.08,6.27,91.1,1,2,2.0,1,1,62.9,2.4,61.1,57.4,1,Low,0,0,0.0
12002,Male,Hyderabad,Tier2,Mechanical,DataScience,Yes,No,9.9,10.0,10.0,9.6,10.0,10.0,10.0,10.0,9.85,93.7,3,5,3.0,3,1,97.0,4.4,98.5,76.2,1,High,1,1,25.87
23354,Male,Ahmedabad,Tier2,CS,AI,No,No,9.89,10.0,9.93,10.0,9.69,10.0,10.0,10.0,9.98,94.7,2,2,2.0,3,2,89.3,5.0,88.0,73.0,1,High,1,0,25.96
27293,Male,Chennai,Tier2,CS,DataScience,Yes,Yes,5.54,5.91,5.63,5.51,5.48,5.67,5.22,4.97,5.52,62.6,0,0,0.0,0,0,56.0,2.0,32.8,29.0,0,Low,0,0,0.0
34204,Female,Delhi,Tier2,CS,Embedded,No,No,5.8,6.31,6.43,6.03,6.62,5.38,5.91,6.14,6.07,75.7,2,1,2.0,2,0,65.9,1.6,54.4,53.5,0,Low,0,0,0.0
15292,Male,Chennai,Tier3,ECE,DataScience,No,No,5.22,5.6,4.91,5.61,5.18,5.08,5.46,5.14,5.22,66.6,0,1,0.0,1,0,46.6,1.6,29.6,31.3,1,Low,0,0,0.0
46880,Male,Jaipur,Tier2,IT,DataScience,Yes,No,6.81,6.14,6.6,6.08,6.77,5.84,6.51,5.95,6.26,84.9,1,2,1.0,3,0,61.8,3.4,56.4,44.2,0,Low,0,0,0.0
8691,Male,Mumbai,Tier1,Mechanical,AI,Yes,No,5.62,5.79,5.61,5.84,5.61,5.99,5.77,5.53,5.85,55.4,1,3,2.0,1,0,67.6,3.1,62.3,60.9,1,Low,1,0,6.22
31470,Male,Mumbai,Tier1,CS,AI,No,No,9.08,9.16,9.15,9.4,9.39,9.0,9.9,9.35,9.41,71.7,1,3,3.0,3,2,75.4,4.0,76.8,68.5,1,High,1,0,25.7
3004,Male,Hyderabad,Tier2,CS,AI,No,No,6.26,5.22,5.55,6.02,5.39,5.35,5.34,5.66,5.75,92.1,1,2,2.0,1,0,78.7,2.4,36.1,51.5,1,Low,0,0,0.0
15814,Male,Delhi,Tier2,IT,Networking,Yes,No,7.92,8.31,7.22,7.72,7.06,7.93,7.8,7.37,7.61,79.1,1,1,2.0,1,1,66.6,3.3,61.2,55.2,0,Mid,1,0,8.37
6657,Male,Kochi,Tier2,Mechanical,Networking,Yes,No,7.47,7.06,7.54,7.02,7.46,7.71,6.95,7.72,7.26,80.4,1,3,2.0,3,1,91.0,4.4,74.9,70.1,0,Mid,1,0,9.34
39531,Male,Kolkata,Tier3,ECE,DataScience,No,Yes,7.92,8.31,7.87,8.15,7.7,7.72,7.88,7.66,9.93,65.6,3,5,0.0,0,0,99.5,2.5,99.2,37.5,0,Mid,0,1,0.0
8837,Male,Hyderabad,Tier2,Mechanical,Networking,No,No,6.7,7.22,7.44,6.81,7.17,7.05,7.5,6.86,7.08,54.4,1,2,2.0,1,0,65.7,2.8,58.3,58.5,1,Mid,1,0,10.47
14618,Male,Kolkata,Tier2,Civil,DataScience,No,No,7.68,7.08,7.53,7.02,7.18,7.14,7.19,6.84,7.3,74.2,1,2,2.0,2,0,70.0,1.8,70.1,45.9,1,Mid,1,0,8.49
22836,Male,Ahmedabad,Tier3,Mechanical,AI,Yes,Yes,8.77,8.55,8.34,8.53,8.97,8.14,8.44,8.97,8.63,78.2,1,0,1.0,1,1,70.8,2.8,44.0,61.6,1,High,0,0,18.0
15981,Male,Delhi,Tier1,Mechanical,AI,No,No,5.57,5.57,5.18,5.7,5.7,5.45,5.59,5.61,5.46,88.2,0,2,2.0,2,1,52.9,2.6,66.0,51.1,1,Low,0,0,0.0
1571,Male,Pune,Tier2,CS,AI,Yes,No,5.87,5.64,6.07,6.13,5.39,5.64,5.67,6.81,5.82,74.9,1,2,1.0,2,1,71.2,3.4,57.2,46.1,1,Low,0,0,0.0
35908,Male,Kolkata,Tier2,IT,AI,Yes,No,7.81,7.92,7.32,8.45,7.99,7.59,7.85,7.67,7.78,76.7,1,2,2.0,1,0,57.7,3.0,44.6,57.2,1,Mid,1,0,8.55
26090,Male,Chennai,Tier1,Civil,DataScience,No,No,9.41,9.9,9.28,9.06,9.73,9.34,9.43,9.75,9.47,100.0,2,4,3.0,5,1,87.3,4.0,54.9,85.0,0,High,1,0,18.21
18276,Female,Delhi,Tier3,Civil,DataScience,Yes,No,6.82,7.25,7.0,7.56,7.21,7.26,6.5,7.25,7.31,85.0,0,2,1.0,0,0,71.6,2.1,44.7,51.4,1,Mid,1,0,8.78
15432,Female,Delhi,Tier3,ECE,DataScience,Yes,No,4.39,5.03,4.51,4.55,4.51,4.55,4.0,4.53,4.5,65.9,0,1,1.0,0,0,46.8,1.7,27.0,28.7,0,Low,0,0,0.0
23494,Male,Pune,Tier2,CS,AI,Yes,No,7.95,7.88,7.53,8.43,7.57,7.73,8.37,8.07,8.01,87.5,2,2,2.0,1,0,57.7,2.2,51.0,46.0,0,High,1,0,18.03
15790,Female,Hyderabad,Tier2,CS,AI,No,Yes,5.94,5.52,5.48,5.68,5.87,5.71,6.02,5.36,5.74,62.2,0,0,0.0,0,0,50.9,2.4,28.3,30.4,1,Low,0,0,0.0
11981,Male,Pune,Tier2,ECE,Embedded,Yes,No,7.98,7.11,7.6,7.6,7.33,8.04,7.71,7.65,7.63,82.3,2,3,4.0,3,1,89.0,3.9,83.1,68.0,1,Mid,1,0,9.45
44906,Female,Bangalore,Tier1,ECE,Networking,Yes,No,6.88,6.57,6.84,6.19,6.84,6.82,6.37,7.08,6.75,88.6,2,4,3.0,3,2,82.1,3.0,91.7,57.3,0,Mid,1,0,8.42
35763,Male,Mumbai,Tier1,CS,AI,No,No,7.37,6.84,7.3,6.91,7.22,7.08,7.99,7.45,7.16,72.6,2,4,2.0,4,1,98.7,3.8,66.1,74.0,0,Mid,1,0,8.28
46835,Male,Pune,Tier3,Civil,Networking,No,Yes,7.23,7.39,6.53,7.53,6.81,7.45,7.03,6.93,7.19,58.0,1,2,1.0,1,0,66.1,2.9,53.8,63.4,1,Mid,0,0,0.0
26756,Male,Bangalore,Tier1,IT,DataScience,Yes,No,5.89,5.98,6.45,6.07,6.08,6.0,6.27,6.3,6.35,75.1,1,2,2.0,2,0,55.6,3.6,60.3,58.1,0,Low,0,0,0.0
44112,Female,Bangalore,Tier2,CS,Networking,Yes,No,8.18,8.47,8.33,8.2,8.26,8.18,8.0,8.58,8.16,70.2,1,3,1.0,1,0,68.2,3.4,57.4,53.9,0,High,1,0,18.95
43520,Male,Hyderabad,Tier2,CS,Embedded,No,No,7.04,7.06,6.93,6.98,6.18,7.33,6.72,7.16,6.68,82.6,0,1,3.0,1,1,74.8,1.6,52.6,60.4,1,Mid,0,0,0.0
629,Female,Hyderabad,Tier2,ECE,AI,No,No,9.17,9.27,8.83,9.24,9.47,9.55,9.66,9.06,9.17,100.0,1,5,3.0,3,2,83.6,4.6,87.8,71.3,1,High,1,0,25.35
11903,Male,Hyderabad,Tier1,Civil,Networking,No,No,5.74,5.88,5.3,5.68,5.99,5.91,5.98,6.28,6.04,88.0,1,1,1.0,2,1,67.8,3.3,50.5,60.9,1,Low,0,0,0.0
9479,Female,Bangalore,Tier2,IT,AI,Yes,No,8.63,8.38,8.4,9.37,8.28,8.02,8.15,8.58,8.48,85.4,1,4,2.0,2,1,95.7,3.9,60.2,71.0,1,High,1,0,22.89
41871,Male,Hyderabad,Tier3,ECE,Embedded,Yes,Yes,7.08,7.03,7.09,7.11,6.64,6.84,7.13,6.81,6.83,61.7,0,1,1.0,0,0,51.1,1.5,24.4,35.8,1,Mid,0,0,0.0
13642,Male,Pune,Tier2,Civil,DataScience,Yes,Yes,7.2,6.85,7.27,7.31,7.27,7.05,7.26,6.85,7.09,75.8,1,1,1.0,2,1,70.8,3.8,54.2,60.8,0,Mid,0,0,0.0
19627,Female,Ahmedabad,Tier2,ECE,Embedded,No,No,8.14,8.37,8.79,8.42,7.71,8.85,9.11,8.37,8.48,75.0,1,2,2.0,3,1,71.0,2.4,75.1,71.1,0,High,1,0,18.1
2997,Female,Kolkata,Tier1,IT,AI,Yes,No,7.06,7.6,7.28,7.87,7.58,7.5,7.78,7.89,7.52,93.8,1,4,4.0,2,1,74.0,3.9,80.8,62.3,1,Mid,1,0,8.91
13638,Male,Bangalore,Tier2,CS,Networking,Yes,No,6.47,6.7,6.48,6.72,6.34,6.78,6.91,6.54,6.71,66.0,1,2,2.0,1,1,61.6,2.5,69.0,40.4,0,Mid,1,0,8.11
22471,Male,Delhi,Tier2,Mechanical,AI,No,No,6.93,7.18,7.61,8.04,7.43,7.75,7.72,7.94,7.66,65.5,1,0,2.0,2,1,71.0,3.0,61.1,49.9,0,Mid,1,0,10.78
36087,Female,Ahmedabad,Tier1,IT,DataScience,No,No,8.31,7.77,8.12,7.71,8.48,8.24,8.45,8.12,8.29,85.7,2,4,3.0,5,2,100.0,3.5,72.2,76.7,0,High,1,0,18.34
28918,Male,Bangalore,Tier2,ECE,Embedded,Yes,No,7.84,8.36,8.7,9.12,8.64,9.27,8.95,9.34,4.45,50.58168587,2,4,2.0,2,1,32.6,4.1,6.8,79.6,1,High,1,1,18.24
2855,Male,Pune,Tier1,Civil,DataScience,Yes,No,8.86,8.64,9.35,9.21,8.7,9.18,9.22,9.04,9.04,93.8,1,2,3.0,3,1,85.8,3.4,77.6,68.4,1,High,1,0,25.39
13049,Male,Delhi,Tier3,ECE,Networking,No,Yes,5.14,4.79,4.57,4.64,4.65,4.89,4.99,4.5,4.75,60.3,0,0,1.0,0,0,43.4,1.9,31.5,29.7,0,Low,0,0,0.0
22333,Female,Kolkata,Tier2,ECE,DataScience,No,No,7.53,7.55,7.41,7.29,7.49,7.74,6.83,7.27,7.26,74.5,1,2,1.0,2,1,66.4,3.3,62.9,55.9,1,Mid,1,0,8.9
34735,Male,Pune,Tier3,EE,Embedded,No,No,5.09,5.64,5.67,5.44,5.64,6.01,5.49,5.45,5.46,71.0,0,1,2.0,2,1,63.2,3.2,40.8,52.5,1,Low,0,0,0.0
19539,Female,Chennai,Tier2,IT,AI,Yes,No,8.63,8.35,8.71,8.89,9.29,8.33,9.08,8.47,8.83,91.2,1,4,4.0,4,2,88.4,4.6,64.6,83.4,1,High,1,0,22.76
5573,Male,Bangalore,Tier3,ECE,AI,Yes,Yes,5.32,4.76,5.32,4.73,5.05,4.28,5.14,4.93,4.87,65.9,1,0,0.0,0,0,41.6,1.7,26.9,32.8,1,Low,0,0,0.0
35496,Female,Ahmedabad,Tier3,EE,DataScience,No,Yes,4.0,4.0,4.14,4.0,4.18,4.16,4.23,4.0,4.16,66.0,0,1,0.0,0,0,51.3,3.3,30.7,28.7,1,Low,0,0,0.0
20263,Female,Delhi,Tier3,Mechanical,Networking,Yes,Yes,5.94,5.57,5.51,5.37,5.24,5.6,5.21,5.84,5.61,71.2,1,2,2.0,1,0,80.0,2.9,50.9,49.2,1,Low,0,0,0.0
44660,Female,Pune,Tier3,CS,DataScience,No,No,6.96,6.02,6.59,6.74,6.48,6.46,6.05,6.38,6.4,74.6,2,2,1.0,1,0,66.8,2.1,62.9,59.2,1,Low,1,0,5.66
36228,Female,Hyderabad,Tier2,CS,AI,Yes,No,6.8,6.68,6.58,6.06,6.78,6.39,5.66,6.52,6.48,61.1,1,1,1.0,0,0,47.9,2.4,29.5,24.3,1,Low,0,0,0.0
35620,Male,Bangalore,Tier2,Mechanical,Networking,Yes,No,7.77,8.08,7.83,8.03,7.75,8.2,8.64,8.27,8.13,76.2,2,2,2.0,4,2,82.3,5.0,78.1,69.2,1,High,1,0,22.03
46000,Male,Chennai,Tier1,Civil,Embedded,No,No,8.06,7.93,7.24,8.14,7.89,7.71,8.04,7.9,7.85,82.3,0,1,1.0,2,0,59.5,2.6,64.7,43.1,0,Mid,1,0,8.44
49513,Female,Kochi,Tier2,ECE,DataScience,Yes,No,9.31,10.0,10.0,9.43,10.0,9.71,9.73,9.81,9.86,73.2,3,5,1.0,2,0,96.6,3.7,98.1,55.3,1,High,1,1,25.99
44515,Female,Pune,Tier2,EE,AI,Yes,No,8.84,9.11,8.92,9.32,9.07,9.38,9.49,9.51,9.33,89.7,2,3,3.0,3,2,82.8,5.0,74.5,74.0,1,High,1,0,25.63
31549,Female,Hyderabad,Tier2,CS,AI,Yes,No,4.74,4.87,4.36,4.27,5.05,4.52,4.26,4.48,4.59,63.4,0,1,0.0,0,0,54.4,2.1,30.2,25.3,0,Low,0,0,0.0
31965,Male,Kolkata,Tier2,IT,Embedded,Yes,No,6.84,6.89,6.62,6.76,6.65,6.47,6.49,7.08,6.76,77.5,1,2,1.0,1,1,70.2,2.6,61.7,50.7,0,Mid,1,0,8.21
9434,Male,Hyderabad,Tier2,EE,Embedded,Yes,Yes,9.77,10.0,9.86,10.0,10.0,10.0,10.0,10.0,9.95,89.5,1,4,4.0,3,2,87.3,4.7,100.0,83.8,0,High,1,0,18.43
22374,Female,Kolkata,Tier3,CS,Embedded,No,Yes,4.93,4.64,4.76,4.94,5.18,4.69,4.0,4.41,4.66,50.0,0,1,0.0,1,0,40.7,1.3,31.7,33.9,1,Low,0,0,0.0
21623,Male,Pune,Tier3,EE,DataScience,No,Yes,4.7,5.09,4.75,4.88,4.22,4.62,4.58,4.0,4.46,65.6,1,0,0.0,1,0,47.3,3.0,34.1,31.6,0,Low,0,0,0.0
12452,Female,Bangalore,Tier2,CS,DataScience,No,No,6.82,6.59,6.71,7.08,7.47,7.0,7.28,7.56,7.03,75.3,0,2,2.0,1,0,57.4,3.4,47.4,45.8,1,Mid,1,0,8.74
11800,Male,Hyderabad,Tier2,CS,AI,No,No,7.48,6.99,7.37,7.24,6.96,7.3,7.1,7.27,7.21,80.7,1,1,2.0,2,0,69.0,3.5,56.8,46.6,0,Mid,1,0,8.63
31389,Female,Chennai,Tier2,Mechanical,Embedded,Yes,No,8.69,8.08,8.34,7.98,8.6,8.53,8.28,8.81,8.33,75.5,0,2,1.0,2,0,78.6,3.1,61.7,45.6,0,High,1,0,18.77
20769,Female,Hyderabad,Tier3,IT,DataScience,Yes,No,7.09,7.24,7.11,6.68,6.71,7.81,7.24,7.76,7.31,71.4,1,1,2.0,1,1,61.8,3.0,48.4,61.5,0,Mid,1,0,9.08
4829,Male,Kochi,Tier1,CS,AI,Yes,No,8.39,8.59,8.71,8.43,8.12,8.72,8.18,8.53,8.42,100.0,2,3,2.0,3,1,87.9,5.0,70.7,88.0,0,High,1,0,18.95
18613,Male,Kolkata,Tier2,Mechanical,Embedded,No,No,7.61,7.01,7.59,7.56,7.75,7.74,7.52,7.94,7.68,87.0,2,3,1.0,1,0,60.5,2.6,51.0,49.0,0,Mid,1,0,8.1
38310,Male,Kolkata,Tier3,EE,AI,Yes,No,6.16,7.25,6.62,6.82,7.04,6.8,7.22,6.59,6.9,85.3,1,2,1.0,2,0,64.5,2.6,48.5,37.8,1,Mid,1,0,10.18
1739,Female,Delhi,Tier1,ECE,Embedded,No,No,8.6,8.47,8.84,8.67,9.1,9.51,9.26,8.88,8.92,91.3,1,2,2.0,2,0,66.8,2.9,59.1,47.9,0,High,1,0,18.07
47068,Female,Mumbai,Tier2,CS,AI,No,No,6.97,7.37,7.3,6.76,6.34,7.16,6.81,6.67,6.9,75.6,0,2,2.0,1,1,62.5,4.0,53.4,50.9,0,Mid,1,0,8.39
24907,Female,Chennai,Tier3,Mechanical,Embedded,No,Yes,6.07,6.22,5.72,5.89,5.87,6.1,5.89,6.0,5.9,58.8,0,0,0.0,1,0,45.6,1.0,23.9,24.4,1,Low,0,0,0.0
7636,Male,Jaipur,Tier2,Civil,Networking,No,Yes,10.0,9.94,9.94,9.76,9.81,9.75,10.0,10.0,9.83,89.7,2,2,3.0,3,2,72.8,3.9,95.9,74.5,1,High,1,0,25.82
14399,Male,Ahmedabad,Tier2,Civil,DataScience,Yes,Yes,7.02,7.37,7.09,7.55,7.16,7.4,7.28,7.55,7.34,74.9,0,1,1.0,2,0,48.5,3.4,57.5,55.2,0,Mid,0,0,0.0
36171,Female,Chennai,Tier1,IT,AI,No,No,7.77,8.1,8.02,8.1,8.12,7.92,8.37,8.27,7.97,99.0,1,4,3.0,3,1,72.5,4.3,80.5,55.1,1,Mid,1,0,8.39
9184,Male,Hyderabad,Tier1,Mechanical,DataScience,No,Yes,6.85,7.12,7.21,7.13,7.21,7.09,7.07,7.26,7.0,79.2,1,2,2.0,2,0,70.1,3.3,48.8,43.4,0,Mid,1,0,8.39
37623,Male,Hyderabad,Tier1,EE,DataScience,No,No,7.57,6.91,7.75,7.65,6.95,7.53,7.51,7.08,7.34,91.1,1,3,4.0,3,1,81.3,4.5,89.9,73.2,1,Mid,1,0,8.29
1656,Female,Chennai,Tier3,CS,DataScience,Yes,No,4.04,4.19,4.48,4.0,4.12,4.37,4.0,4.0,4.18,60.1,0,1,0.0,0,0,45.3,1.7,26.4,34.1,0,Low,0,0,0.0
4327,Male,Ahmedabad,Tier2,Civil,Embedded,No,No,8.66,9.15,9.05,8.7,9.46,9.33,9.57,9.65,9.12,88.0,1,3,3.0,3,2,84.3,3.7,77.1,71.3,1,High,1,0,25.45
27378,Male,Bangalore,Tier2,EE,AI,Yes,No,6.89,6.81,6.45,6.62,6.74,6.38,6.89,6.81,6.67,74.5,1,1,1.0,2,1,70.5,3.4,59.7,47.6,1,Mid,1,0,8.95
44329,Male,Hyderabad,Tier2,Civil,Networking,Yes,No,9.94,9.45,9.32,9.15,9.83,9.36,9.59,9.94,9.55,86.6,2,3,3.0,4,2,64.6,5.0,85.0,83.2,1,High,1,0,25.59
9662,Female,Pune,Tier1,Mechanical,Embedded,No,No,5.66,6.02,5.79,6.26,6.36,6.92,5.96,6.17,6.05,91.9,2,3,3.0,3,1,85.3,4.1,73.1,90.7,1,Low,1,0,6.03
13611,Male,Bangalore,Tier1,ECE,Embedded,Yes,No,5.58,5.85,6.3,6.07,5.95,6.05,6.23,6.91,6.15,80.4,1,2,2.0,3,0,73.1,4.1,58.9,58.0,1,Low,1,0,6.39
11671,Male,Bangalore,Tier2,CS,DataScience,No,No,9.42,9.21,9.1,9.44,9.64,9.71,9.73,9.79,9.55,83.9,2,3,3.0,2,2,74.9,5.0,76.8,74.1,0,High,1,0,18.92
1220,Female,Mumbai,Tier1,Civil,Networking,Yes,No,7.31,7.22,6.99,7.25,7.34,7.47,7.15,7.39,7.3,70.5,2,2,4.0,4,1,90.4,3.8,82.1,63.8,0,Mid,1,0,8.41
38864,Male,Hyderabad,Tier2,Mechanical,Networking,Yes,No,6.75,6.83,7.05,6.75,7.78,6.75,7.48,7.08,7.18,91.9,1,2,2.0,3,1,72.7,5.0,69.4,72.5,1,Mid,1,0,8.75
12558,Female,Mumbai,Tier2,ECE,Embedded,Yes,No,8.2,8.55,8.37,8.15,8.11,8.7,7.98,8.56,8.15,72.0,0,2,2.0,2,1,72.7,3.2,40.7,58.7,1,High,1,0,18.79
39144,Male,Hyderabad,Tier3,Civil,Networking,Yes,Yes,6.25,6.17,6.3,6.04,6.31,6.71,5.76,5.56,6.32,81.3,2,2,1.0,2,1,59.2,3.6,57.2,51.9,1,Low,1,0,6.37
35509,Male,Bangalore,Tier1,ECE,Networking,Yes,No,8.78,8.52,8.55,8.83,9.49,8.64,8.2,8.89,8.81,96.8,1,2,2.0,3,1,82.4,4.3,84.6,80.8,1,High,1,0,22.2
27985,Male,Mumbai,Tier1,IT,Networking,Yes,No,10.0,9.6,10.0,10.0,10.0,10.0,10.0,10.0,10.0,83.1,1,4,3.0,3,1,100.0,3.6,89.0,87.0,1,High,1,0,25.86
48990,Female,Bangalore,Tier2,ECE,Embedded,No,No,8.78,8.55,8.79,8.98,8.64,8.46,8.77,8.76,8.65,82.4,3,4,2.0,4,1,75.5,4.8,81.1,91.7,0,High,1,0,18.83
40640,Male,Kolkata,Tier3,CS,AI,No,Yes,8.11,7.46,7.7,7.69,7.8,7.42,7.7,7.67,7.53,84.0,1,2,2.0,3,1,69.0,3.1,47.4,61.8,1,Mid,1,0,8.52
28912,Male,Hyderabad,Tier2,Mechanical,Networking,No,No,9.99,10.0,9.46,10.0,10.0,10.0,10.0,10.0,9.97,81.9,2,4,3.0,2,2,90.7,4.8,62.7,81.3,1,High,1,0,25.56
8571,Female,Mumbai,Tier2,CS,AI,Yes,No,7.8,7.69,7.8,7.54,8.38,8.16,7.84,8.41,7.93,85.3,1,1,2.0,1,0,82.5,3.0,47.4,55.8,0,Mid,1,0,9.39
35550,Female,Kochi,Tier2,CS,DataScience,No,No,8.88,7.73,8.52,8.62,9.51,8.94,8.85,8.97,8.78,88.3,2,2,3.0,4,1,83.8,3.3,67.8,81.3,1,High,1,0,22.52
26038,Male,Hyderabad,Tier2,CS,Networking,No,Yes,6.69,7.23,6.89,7.57,6.38,7.34,7.23,7.14,7.11,100.0,2,2,4.0,2,0,93.4,4.3,77.5,81.1,1,Mid,1,0,8.79
14999,Male,Ahmedabad,Tier2,CS,Embedded,Yes,No,6.08,6.25,6.0,6.58,6.46,5.93,6.46,5.84,6.31,67.2,1,2,2.0,2,0,69.0,3.7,48.8,58.5,0,Low,1,0,3.06
16751,Female,Jaipur,Tier3,Mechanical,Networking,No,Yes,6.17,5.82,5.87,5.79,5.93,5.92,5.83,6.29,6.0,63.5,0,0,1.0,0,0,48.1,2.2,25.1,25.9,0,Low,0,0,0.0
29960,Male,Kochi,Tier2,Mechanical,DataScience,No,Yes,6.18,6.54,6.77,7.0,6.3,6.79,6.16,7.01,6.7,78.0,1,2,1.0,2,1,71.8,2.7,54.5,59.5,0,Mid,1,0,8.21
5844,Male,Pune,Tier2,CS,AI,No,No,10.0,9.62,10.0,10.0,10.0,10.0,10.0,9.66,10.0,77.9,1,4,2.0,3,2,98.0,3.2,86.7,87.9,1,High,1,0,25.08
15770,Female,Kochi,Tier2,Mechanical,Embedded,Yes,No,8.1,8.67,8.78,8.78,8.67,9.26,9.32,9.43,8.96,95.9,3,3,4.0,4,2,72.6,3.8,87.9,83.0,1,High,1,0,22.02
27099,Female,Delhi,Tier3,IT,DataScience,Yes,Yes,5.82,5.69,5.39,4.99,5.13,5.25,4.99,5.05,5.2,63.1,0,0,0.0,0,0,53.9,1.3,25.5,29.1,0,Low,0,0,0.0
34727,Male,Mumbai,Tier2,ECE,Networking,No,No,9.74,9.44,10.0,9.37,9.65,9.66,10.0,10.0,9.79,76.4,2,2,3.0,4,1,81.8,3.1,77.3,71.4,0,High,1,0,18.29
20931,Male,Delhi,Tier2,ECE,Networking,Yes,No,8.76,8.39,8.4,8.11,7.95,8.26,8.08,7.87,8.4,74.3,1,2,1.0,1,1,78.8,2.4,70.0,48.8,1,High,1,0,18.37
12314,Male,Bangalore,Tier1,ECE,Networking,Yes,No,8.67,8.96,9.47,9.27,9.24,9.39,9.25,9.46,9.21,78.1,2,4,3.0,4,1,82.8,3.3,94.8,71.9,1,High,1,0,25.2
20487,Male,Chennai,Tier1,ECE,Networking,Yes,No,7.21,6.79,7.18,7.19,7.57,6.97,7.21,7.47,7.27,80.0,2,4,2.0,3,2,100.0,4.4,63.6,70.6,1,Mid,1,0,9.08
22611,Male,Pune,Tier1,ECE,Embedded,Yes,Yes,6.25,7.13,6.51,7.07,6.66,6.98,6.77,6.56,6.63,73.8,1,2,3.0,2,1,66.0,2.6,48.0,50.1,1,Mid,0,0,0.0
41513,Female,Delhi,Tier2,CS,AI,Yes,No,8.62,9.33,9.23,9.33,9.48,9.06,8.81,9.29,4.22,54.1577041,1,2,2.0,1,0,33.4,3.1,1.8,69.4,1,High,1,1,18.83
48610,Female,Chennai,Tier3,IT,AI,Yes,No,5.2,5.17,5.58,5.76,5.23,5.31,4.87,4.99,5.34,62.1,0,1,1.0,1,0,46.3,1.9,27.2,24.1,1,Low,0,0,0.0
17673,Male,Bangalore,Tier3,IT,DataScience,No,No,5.69,5.93,6.44,6.25,6.06,6.51,6.91,6.42,6.31,68.8,0,2,2.0,2,0,81.3,3.3,51.1,56.6,0,Low,1,0,3.51
42906,Male,Jaipur,Tier1,Civil,DataScience,Yes,No,6.12,6.22,5.62,5.97,5.63,6.41,6.25,5.74,6.12,100.0,2,3,2.0,2,1,83.5,3.8,73.0,67.3,1,Low,1,0,6.21
33295,Male,Hyderabad,Tier2,ECE,Embedded,Yes,No,5.8,4.85,5.99,4.92,5.83,5.23,5.21,5.54,5.32,63.5,0,1,1.0,1,1,51.3,1.9,24.0,30.4,0,Low,0,0,0.0
12929,Male,Delhi,Tier1,IT,AI,No,No,6.83,6.36,6.55,6.97,6.5,6.75,6.54,6.68,6.66,73.7,1,1,2.0,1,1,61.6,2.8,51.7,46.2,0,Mid,1,0,8.39
21161,Male,Bangalore,Tier2,CS,AI,Yes,No,8.13,8.43,8.3,7.72,7.85,8.55,8.35,8.53,8.48,82.3,3,4,3.0,3,1,87.4,5.0,95.2,92.0,1,High,1,0,22.65
25332,Male,Ahmedabad,Tier2,ECE,Networking,Yes,Yes,7.74,8.19,7.31,7.38,7.21,8.45,7.84,7.89,7.77,75.6,1,2,2.0,2,0,67.0,3.5,47.6,56.0,0,Mid,1,0,8.42
417,Male,Mumbai,Tier1,Civil,DataScience,Yes,No,9.84,10.0,9.5,10.0,9.42,9.81,10.0,9.99,9.84,85.2,1,4,2.0,5,1,85.8,4.6,78.4,63.6,1,High,1,0,25.87
38314,Male,Mumbai,Tier1,IT,AI,No,No,8.24,7.8,8.22,7.91,7.77,8.84,8.59,8.7,8.3,100.0,3,3,3.0,4,2,90.7,4.1,66.0,69.0,1,High,1,0,22.05
40759,Female,Hyderabad,Tier3,Mechanical,Networking,Yes,Yes,6.06,5.85,6.57,6.03,5.74,5.88,5.61,6.25,6.13,56.6,0,1,1.0,0,0,52.8,1.6,30.7,26.1,0,Low,0,0,0.0
1407,Male,Kolkata,Tier3,Mechanical,Networking,No,Yes,4.48,4.33,4.29,4.16,4.33,4.65,4.08,4.54,4.44,55.4,0,1,1.0,0,0,47.6,1.6,30.0,29.4,0,Low,0,0,0.0
27989,Female,Kolkata,Tier1,Mechanical,AI,Yes,No,4.73,5.21,5.25,5.62,5.36,5.26,5.38,4.97,5.19,71.2,1,2,3.0,2,1,60.0,3.1,52.4,56.7,0,Low,0,0,0.0
20658,Male,Pune,Tier3,IT,AI,No,No,8.98,9.12,8.35,9.43,8.9,8.64,9.0,8.9,9.05,64.9,1,1,2.0,2,1,52.8,3.3,56.0,57.4,0,High,1,0,18.91
46982,Male,Chennai,Tier3,CS,Networking,Yes,Yes,7.29,7.42,7.59,7.45,7.26,7.34,7.26,7.28,7.2,86.5,1,2,1.0,1,0,66.6,1.6,46.3,47.5,0,Mid,0,0,0.0
32870,Female,Hyderabad,Tier3,CS,AI,Yes,No,6.29,6.32,5.84,6.15,5.99,6.02,5.43,5.63,5.98,58.4,0,1,0.0,0,0,39.4,1.6,32.7,25.0,0,Low,0,0,0.0
13530,Male,Bangalore,Tier1,CS,AI,No,No,7.22,7.44,7.78,7.74,7.71,7.73,7.67,7.81,7.71,94.9,2,4,3.0,3,2,67.8,5.0,69.0,83.6,1,Mid,1,0,8.99
29805,Female,Hyderabad,Tier2,CS,Networking,No,Yes,8.74,8.83,8.96,8.8,9.28,9.53,9.66,9.4,9.01,82.0,2,3,3.0,3,1,84.9,4.1,71.0,73.7,1,High,1,0,25.19
1445,Male,Ahmedabad,Tier2,CS,AI,No,No,5.03,5.54,5.12,5.06,4.79,4.98,6.01,5.2,5.02,64.1,1,1,1.0,1,0,44.7,2.3,19.2,33.4,0,Low,0,0,0.0
18219,Male,Pune,Tier1,Mechanical,Networking,Yes,No,7.32,7.74,7.54,7.53,7.38,8.48,8.05,8.16,7.75,83.0,2,2,3.0,3,3,63.2,5.0,60.8,84.9,1,Mid,1,0,8.14
30647,Male,Jaipur,Tier1,Mechanical,DataScience,No,No,9.17,9.29,9.52,9.94,8.94,9.29,9.61,9.18,9.44,82.3,2,4,3.0,3,2,70.1,4.1,92.8,73.0,1,High,1,0,25.98
49168,Female,Hyderabad,Tier1,Mechanical,Networking,No,No,5.99,5.62,4.7,5.81,5.64,6.02,6.1,5.58,5.73,88.8,1,3,3.0,3,2,90.3,4.9,69.0,81.0,0,Low,1,0,3.84
39990,Female,Chennai,Tier2,ECE,DataScience,No,No,7.41,6.76,7.62,7.3,7.16,6.9,7.04,6.83,7.31,61.7,0,1,1.0,1,0,45.5,2.4,28.6,42.1,0,Mid,0,0,0.0
44756,Female,Delhi,Tier2,EE,AI,Yes,No,7.32,8.08,7.72,7.99,7.75,7.51,8.06,8.3,7.69,71.3,0,2,2.0,3,0,69.7,3.4,57.3,57.6,0,Mid,1,0,8.21
48346,Male,Mumbai,Tier3,IT,DataScience,Yes,No,4.68,5.43,4.78,4.78,5.17,5.16,5.17,5.6,5.18,78.7,1,1,2.0,1,0,75.9,3.5,62.5,54.7,1,Low,0,0,0.0
42970,Female,Bangalore,Tier2,Civil,Networking,Yes,No,8.08,8.49,8.16,7.95,8.07,8.72,8.34,8.73,8.3,71.2,1,1,1.0,2,1,82.2,3.6,58.6,53.9,0,High,1,0,18.64
20420,Male,Mumbai,Tier1,Mechanical,Embedded,Yes,No,9.76,9.86,9.6,10.0,10.0,9.74,10.0,10.0,9.9,93.7,3,3,3.0,3,1,76.2,5.0,81.8,79.3,1,High,1,0,25.26
10897,Female,Kochi,Tier2,IT,DataScience,No,No,9.47,9.37,9.02,9.43,9.85,9.91,9.67,9.48,9.45,64.9,2,3,3.0,3,0,73.1,5.0,68.6,73.6,1,High,1,0,25.85
36350,Female,Pune,Tier1,EE,Embedded,No,Yes,6.33,6.48,6.88,6.34,5.83,6.58,6.31,6.37,6.28,87.3,1,1,2.0,1,0,80.9,2.7,62.9,47.7,1,Low,0,0,0.0
19313,Female,Hyderabad,Tier1,ECE,DataScience,Yes,No,8.66,9.01,8.88,8.81,8.52,9.5,8.88,9.56,8.94,100.0,1,4,4.0,4,1,74.1,4.9,73.3,61.9,1,High,1,0,22.11
5583,Female,Hyderabad,Tier3,Civil,Networking,No,No,5.0,4.66,4.84,4.49,4.42,4.0,4.6,4.0,4.53,64.7,0,1,1.0,1,0,47.0,1.8,28.2,34.9,0,Low,0,0,0.0
6683,Female,Bangalore,Tier3,Mechanical,Networking,No,Yes,5.68,5.55,5.39,5.48,5.51,5.41,5.22,5.04,5.46,58.0,0,0,1.0,1,0,46.2,2.2,20.8,25.7,0,Low,0,0,0.0
30680,Female,Delhi,Tier2,Mechanical,AI,No,No,5.88,6.59,6.85,6.83,6.61,5.76,6.33,6.21,6.31,78.7,1,2,1.0,3,1,73.2,1.9,40.1,49.2,1,Low,0,0,0.0
6848,Male,Ahmedabad,Tier2,ECE,Networking,Yes,No,8.75,8.88,9.29,8.53,8.57,8.52,8.47,8.54,8.7,68.1,2,3,3.0,2,1,59.7,3.3,55.0,54.4,0,High,1,0,18.28
15982,Male,Hyderabad,Tier2,EE,Embedded,Yes,No,6.55,6.34,6.81,6.16,6.72,6.22,7.3,5.86,6.23,57.1,0,0,0.0,1,0,47.7,1.5,23.5,23.6,0,Low,0,0,0.0
33676,Female,Hyderabad,Tier3,CS,AI,Yes,No,5.89,5.77,6.16,6.42,5.89,5.53,6.05,5.95,5.88,68.2,0,1,0.0,1,0,42.4,2.3,29.3,29.3,1,Low,0,0,0.0
7566,Female,Bangalore,Tier3,CS,DataScience,Yes,Yes,4.55,4.3,4.4,4.6,4.28,4.4,4.0,4.0,4.3,70.1,1,0,0.0,0,0,43.1,1.9,23.6,29.4,0,Low,0,0,0.0
7412,Male,Kolkata,Tier2,ECE,Embedded,Yes,No,5.09,5.26,4.97,4.96,5.51,5.2,5.32,5.13,5.19,70.4,1,2,1.0,2,1,55.5,2.3,66.4,52.7,1,Low,0,0,0.0
25355,Female,Ahmedabad,Tier2,IT,Networking,Yes,Yes,8.55,8.58,9.01,8.55,8.74,8.49,8.18,9.1,8.6,78.7,0,2,1.0,2,1,65.9,2.9,65.9,50.1,1,High,1,0,18.89
47739,Male,Jaipur,Tier3,Mechanical,AI,Yes,Yes,9.48,9.31,9.01,9.11,9.17,9.04,9.21,9.41,9.17,85.3,1,2,0.0,3,0,76.8,3.6,55.6,43.5,0,High,1,0,18.39
9759,Male,Delhi,Tier1,ECE,DataScience,Yes,No,8.08,9.1,8.46,8.86,9.14,8.61,8.22,8.82,8.61,85.2,2,3,3.0,3,2,71.9,3.6,72.5,70.7,1,High,1,0,22.23
9768,Male,Bangalore,Tier2,EE,Embedded,Yes,No,6.14,6.1,7.01,6.35,6.94,6.71,6.14,6.7,6.59,81.8,0,2,2.0,2,0,68.7,3.1,58.3,53.0,1,Mid,0,0,0.0
23112,Female,Mumbai,Tier1,IT,AI,Yes,No,7.37,8.15,7.46,8.16,7.82,7.75,8.18,7.87,7.7,67.1,2,4,3.0,3,1,94.5,4.4,70.9,67.6,1,Mid,1,0,12.98
44347,Male,Jaipur,Tier3,Mechanical,AI,Yes,Yes,4.0,4.0,4.0,4.0,4.0,4.0,4.0,4.0,4.09,51.4,1,1,1.0,0,0,49.1,2.0,26.4,33.2,1,Low,0,0,0.0
22810,Male,Ahmedabad,Tier2,ECE,Networking,No,No,7.58,7.65,7.51,7.27,7.62,7.88,7.51,7.44,7.38,68.3,2,2,1.0,1,1,76.2,3.2,55.1,47.8,0,Mid,1,0,10.09
20508,Female,Pune,Tier2,ECE,Embedded,No,No,10.0,9.55,9.99,10.0,10.0,10.0,10.0,10.0,10.0,88.3,1,3,3.0,1,1,92.2,4.2,81.5,82.1,1,High,1,0,25.53
45706,Male,Hyderabad,Tier2,CS,Embedded,Yes,No,5.49,5.44,5.95,5.88,5.8,6.43,5.51,6.5,5.77,79.9,1,2,2.0,2,0,64.3,3.1,48.4,56.7,1,Low,1,0,5.88
21762,Female,Kolkata,Tier2,EE,AI,No,No,6.73,7.0,7.18,6.49,6.91,7.11,7.24,7.24,6.78,90.0,1,2,2.0,2,0,68.7,2.8,52.4,69.8,1,Mid,1,0,8.24
21496,Male,Hyderabad,Tier2,CS,DataScience,No,No,9.69,8.91,9.45,9.04,9.27,9.23,9.34,9.44,9.23,89.2,1,2,1.0,2,0,65.5,3.4,53.5,52.7,0,High,1,0,18.32
43813,Male,Hyderabad,Tier1,IT,DataScience,Yes,No,8.36,7.92,7.75,8.17,8.2,8.13,8.42,8.2,8.21,89.2,3,4,2.0,2,1,91.4,3.6,90.4,61.4,1,High,1,0,22.19
18265,Female,Bangalore,Tier2,CS,Embedded,No,No,7.49,7.57,7.23,7.76,7.71,8.01,7.46,7.76,7.6,68.6,1,2,3.0,2,0,69.6,3.6,49.8,52.0,1,Mid,1,0,8.37
41115,Male,Kolkata,Tier1,CS,AI,No,No,10.0,10.0,10.0,10.0,10.0,10.0,10.0,10.0,9.97,100.0,2,3,2.0,3,1,71.8,4.0,76.5,56.2,1,High,1,0,25.13
20035,Male,Pune,Tier2,Civil,Embedded,Yes,No,8.87,8.68,8.58,7.76,8.62,8.55,8.72,8.33,8.39,100.0,3,5,1.0,3,2,81.3,4.9,85.6,74.3,1,High,1,0,22.2
10076,Female,Ahmedabad,Tier2,ECE,Networking,Yes,No,7.86,8.14,8.35,8.43,8.31,8.25,8.72,8.23,8.33,100.0,2,4,3.0,3,2,73.5,3.6,90.6,62.8,1,High,1,0,22.12
14277,Male,Hyderabad,Tier1,Mechanical,Embedded,Yes,No,8.28,9.18,8.73,8.73,8.46,8.91,9.03,9.33,9.03,78.9,2,1,3.0,5,1,87.8,4.5,73.1,80.4,1,High,1,0,25.45
35781,Female,Kolkata,Tier2,Civil,Embedded,No,No,8.06,7.86,7.79,7.67,8.18,7.77,7.56,8.19,7.75,72.8,1,2,2.0,1,0,71.5,3.5,51.6,56.5,1,Mid,1,0,8.46
16871,Female,Mumbai,Tier3,IT,DataScience,Yes,No,9.01,9.04,8.93,9.51,9.18,9.11,8.83,9.07,8.94,66.1,1,2,1.0,3,0,73.5,3.9,47.9,59.1,1,High,1,0,18.57
14447,Male,Hyderabad,Tier3,CS,AI,Yes,Yes,5.22,5.43,5.18,5.42,5.09,5.23,4.59,5.46,5.12,65.4,0,0,1.0,1,1,44.9,2.5,31.5,31.9,1,Low,0,0,0.0
36717,Female,Ahmedabad,Tier3,CS,AI,No,Yes,4.41,4.31,4.3,4.51,4.53,4.97,4.51,4.22,4.55,58.6,0,1,1.0,1,0,46.7,1.5,25.1,33.4,1,Low,0,0,0.0
36165,Male,Kochi,Tier2,CS,AI,No,No,10.0,10.0,10.0,10.0,10.0,9.91,10.0,10.0,9.75,71.2,2,4,3.0,3,2,77.7,3.6,88.5,64.0,1,High,1,0,25.55
14474,Male,Mumbai,Tier3,CS,Embedded,Yes,No,6.92,7.23,7.48,7.67,8.43,7.08,7.47,7.17,7.67,67.3,0,0,0.0,0,0,48.9,1.9,24.9,30.7,0,Mid,0,0,0.0
46117,Male,Delhi,Tier2,CS,AI,Yes,No,7.63,7.93,7.25,7.21,8.38,7.64,7.51,7.44,7.63,76.0,0,1,1.0,2,1,62.9,3.9,57.2,45.7,0,Mid,1,0,8.57
30626,Male,Kolkata,Tier1,CS,Embedded,Yes,No,7.22,7.35,7.19,7.71,7.99,7.13,7.27,7.61,7.17,63.7,1,2,1.0,1,0,71.8,3.0,48.2,56.1,1,Mid,1,0,8.45
38723,Female,Bangalore,Tier2,CS,Embedded,No,No,10.0,10.0,10.0,9.51,10.0,10.0,10.0,10.0,10.0,78.6,1,4,3.0,3,2,90.7,4.1,77.1,61.9,0,High,1,0,18.64
28345,Male,Jaipur,Tier2,ECE,Networking,Yes,Yes,6.8,6.76,6.57,6.59,6.22,5.97,6.21,6.67,6.48,76.7,1,1,1.0,2,0,64.4,3.4,60.6,49.1,0,Low,0,0,0.0
16438,Female,Kochi,Tier2,ECE,Networking,Yes,Yes,7.14,6.81,6.36,6.88,6.79,6.34,6.82,7.53,6.84,86.0,1,2,1.0,3,1,57.7,2.3,63.2,53.1,1,Mid,0,0,0.0
4581,Male,Chennai,Tier3,Civil,Embedded,Yes,Yes,5.29,5.28,5.0,4.7,5.06,4.43,5.22,4.48,4.82,58.3,0,0,1.0,0,0,43.3,1.2,27.2,30.9,0,Low,0,0,0.0
47304,Female,Delhi,Tier3,Mechanical,Networking,Yes,No,6.86,7.12,6.6,6.55,6.16,6.25,6.93,6.73,6.7,58.6,0,1,0.0,0,0,39.7,1.5,25.4,37.3,0,Mid,0,0,0.0
15193,Male,Bangalore,Tier2,CS,Networking,Yes,No,9.28,9.65,9.65,10.0,9.99,9.66,9.75,10.0,9.65,97.5,2,2,4.0,3,2,69.7,3.3,83.7,73.7,0,High,1,0,18.49
5526,Female,Chennai,Tier2,Civil,AI,Yes,No,8.29,8.08,8.06,7.45,8.24,8.1,8.75,8.11,8.13,85.2,2,3,2.0,4,2,82.2,4.7,84.0,63.4,1,High,1,0,22.1
39228,Female,Pune,Tier1,ECE,Networking,No,No,8.42,9.12,8.9,8.19,9.04,9.16,8.87,8.55,8.8,70.3,1,2,1.0,2,0,70.6,2.6,68.5,40.1,0,High,1,0,18.18
3468,Male,Pune,Tier3,Civil,DataScience,Yes,No,7.2,6.87,7.16,7.4,7.65,7.21,7.57,7.08,7.26,66.7,1,1,1.0,2,0,72.6,2.3,57.7,58.9,1,Mid,0,0,0.0
15074,Female,Bangalore,Tier2,ECE,AI,No,No,9.65,9.71,10.0,10.0,10.0,10.0,10.0,10.0,9.88,85.3,2,4,2.0,4,1,89.6,3.9,96.3,66.7,1,High,1,0,25.19
48706,Female,Bangalore,Tier1,CS,DataScience,Yes,No,8.98,9.05,8.86,9.22,9.64,9.32,9.57,9.27,9.05,71.1,2,3,3.0,4,1,84.6,3.2,77.2,78.6,1,High,1,0,25.4
13610,Female,Hyderabad,Tier2,Mechanical,Networking,Yes,No,9.19,9.03,9.45,9.62,9.19,9.7,9.45,9.64,9.32,84.2,1,2,2.0,2,0,63.1,3.1,58.9,46.7,0,High,1,0,18.14
39758,Female,Chennai,Tier3,ECE,AI,Yes,No,5.97,5.78,5.91,5.87,5.58,5.83,6.03,5.68,5.84,74.8,1,2,2.0,1,1,89.6,1.8,43.0,47.2,0,Low,1,0,3.58
11626,Male,Chennai,Tier1,CS,AI,Yes,No,7.93,8.69,8.16,8.31,7.82,8.92,8.83,8.32,8.54,79.1,1,5,3.0,2,1,76.2,3.3,79.9,73.4,1,High,1,0,22.17
12629,Female,Chennai,Tier2,CS,Networking,Yes,No,7.2,7.57,7.83,7.17,7.83,7.21,7.28,7.24,7.3,75.1,1,2,1.0,1,0,77.1,2.8,54.5,51.9,0,Mid,1,0,8.5
5873,Male,Jaipur,Tier2,ECE,Networking,Yes,No,7.08,7.0,6.91,7.17,6.63,6.74,6.59,6.79,6.65,77.0,1,2,1.0,1,1,70.2,2.7,60.6,45.9,0,Mid,1,0,12.15
48244,Female,Delhi,Tier2,CS,Networking,No,No,7.61,8.59,8.33,8.17,8.57,8.45,7.69,8.33,8.28,79.6,1,2,2.0,1,1,74.4,3.2,52.5,55.3,1,High,1,0,22.85
33982,Female,Delhi,Tier1,EE,Embedded,No,No,7.77,7.6,7.23,7.15,7.93,7.99,7.87,7.8,7.68,69.5,2,3,3.0,3,2,84.7,4.3,80.4,75.9,1,Mid,1,0,8.22
31261,Male,Kolkata,Tier2,IT,Networking,No,Yes,7.6,7.58,7.78,7.68,7.51,8.14,7.7,8.29,7.85,86.9,2,3,3.0,3,1,83.6,4.5,82.7,66.3,1,Mid,1,0,8.46
13665,Female,Bangalore,Tier2,ECE,Networking,Yes,No,8.13,8.55,8.84,8.29,8.75,9.32,8.42,7.97,8.48,73.7,1,2,2.0,1,0,76.3,1.7,60.1,45.2,1,High,1,0,18.66
12951,Female,Kolkata,Tier3,CS,DataScience,Yes,No,6.49,7.66,7.37,7.13,7.15,7.07,7.71,7.21,7.41,76.4,0,2,2.0,2,0,62.4,2.9,53.4,57.6,1,Mid,1,0,8.75
41547,Female,Pune,Tier2,ECE,Networking,Yes,Yes,8.42,8.25,7.77,8.31,7.65,8.09,8.19,8.51,8.08,84.2,1,2,2.0,2,0,57.9,2.7,50.1,51.9,1,High,1,0,18.45
851,Male,Pune,Tier2,ECE,DataScience,No,No,9.42,9.5,9.86,9.18,9.3,9.26,9.65,9.78,9.56,68.4,2,2,2.0,3,2,88.2,4.2,86.4,71.8,0,High,1,0,18.83
34768,Male,Pune,Tier1,CS,Embedded,Yes,No,8.24,8.25,8.14,8.31,8.46,8.38,8.76,8.53,8.38,65.2,1,2,2.0,1,0,69.7,2.7,52.7,45.3,1,High,1,0,18.08
24913,Female,Hyderabad,Tier1,Civil,Networking,Yes,No,8.74,8.53,7.64,7.49,8.32,8.32,7.77,8.09,9.92,95.7,3,5,2.0,5,2,97.3,3.5,96.9,82.8,1,High,1,1,25.19
17970,Female,Bangalore,Tier2,Mechanical,AI,No,No,6.46,7.24,7.46,6.03,6.72,7.43,6.37,7.36,6.81,89.9,2,2,3.0,1,1,76.4,3.8,64.4,58.6,1,Mid,1,0,8.55
28377,Female,Ahmedabad,Tier3,Civil,Embedded,Yes,No,6.05,6.86,6.41,6.59,6.58,5.91,6.11,6.33,6.19,51.8,0,0,1.0,0,0,44.8,1.5,32.8,24.8,0,Low,0,0,0.0
46456,Male,Pune,Tier1,EE,Embedded,No,No,6.07,6.72,6.2,5.96,6.11,6.14,5.87,5.86,6.29,86.9,1,1,2.0,2,0,81.1,3.4,55.3,63.6,1,Low,1,0,6.33
38500,Male,Kochi,Tier1,EE,Embedded,No,No,8.27,8.32,7.86,8.62,7.88,8.35,8.01,8.41,8.32,83.9,0,2,3.0,1,0,79.1,3.3,46.0,52.1,1,High,1,0,18.55
16248,Female,Jaipur,Tier2,IT,DataScience,Yes,Yes,7.18,7.67,7.45,7.6,6.79,7.42,7.25,7.65,7.32,61.7,0,2,1.0,1,1,73.7,2.7,47.7,60.4,0,Mid,0,0,0.0
8787,Female,Chennai,Tier1,CS,DataScience,Yes,No,6.16,5.98,5.79,6.17,6.33,6.32,5.6,5.79,6.19,80.8,0,1,2.0,2,0,62.6,3.0,51.1,49.9,1,Low,0,0,0.0
35430,Female,Hyderabad,Tier2,CS,Embedded,No,No,7.92,7.81,7.81,8.26,7.97,7.95,8.33,8.31,8.08,79.9,2,4,4.0,4,2,80.1,3.2,72.2,68.9,1,High,1,0,22.66
19104,Female,Chennai,Tier2,ECE,Networking,Yes,No,9.03,9.15,9.47,9.61,9.64,9.62,9.87,9.65,9.43,91.2,1,5,2.0,3,1,77.8,3.7,84.4,68.0,1,High,1,0,25.94
44143,Male,Delhi,Tier1,ECE,Embedded,Yes,No,8.75,9.09,8.48,9.21,8.99,9.2,9.19,9.29,9.19,90.4,1,2,3.0,1,2,75.0,3.4,85.4,70.3,1,High,1,0,25.41
14787,Male,Mumbai,Tier1,IT,AI,Yes,Yes,7.44,7.89,7.8,7.95,7.67,7.32,7.71,7.7,7.72,86.5,1,1,2.0,3,0,80.2,4.1,43.7,49.6,1,Mid,0,0,0.0
42356,Male,Kolkata,Tier2,ECE,Networking,Yes,No,8.67,9.19,9.05,8.54,8.76,9.15,9.07,9.11,9.13,94.9,2,4,4.0,4,1,89.5,4.2,82.0,57.6,1,High,1,0,25.59
20186,Male,Jaipur,Tier2,CS,Embedded,Yes,No,8.78,8.35,8.92,8.8,8.72,8.9,9.26,8.92,8.91,80.7,2,3,4.0,3,1,90.8,4.5,76.4,75.2,1,High,1,0,22.79
31786,Female,Kolkata,Tier3,EE,DataScience,No,Yes,5.31,6.06,6.01,5.83,6.12,6.09,5.73,5.2,5.69,56.3,0,1,1.0,1,1,47.4,2.2,34.7,25.4,0,Low,0,0,0.0
48062,Male,Chennai,Tier1,Mechanical,Networking,No,No,7.32,6.88,7.51,7.0,7.57,6.83,6.97,7.15,7.31,80.7,1,3,2.0,3,1,77.6,3.7,80.3,66.9,1,Mid,1,0,8.08
6425,Female,Bangalore,Tier1,CS,Embedded,Yes,No,8.4,8.86,8.65,8.54,8.55,8.49,8.65,8.65,8.73,70.9,1,1,1.0,2,1,62.6,3.3,61.9,53.0,1,High,1,0,22.57
46203,Male,Bangalore,Tier3,CS,DataScience,Yes,Yes,6.01,6.12,5.57,6.18,5.66,5.88,5.5,5.17,5.93,67.1,0,1,1.0,0,0,49.1,1.0,33.7,35.7,1,Low,0,0,0.0
45699,Male,Pune,Tier1,IT,Networking,Yes,No,7.68,7.93,7.94,7.62,8.36,7.99,8.18,7.9,7.89,91.4,2,3,3.0,5,1,96.2,3.9,88.8,65.9,1,Mid,1,0,8.62
18151,Male,Chennai,Tier3,CS,Embedded,No,No,8.4,8.62,8.42,8.65,8.71,8.65,8.13,7.81,8.52,87.4,1,2,1.0,3,0,67.7,2.6,56.0,53.7,1,High,1,0,18.16
30624,Male,Jaipur,Tier1,ECE,DataScience,No,No,9.35,9.47,9.24,8.99,9.08,9.4,10.0,9.26,9.96,81.5,3,5,3.0,3,1,99.4,4.6,96.3,86.7,0,High,1,1,18.95
18185,Female,Chennai,Tier1,Civil,Networking,No,No,10.0,10.0,9.98,10.0,9.69,10.0,10.0,10.0,9.94,94.2,3,1,4.0,4,0,63.5,3.3,93.4,63.5,0,High,1,0,18.04
26731,Female,Chennai,Tier1,ECE,Networking,Yes,No,7.44,7.56,7.25,7.36,7.28,8.23,7.65,7.47,7.5,70.2,1,0,1.0,3,1,64.2,2.8,62.2,37.5,0,Mid,1,0,8.03
36056,Male,Bangalore,Tier2,EE,Embedded,Yes,No,5.18,5.1,4.22,5.3,5.67,5.57,5.26,5.6,5.35,78.1,1,2,2.0,1,0,66.7,2.0,58.5,58.8,0,Low,0,0,0.0
40833,Female,Bangalore,Tier3,CS,Networking,No,No,5.37,5.13,5.48,5.45,5.23,4.93,4.66,4.71,5.0,60.4,0,1,1.0,1,0,45.0,2.4,21.9,31.4,0,Low,0,0,0.0
34374,Male,Hyderabad,Tier1,IT,Embedded,Yes,No,7.73,7.81,7.84,7.49,7.67,7.42,8.05,7.0,7.59,98.2,2,2,3.0,3,1,89.7,3.2,73.9,87.3,0,Mid,1,0,8.62
45453,Female,Chennai,Tier1,CS,Networking,No,No,10.0,9.99,9.89,10.0,10.0,9.65,10.0,10.0,9.9,96.1,3,4,4.0,4,2,77.4,4.4,89.1,69.1,1,High,1,0,25.13
34308,Male,Kochi,Tier1,Civil,Embedded,Yes,No,6.23,5.84,6.46,6.22,6.56,6.25,6.76,6.02,6.32,71.0,1,3,1.0,2,0,78.8,3.9,45.3,57.1,0,Low,1,0,3.19
46162,Female,Ahmedabad,Tier1,CS,AI,No,No,6.56,6.79,6.95,7.13,6.54,7.42,6.82,7.05,7.04,74.2,1,2,1.0,1,1,74.7,3.4,48.9,55.2,0,Mid,1,0,8.64
21233,Male,Kochi,Tier3,ECE,DataScience,Yes,No,6.66,7.32,7.27,7.33,6.99,6.99,7.19,7.54,7.19,78.6,1,1,2.0,2,0,74.0,3.1,52.2,50.7,0,Mid,1,0,12.05
27005,Male,Pune,Tier1,Mechanical,Embedded,No,Yes,7.96,7.97,7.92,8.37,8.4,8.09,8.31,8.1,8.31,70.2,1,2,2.0,1,1,55.3,3.4,64.1,54.4,1,High,0,0,22.04
7440,Male,Kolkata,Tier1,Mechanical,Embedded,Yes,No,6.16,6.11,6.23,6.32,6.48,6.07,6.57,6.14,6.23,90.5,3,3,3.0,3,2,84.3,3.5,60.1,80.8,1,Low,1,0,6.44
37341,Male,Bangalore,Tier2,CS,Networking,No,No,9.36,8.89,8.71,9.33,9.16,9.13,9.13,8.77,9.08,73.6,2,3,3.0,4,0,95.6,4.0,77.7,85.3,1,High,1,0,25.13
7285,Male,Pune,Tier1,Civil,Embedded,Yes,No,9.18,9.44,10.0,10.0,10.0,10.0,10.0,10.0,9.98,79.7,2,5,3.0,3,1,83.1,2.5,93.7,93.8,1,High,1,0,18.69
49968,Female,Jaipur,Tier2,IT,AI,No,No,8.46,7.49,8.36,8.09,8.08,7.73,7.71,8.09,8.07,100.0,2,3,2.0,4,2,92.3,2.9,77.4,69.4,1,High,1,0,18.74
15618,Male,Bangalore,Tier2,IT,AI,No,No,7.84,7.99,8.34,8.57,8.01,7.77,8.34,8.29,8.32,85.6,2,2,2.0,2,0,71.2,2.6,50.5,56.0,0,High,1,0,18.11
9619,Male,Hyderabad,Tier2,CS,AI,No,No,7.27,7.22,8.02,7.7,7.56,7.88,7.79,7.55,7.58,74.7,1,2,1.0,2,0,83.8,3.2,54.1,65.7,0,Mid,1,0,8.97
28873,Male,Mumbai,Tier2,CS,DataScience,Yes,No,6.78,6.35,6.25,6.97,6.6,6.29,6.03,6.51,6.43,76.7,1,2,2.0,1,1,70.1,2.6,43.7,61.8,1,Low,0,0,0.0
37268,Female,Pune,Tier2,CS,AI,No,No,7.35,8.14,7.95,7.61,7.82,8.27,8.01,7.96,7.99,91.9,3,4,4.0,4,1,91.9,3.7,66.0,79.7,1,Mid,1,0,8.17
32954,Male,Mumbai,Tier1,EE,Networking,No,No,7.38,7.51,8.28,7.32,7.39,7.65,8.07,8.21,7.73,75.4,2,3,2.0,3,2,90.6,5.0,65.6,67.4,1,Mid,1,0,8.77
29894,Female,Delhi,Tier1,CS,AI,Yes,No,7.68,7.7,7.59,8.04,7.92,8.0,7.79,7.77,9.91,72.9,3,5,2.0,1,0,97.2,3.0,95.7,45.5,1,Mid,1,1,8.33
32505,Male,Hyderabad,Tier3,Civil,Networking,No,No,5.79,6.1,5.38,5.25,5.67,6.03,5.21,5.53,5.67,53.7,1,1,0.0,0,0,62.2,2.1,20.3,34.9,0,Low,0,0,0.0
27732,Male,Delhi,Tier1,ECE,Embedded,No,Yes,9.04,8.8,9.32,8.84,9.48,8.88,9.42,9.43,9.09,81.4,2,3,2.0,4,2,92.1,5.0,75.4,59.7,1,High,1,0,25.24
31845,Male,Kolkata,Tier1,Mechanical,AI,No,Yes,6.1,6.7,6.8,6.34,6.44,6.81,6.67,6.84,6.45,70.0,0,2,1.0,1,1,67.6,2.8,63.8,54.0,1,Low,0,0,0.0
4274,Female,Kolkata,Tier2,CS,AI,Yes,No,7.69,7.71,7.69,8.04,7.29,7.37,7.44,7.12,7.52,79.5,2,3,1.0,2,1,64.9,3.4,54.9,50.9,0,Mid,1,0,8.53
47404,Male,Hyderabad,Tier1,EE,AI,Yes,No,9.89,9.63,9.63,10.0,9.18,10.0,9.8,10.0,9.74,95.0,3,5,2.0,2,2,85.9,2.9,79.6,88.9,0,High,1,0,18.69
23362,Male,Bangalore,Tier1,IT,DataScience,No,No,6.44,6.21,6.41,6.56,6.76,6.75,6.4,6.56,9.82,99.1,3,5,3.0,3,2,98.1,4.1,96.1,61.3,1,Mid,1,1,9.01
2323,Male,Jaipur,Tier2,Mechanical,Networking,Yes,No,6.31,6.82,6.05,6.04,6.28,6.24,6.55,5.84,6.12,69.3,1,2,1.0,1,0,62.0,2.5,49.4,35.9,1,Low,0,0,0.0
14973,Male,Mumbai,Tier1,ECE,DataScience,No,No,7.37,7.03,7.2,7.93,7.32,7.49,7.97,7.35,7.54,100.0,2,3,2.0,3,2,75.3,2.9,81.4,76.2,0,Mid,1,0,8.69
16452,Male,Ahmedabad,Tier2,ECE,Embedded,Yes,No,9.66,9.05,9.22,10.0,10.0,9.79,9.62,9.62,9.76,79.7,2,3,3.0,2,2,80.6,3.1,74.6,60.4,1,High,1,0,25.22
14546,Male,Pune,Tier2,ECE,Networking,Yes,No,7.18,7.56,7.27,7.04,7.44,7.27,7.83,7.72,7.51,74.0,2,3,1.0,1,1,74.5,1.5,62.6,57.5,1,Mid,1,0,8.19
19314,Female,Pune,Tier1,CS,DataScience,No,No,9.99,10.0,10.0,9.77,10.0,10.0,10.0,10.0,10.0,81.6,2,3,4.0,3,1,72.4,4.7,69.3,80.0,0,High,1,0,18.39
23671,Female,Kochi,Tier3,EE,Networking,No,No,7.96,7.64,7.89,8.01,7.93,8.1,7.45,8.18,8.04,76.0,1,2,1.0,2,1,70.6,2.9,51.3,48.6,1,High,1,0,18.53
37050,Male,Kolkata,Tier2,IT,AI,Yes,No,8.62,8.81,8.54,9.31,9.07,8.81,8.5,9.48,8.88,91.1,2,4,2.0,3,1,81.2,3.7,90.3,82.2,0,High,1,0,18.22
45913,Female,Kochi,Tier3,ECE,Networking,Yes,No,5.65,5.87,5.61,5.8,5.31,5.67,5.3,5.99,5.64,60.1,0,0,0.0,0,0,46.4,1.6,31.4,30.2,0,Low,0,0,0.0
26320,Male,Bangalore,Tier3,CS,Embedded,No,Yes,5.17,5.52,5.38,5.27,5.29,4.58,5.51,4.85,5.14,66.7,1,1,1.0,1,0,42.8,1.4,31.4,31.1,0,Low,0,0,0.0
33922,Female,Chennai,Tier1,Civil,Embedded,No,No,9.42,9.41,9.35,8.96,9.75,9.43,9.74,9.78,9.53,94.5,2,3,4.0,3,1,78.4,4.8,85.6,71.9,0,High,1,0,18.55
10987,Male,Jaipur,Tier1,Mechanical,Networking,No,No,7.39,7.68,8.0,7.74,8.02,7.65,8.26,8.4,7.83,100.0,2,2,2.0,5,2,76.3,5.0,86.1,74.3,1,Mid,1,0,8.07
14785,Male,Chennai,Tier2,CS,DataScience,Yes,Yes,5.05,4.31,4.66,4.33,4.86,4.61,4.34,5.18,4.76,69.2,1,2,2.0,1,1,62.5,2.7,65.5,59.1,1,Low,0,0,0.0
43127,Female,Kolkata,Tier2,EE,Networking,No,No,8.51,8.03,8.85,8.07,8.04,7.98,8.29,8.0,8.31,89.0,1,2,2.0,2,1,60.5,3.1,43.3,50.9,1,High,1,0,18.74
33808,Female,Ahmedabad,Tier3,IT,AI,Yes,No,8.15,7.77,7.98,7.87,7.66,8.12,8.39,8.29,8.18,86.1,1,3,1.0,3,1,76.5,2.8,61.8,48.3,1,High,1,0,18.38
7299,Female,Delhi,Tier2,ECE,Networking,Yes,No,4.59,4.93,4.82,4.51,4.62,4.99,4.64,4.32,4.84,76.6,1,2,2.0,2,1,69.3,2.9,62.9,50.5,1,Low,0,0,0.0
12401,Male,Hyderabad,Tier2,CS,DataScience,Yes,No,7.08,6.74,6.43,6.25,6.85,5.93,6.24,6.27,6.59,76.0,1,2,2.0,1,0,53.3,2.5,61.2,48.1,0,Mid,1,0,8.04
7526,Male,Pune,Tier1,Mechanical,Networking,Yes,No,7.31,7.24,7.39,6.7,7.59,7.54,7.33,7.58,7.35,69.8,2,2,1.0,2,0,58.6,3.2,63.8,48.6,1,Mid,1,0,8.98
8902,Female,Hyderabad,Tier3,EE,DataScience,Yes,Yes,5.2,4.79,5.86,4.89,5.46,5.02,5.65,4.97,5.38,64.1,0,1,0.0,0,0,50.3,2.5,24.0,23.6,0,Low,0,0,0.0
24779,Male,Kochi,Tier1,Civil,DataScience,Yes,No,7.21,7.62,6.72,7.23,7.14,7.39,7.7,7.17,7.35,72.8,0,2,2.0,1,0,71.1,3.6,61.7,68.4,0,Mid,1,0,8.99
40304,Female,Delhi,Tier2,CS,DataScience,Yes,No,7.94,8.11,8.19,7.65,7.73,7.96,7.94,8.07,8.08,50.0,1,2,2.0,2,0,67.2,3.1,65.5,40.4,0,High,1,0,18.76
39666,Female,Pune,Tier2,CS,DataScience,No,No,6.28,6.36,6.92,6.54,5.88,6.42,6.02,6.6,4.39,52.42525124,0,1,1.0,0,0,34.1,2.7,0.1,28.3,0,Low,0,1,0.0
31513,Female,Hyderabad,Tier3,EE,Networking,No,No,9.05,9.4,9.51,9.85,9.44,9.28,9.42,9.61,9.42,76.8,0,1,3.0,2,0,67.7,2.7,55.3,51.3,1,High,1,0,18.67
11905,Male,Delhi,Tier2,Mechanical,Embedded,Yes,No,6.76,6.71,6.87,7.02,7.17,7.0,6.81,7.78,7.11,69.9,1,2,1.0,1,0,77.2,3.1,53.4,52.6,1,Mid,1,0,8.77
32150,Male,Bangalore,Tier2,Civil,DataScience,Yes,Yes,5.26,5.34,5.88,6.44,5.75,6.36,5.93,6.1,5.98,66.5,1,2,1.0,1,0,74.3,3.0,56.3,54.9,1,Low,0,0,0.0
48832,Female,Bangalore,Tier3,ECE,Embedded,Yes,No,6.24,6.69,7.0,6.95,7.33,7.06,7.17,6.89,6.9,74.8,0,1,2.0,2,0,68.9,2.4,38.4,53.8,1,Mid,0,0,0.0
21258,Female,Ahmedabad,Tier2,IT,AI,No,No,5.56,5.38,5.2,4.35,5.26,4.97,5.09,5.69,4.98,88.1,1,4,3.0,2,1,90.0,3.6,64.2,75.3,1,Low,1,0,6.02
43773,Male,Chennai,Tier1,ECE,Networking,No,No,8.49,8.17,7.83,8.15,7.94,8.37,7.98,8.57,8.24,72.9,1,1,2.0,1,0,76.6,2.2,71.6,49.3,0,High,1,0,18.5
42847,Female,Bangalore,Tier2,IT,Networking,No,Yes,7.43,7.66,7.3,7.67,7.48,7.75,7.43,8.06,4.08,50.99390803,1,2,1.0,2,0,31.3,2.9,1.7,52.1,0,Mid,0,1,0.0
32749,Female,Pune,Tier2,CS,DataScience,Yes,No,5.71,5.66,5.58,6.05,5.62,5.87,5.8,5.73,5.72,92.0,0,2,2.0,1,0,65.2,3.7,56.0,54.0,0,Low,0,0,0.0
34536,Male,Mumbai,Tier3,ECE,Embedded,No,Yes,7.03,7.21,6.89,6.88,6.74,6.81,6.6,6.82,6.93,61.8,0,0,1.0,0,0,44.2,2.1,31.2,26.9,1,Mid,0,0,0.0
31921,Female,Bangalore,Tier1,ECE,DataScience,No,No,9.13,9.37,8.69,9.46,9.16,9.61,9.43,9.88,9.57,82.6,2,3,3.0,5,2,78.7,4.4,76.8,60.6,1,High,1,0,25.84
34537,Male,Mumbai,Tier2,Mechanical,DataScience,Yes,No,10.0,10.0,10.0,9.52,10.0,10.0,10.0,10.0,9.9,89.5,2,3,3.0,4,1,78.6,4.9,85.9,75.0,1,High,1,0,25.93
2339,Male,Bangalore,Tier2,Mechanical,DataScience,Yes,No,7.53,8.02,7.57,7.48,7.92,7.51,8.15,8.02,7.76,91.2,1,3,4.0,4,3,81.1,4.3,75.8,71.3,1,Mid,1,0,8.77
20215,Male,Jaipur,Tier3,ECE,Networking,Yes,Yes,7.03,6.61,6.8,6.6,7.2,6.39,6.46,6.62,6.6,58.4,0,0,1.0,0,0,43.4,2.1,24.3,30.1,1,Mid,0,0,0.0
16340,Male,Pune,Tier2,Mechanical,AI,No,No,6.91,7.31,7.38,7.78,7.42,6.78,7.38,7.08,7.31,82.5,1,3,2.0,1,1,61.7,3.3,55.3,55.8,1,Mid,1,0,8.69
49127,Male,Hyderabad,Tier1,ECE,Networking,Yes,No,9.56,9.15,8.59,8.04,9.0,9.18,8.94,9.27,9.14,82.3,1,3,3.0,3,1,81.2,3.6,75.3,72.6,1,High,1,0,25.52
43377,Female,Pune,Tier2,ECE,Embedded,No,Yes,6.41,5.89,5.72,5.99,5.81,5.99,6.07,6.0,6.04,70.6,1,1,2.0,2,1,59.8,3.1,50.5,54.8,1,Low,0,0,0.0
7271,Female,Hyderabad,Tier1,Mechanical,Embedded,Yes,No,7.22,7.04,7.25,7.27,7.49,7.88,7.37,7.67,7.26,80.3,2,3,3.0,2,2,90.5,3.9,86.3,77.8,0,Mid,1,0,12.45
26458,Male,Mumbai,Tier1,Mechanical,Networking,No,No,7.87,8.43,8.53,8.64,8.58,8.61,8.19,8.46,8.39,90.2,3,3,3.0,3,0,88.1,3.4,75.0,82.0,1,High,1,0,22.48
16282,Male,Mumbai,Tier3,ECE,Networking,No,No,5.96,6.55,6.35,6.46,6.77,6.27,6.77,6.47,6.51,79.1,1,1,1.0,2,1,71.0,3.1,50.1,44.1,1,Mid,0,0,0.0
8727,Female,Kolkata,Tier1,ECE,Embedded,No,No,5.08,5.74,5.34,5.2,5.97,5.12,5.57,5.24,5.37,71.7,1,2,2.0,2,1,79.7,2.9,68.2,49.4,1,Low,1,0,4.82
1567,Male,Bangalore,Tier3,ECE,DataScience,Yes,No,6.35,6.35,6.51,5.81,6.44,6.19,6.17,6.14,6.4,73.2,1,2,2.0,2,1,70.7,2.7,54.9,55.7,1,Low,1,0,6.26
43977,Female,Hyderabad,Tier1,Mechanical,DataScience,No,No,7.24,7.25,7.44,7.59,6.85,7.25,7.2,7.65,7.28,60.0,1,3,2.0,1,1,62.6,2.1,67.0,63.3,1,Mid,1,0,8.8
37023,Female,Hyderabad,Tier2,IT,AI,Yes,No,5.33,5.7,5.65,5.78,6.02,5.83,6.18,5.61,5.98,97.1,1,2,1.0,1,1,80.0,2.1,57.8,38.3,0,Low,0,0,0.0
34921,Female,Hyderabad,Tier2,IT,Embedded,Yes,No,7.21,7.09,7.54,7.5,7.44,7.79,8.07,8.08,7.58,87.6,1,3,4.0,3,1,93.8,4.9,82.0,67.3,0,Mid,1,0,9.0
13366,Male,Kolkata,Tier2,ECE,DataScience,No,No,8.22,7.97,7.78,7.59,7.77,7.31,7.86,7.63,7.78,68.6,1,1,1.0,1,0,69.0,2.8,52.4,54.5,0,Mid,1,0,8.15
12426,Male,Pune,Tier3,Civil,Networking,Yes,Yes,7.64,7.47,6.86,6.74,7.12,7.12,6.97,7.1,7.24,54.5,1,1,0.0,1,0,48.0,2.7,26.5,33.7,1,Mid,0,0,0.0
28077,Male,Ahmedabad,Tier2,Civil,AI,Yes,No,9.36,9.01,9.51,9.23,9.48,9.59,9.21,9.61,9.5,83.9,1,5,2.0,4,2,85.2,3.7,85.3,82.4,1,High,1,0,25.07
11215,Male,Mumbai,Tier3,CS,Networking,No,No,6.98,6.15,6.29,5.43,5.8,6.14,5.83,5.65,5.99,58.5,0,1,1.0,0,1,54.8,1.1,32.3,30.4,1,Low,0,0,0.0
333,Male,Kolkata,Tier1,IT,AI,Yes,No,7.62,6.76,7.06,7.35,7.47,7.56,7.38,6.63,7.4,96.6,1,4,2.0,2,1,82.1,4.6,77.0,72.0,1,Mid,1,0,8.49
6484,Male,Kolkata,Tier2,CS,DataScience,No,No,9.81,10.0,10.0,9.48,10.0,10.0,10.0,10.0,9.96,85.8,2,3,3.0,4,1,82.7,3.6,64.9,54.0,1,High,1,0,25.5
45639,Male,Chennai,Tier2,Civil,Networking,No,No,8.6,8.73,8.91,9.1,8.79,8.8,9.29,9.47,9.04,82.4,2,4,2.0,2,2,68.8,4.2,81.0,69.3,1,High,1,0,25.25
32733,Female,Kolkata,Tier2,ECE,DataScience,Yes,No,6.28,6.7,6.5,6.63,7.04,7.11,6.32,7.06,6.7,66.6,0,3,1.0,2,0,60.8,3.7,57.6,61.4,0,Mid,1,0,8.02
16759,Male,Ahmedabad,Tier1,Civil,Embedded,No,No,4.17,4.13,4.45,4.18,4.61,4.27,4.31,4.42,4.26,82.0,0,2,3.0,1,1,67.2,2.2,57.1,47.9,1,Low,0,0,0.0
47722,Male,Delhi,Tier2,CS,AI,No,Yes,5.15,4.48,5.22,4.48,4.4,5.09,4.16,4.05,4.51,64.5,1,1,0.0,0,0,54.5,2.8,24.4,27.6,0,Low,0,0,0.0
47934,Male,Ahmedabad,Tier3,EE,Embedded,No,No,8.47,8.43,7.84,7.89,7.33,8.33,8.45,8.51,8.19,75.0,1,2,2.0,2,1,53.1,1.9,55.4,52.3,0,High,1,0,18.29
35573,Female,Hyderabad,Tier1,Mechanical,AI,Yes,No,9.18,9.71,9.35,9.4,9.27,9.58,10.0,9.94,9.78,70.8,2,5,4.0,2,1,92.5,2.7,93.6,82.3,0,High,1,0,18.96
28810,Female,Bangalore,Tier3,ECE,Embedded,No,Yes,4.72,4.67,4.85,4.95,4.58,4.12,5.03,4.42,4.78,77.3,0,1,0.0,1,0,49.5,2.2,30.9,36.6,1,Low,0,0,0.0
20362,Female,Mumbai,Tier1,Civil,Embedded,Yes,No,8.59,8.88,8.31,7.94,8.24,8.41,8.03,8.77,8.49,75.9,1,3,2.0,2,1,88.7,5.0,95.2,76.9,1,High,1,0,22.34
4450,Female,Chennai,Tier3,Mechanical,Embedded,No,No,8.28,7.13,7.49,7.5,7.54,7.79,6.97,7.46,7.45,76.6,1,3,2.0,1,0,63.9,3.7,61.1,54.7,0,Mid,1,0,8.04
18204,Female,Kolkata,Tier3,IT,Embedded,No,No,4.73,4.17,4.65,4.0,4.69,4.97,4.55,4.09,4.42,62.2,0,0,1.0,1,1,41.6,2.2,26.0,29.9,0,Low,0,0,0.0
18727,Female,Mumbai,Tier1,Mechanical,Networking,Yes,No,8.04,8.25,7.94,7.99,8.27,8.55,8.38,8.38,8.29,89.9,2,3,3.0,3,1,81.9,4.2,82.8,74.0,1,High,1,0,22.74
12916,Female,Delhi,Tier2,ECE,Embedded,No,No,6.44,7.33,6.7,6.83,7.56,7.51,7.39,7.39,7.02,63.1,0,2,2.0,2,1,68.9,3.9,50.1,49.4,0,Mid,1,0,8.63
15510,Female,Hyderabad,Tier2,CS,DataScience,No,No,7.05,7.24,7.2,7.01,6.78,7.09,7.1,7.53,7.12,90.4,2,3,3.0,3,1,80.6,4.1,87.8,94.6,1,Mid,1,0,8.76
16422,Female,Chennai,Tier2,IT,DataScience,No,No,10.0,10.0,9.79,10.0,10.0,10.0,10.0,10.0,9.79,95.2,2,4,3.0,2,1,84.3,3.6,75.3,73.0,1,High,1,0,25.47
2575,Male,Hyderabad,Tier1,CS,DataScience,No,No,7.58,7.26,7.5,7.31,7.22,8.09,7.62,7.32,7.41,80.6,1,3,3.0,3,2,79.6,4.7,72.5,68.1,1,Mid,1,0,8.92
10601,Female,Hyderabad,Tier1,IT,Networking,No,No,8.18,8.86,8.57,9.03,8.95,8.36,8.75,8.41,8.52,95.9,2,4,3.0,3,2,87.7,2.1,82.1,85.4,0,High,1,0,18.82
6937,Female,Chennai,Tier2,ECE,Embedded,No,No,8.76,8.61,8.71,8.45,8.99,9.52,8.83,9.2,8.69,89.4,1,3,2.0,1,1,84.2,5.0,90.4,75.8,1,High,1,0,22.23
34097,Male,Delhi,Tier3,ECE,Networking,No,Yes,4.51,4.06,4.33,4.04,4.32,4.18,4.42,4.19,4.3,67.2,0,0,1.0,1,0,49.2,2.1,32.3,34.2,0,Low,0,0,0.0
30889,Female,Bangalore,Tier2,Mechanical,Networking,Yes,No,5.57,5.31,4.81,6.09,5.75,5.54,5.73,5.92,5.51,83.0,1,2,2.0,2,1,59.2,2.3,49.0,59.4,0,Low,0,0,0.0
32132,Female,Hyderabad,Tier2,CS,DataScience,No,No,7.51,7.8,7.15,7.49,7.84,7.63,8.0,8.0,7.61,72.7,1,2,2.0,2,1,75.1,2.9,63.6,34.5,1,Mid,1,0,9.14
31915,Male,Pune,Tier2,EE,Embedded,Yes,No,7.51,7.41,7.72,7.19,7.33,7.22,7.7,7.26,7.51,64.5,1,2,2.0,2,0,67.2,3.5,57.2,52.3,1,Mid,1,0,8.68
28407,Female,Chennai,Tier2,CS,DataScience,No,No,5.42,5.91,5.76,5.28,5.55,5.19,5.48,5.59,5.65,63.3,0,0,0.0,1,0,57.3,1.3,27.5,31.3,0,Low,0,0,0.0
49271,Male,Mumbai,Tier1,ECE,Embedded,No,No,6.59,6.29,6.36,6.46,5.81,6.23,6.14,6.43,6.18,84.6,1,1,1.0,2,1,70.6,2.4,59.7,49.8,0,Low,0,0,0.0
28692,Male,Ahmedabad,Tier1,Civil,Networking,Yes,No,8.74,8.65,9.07,8.96,9.64,8.68,8.74,9.08,8.94,73.6,3,5,2.0,4,0,81.8,5.0,63.2,68.8,1,High,1,0,22.35
41821,Male,Jaipur,Tier3,ECE,Networking,Yes,No,6.34,6.24,5.75,5.93,6.56,5.94,6.03,5.63,5.94,86.0,1,2,1.0,2,0,59.7,3.0,51.7,53.5,0,Low,1,0,4.8
13535,Male,Chennai,Tier2,Mechanical,AI,No,Yes,4.2,4.91,4.37,4.84,4.23,4.88,4.58,4.86,4.6,94.6,1,1,1.0,2,1,56.3,2.7,65.3,57.6,0,Low,0,0,0.0
35459,Male,Pune,Tier2,ECE,Embedded,Yes,No,8.92,8.78,8.85,8.99,8.69,8.95,8.64,8.89,9.05,73.2,3,3,3.0,5,1,83.0,4.1,74.2,76.7,0,High,1,0,18.23
4860,Male,Pune,Tier3,Mechanical,DataScience,Yes,No,6.04,5.84,5.3,5.69,5.49,5.85,4.93,5.73,5.64,70.1,1,1,0.0,1,0,49.6,2.5,24.0,26.6,0,Low,0,0,0.0
30932,Female,Kochi,Tier2,EE,Embedded,Yes,No,6.82,7.6,7.29,7.24,6.64,7.02,6.79,6.81,6.92,70.8,1,2,2.0,2,0,70.8,2.0,62.3,61.2,0,Mid,1,0,8.57
14075,Male,Pune,Tier2,Mechanical,DataScience,Yes,No,8.86,8.3,9.04,8.1,8.58,8.91,8.52,8.82,8.61,77.5,3,3,3.0,3,2,70.3,4.0,73.9,71.2,0,High,1,0,18.11
39012,Male,Pune,Tier3,ECE,Embedded,Yes,No,4.03,4.04,4.48,4.0,4.19,5.35,4.75,4.45,4.42,63.2,1,1,2.0,1,1,56.0,2.8,55.0,51.1,0,Low,0,0,0.0
42825,Male,Pune,Tier2,EE,Embedded,No,No,6.71,7.67,6.64,6.87,7.37,7.09,7.39,7.39,7.27,91.1,2,4,2.0,3,1,90.8,4.5,88.1,69.4,1,Mid,1,0,8.88
485,Male,Pune,Tier2,Mechanical,Embedded,No,No,8.85,9.23,9.12,8.86,8.04,9.06,9.14,8.56,8.85,83.7,0,2,2.0,2,0,71.3,2.6,48.8,53.7,0,High,1,0,18.18
40140,Male,Delhi,Tier3,ECE,Networking,No,Yes,4.0,4.21,4.21,4.0,4.31,4.0,4.1,4.0,4.08,67.8,1,1,0.0,1,0,44.3,2.5,29.6,30.3,0,Low,0,0,0.0
35249,Female,Chennai,Tier2,CS,DataScience,Yes,No,7.16,6.82,6.68,6.58,7.38,7.06,6.61,6.9,6.97,73.6,1,2,2.0,3,1,66.4,3.6,54.9,54.0,0,Mid,1,0,8.72
35752,Male,Bangalore,Tier3,CS,DataScience,No,No,6.84,6.94,7.26,7.51,7.53,6.95,7.2,7.59,7.14,79.9,0,2,3.0,2,1,74.8,1.6,55.5,44.6,1,Mid,0,0,0.0
31135,Male,Kochi,Tier2,EE,Embedded,Yes,No,7.72,7.7,7.87,8.07,7.98,7.95,7.57,7.99,7.95,84.0,1,2,1.0,2,0,71.5,3.6,57.4,62.2,0,Mid,1,0,8.73
19233,Male,Bangalore,Tier1,CS,DataScience,No,No,8.42,7.96,8.17,8.57,8.97,8.53,8.5,8.31,8.38,82.0,2,3,3.0,2,2,82.3,4.3,63.3,90.6,1,High,1,0,22.14
14476,Female,Delhi,Tier2,Mechanical,DataScience,Yes,Yes,6.7,6.45,6.49,7.15,6.79,7.32,6.27,6.99,6.83,75.1,1,1,2.0,3,0,66.7,2.7,51.7,51.4,0,Mid,0,0,0.0
29801,Male,Hyderabad,Tier2,ECE,DataScience,Yes,Yes,7.21,7.12,7.36,7.25,7.47,6.43,7.2,6.82,6.92,83.2,1,2,2.0,1,1,54.2,2.4,53.1,55.6,1,Mid,0,0,0.0
31802,Male,Pune,Tier2,IT,DataScience,No,No,7.09,7.47,7.2,7.55,7.39,7.26,7.39,7.54,7.39,68.0,1,2,1.0,2,1,62.6,2.9,47.1,45.5,1,Mid,1,0,9.75
28202,Male,Ahmedabad,Tier2,ECE,AI,Yes,No,7.37,7.09,7.39,7.21,6.83,7.03,6.59,7.23,7.29,77.6,0,2,2.0,2,0,80.4,3.3,58.0,47.8,0,Mid,1,0,8.82
3768,Female,Chennai,Tier3,ECE,DataScience,Yes,Yes,6.9,6.77,7.21,7.07,6.84,7.16,7.27,6.89,6.97,77.1,1,0,1.0,1,0,65.4,3.8,48.5,52.8,1,Mid,0,0,0.0
31210,Male,Kolkata,Tier2,CS,AI,Yes,No,7.45,7.88,8.11,7.22,7.85,8.15,7.32,8.03,7.72,86.5,1,2,2.0,1,1,72.7,3.0,54.5,45.8,1,Mid,1,0,12.51
37278,Female,Ahmedabad,Tier2,Mechanical,DataScience,Yes,No,8.83,9.36,8.63,9.32,9.2,8.93,9.45,9.48,9.4,71.4,1,3,2.0,4,2,94.1,3.3,81.2,78.7,1,High,1,0,25.56
7525,Female,Chennai,Tier2,CS,DataScience,Yes,No,7.22,7.03,7.13,6.82,7.42,7.15,7.23,6.81,7.19,79.0,2,2,2.0,1,0,74.7,2.7,48.4,53.6,1,Mid,1,0,8.2
6808,Female,Kolkata,Tier2,ECE,Embedded,No,No,6.88,6.5,7.13,6.75,7.09,6.91,6.71,7.59,6.84,72.0,0,2,1.0,1,1,65.9,3.2,49.8,47.4,0,Mid,1,0,8.04
11099,Male,Pune,Tier1,CS,Embedded,Yes,No,8.05,8.17,8.06,8.18,8.0,8.11,8.92,8.07,8.4,80.1,1,0,1.0,1,1,69.3,2.8,59.0,57.0,1,High,1,0,18.42
4730,Female,Ahmedabad,Tier2,ECE,Networking,No,No,9.14,10.0,10.0,9.77,10.0,9.68,10.0,10.0,9.71,71.6,1,2,3.0,4,1,88.8,5.0,81.8,63.7,1,High,1,0,25.28
23258,Male,Delhi,Tier1,Civil,DataScience,No,No,8.95,9.5,9.55,9.74,9.65,9.21,9.4,9.77,9.58,79.2,1,3,3.0,3,2,88.9,2.6,88.5,62.8,1,High,1,0,18.83
11911,Male,Ahmedabad,Tier3,IT,AI,Yes,No,4.0,4.62,4.0,4.0,4.0,4.24,4.0,4.0,4.11,67.4,0,1,0.0,1,0,45.3,1.3,33.8,25.6,0,Low,0,0,0.0
25134,Male,Chennai,Tier2,ECE,Networking,Yes,No,7.25,7.34,6.75,7.32,7.18,7.43,7.13,7.08,7.04,70.0,1,2,2.0,2,1,78.9,3.6,46.9,50.8,1,Mid,1,0,8.3
19367,Female,Chennai,Tier3,CS,AI,No,Yes,5.43,5.61,5.24,5.17,5.56,5.16,5.41,5.21,5.32,62.3,0,1,0.0,1,0,47.6,1.9,33.4,41.6,0,Low,0,0,0.0
1645,Male,Hyderabad,Tier1,Mechanical,DataScience,No,No,7.13,6.98,7.22,6.85,7.5,7.08,7.85,7.56,7.19,78.3,1,2,2.0,3,1,100.0,4.0,88.1,70.6,0,Mid,1,0,8.91
45781,Male,Hyderabad,Tier2,Mechanical,DataScience,No,No,8.76,9.43,8.81,9.12,9.28,8.71,9.46,9.64,9.11,88.5,2,4,3.0,3,1,88.1,4.0,70.4,67.4,1,High,1,0,25.19
28822,Male,Chennai,Tier2,CS,Embedded,No,No,4.35,4.34,4.29,4.42,4.9,4.0,4.0,4.09,4.19,66.5,0,1,1.0,1,0,47.0,2.5,18.8,23.0,0,Low,0,0,0.0
27637,Female,Chennai,Tier1,CS,AI,Yes,No,9.17,9.53,9.62,9.55,9.43,9.6,9.5,10.0,9.62,80.7,3,4,4.0,4,2,87.8,4.0,80.7,67.6,1,High,1,0,25.32
3280,Female,Ahmedabad,Tier3,CS,Networking,Yes,No,7.96,8.31,8.06,9.09,8.61,8.39,8.11,8.78,8.46,54.4,1,1,2.0,2,1,67.5,2.1,55.3,47.7,0,High,1,0,18.06
39538,Female,Delhi,Tier3,ECE,DataScience,No,No,9.2,9.55,9.5,9.14,9.53,9.33,9.46,9.55,9.45,74.6,2,1,2.0,1,0,71.5,2.6,50.2,54.2,1,High,1,0,18.95
44981,Female,Bangalore,Tier1,ECE,DataScience,Yes,No,9.28,9.11,9.01,9.08,8.76,9.1,9.04,8.7,8.94,84.6,1,2,2.0,2,0,58.1,3.3,49.9,58.4,0,High,1,0,18.89
16167,Female,Ahmedabad,Tier3,Mechanical,Networking,Yes,No,7.07,7.02,7.07,6.98,6.97,6.89,7.41,7.72,7.04,60.5,1,2,2.0,2,0,62.2,3.7,54.0,44.5,0,Mid,1,0,12.63
31709,Male,Chennai,Tier1,EE,AI,No,Yes,7.92,7.03,7.45,7.22,7.6,7.55,7.72,7.27,7.37,84.2,0,2,1.0,2,1,80.4,2.6,54.2,42.7,1,Mid,0,0,0.0
37418,Male,Hyderabad,Tier3,ECE,Networking,Yes,Yes,4.68,5.13,4.55,4.14,4.74,4.75,5.37,4.92,4.7,82.7,1,1,1.0,2,1,57.9,2.6,53.9,56.9,0,Low,0,0,0.0
38706,Female,Delhi,Tier2,CS,AI,Yes,No,6.91,6.77,7.17,6.76,6.56,6.86,6.45,6.92,6.93,75.2,1,3,2.0,1,0,81.7,2.7,55.8,61.3,0,Mid,1,0,8.52
40565,Male,Kochi,Tier2,CS,Embedded,No,Yes,5.86,6.33,6.03,6.21,5.95,6.5,5.91,6.43,6.06,78.1,0,2,2.0,2,0,73.0,3.8,60.2,45.3,1,Low,0,0,0.0
26085,Male,Bangalore,Tier3,CS,DataScience,Yes,No,6.17,6.71,6.43,6.74,6.22,6.93,6.79,6.65,6.5,69.9,0,1,2.0,2,0,65.0,3.1,56.4,56.6,0,Low,0,0,0.0
42437,Male,Hyderabad,Tier1,CS,DataScience,Yes,No,7.57,7.32,7.91,7.96,7.7,8.34,8.03,7.83,7.88,59.8,1,2,2.0,1,0,73.8,3.2,57.4,49.7,0,Mid,1,0,10.38
6706,Male,Delhi,Tier3,EE,Embedded,No,No,5.46,5.62,5.99,5.21,5.67,5.97,5.68,5.8,5.51,70.0,1,1,0.0,1,0,44.3,1.9,24.8,28.2,0,Low,0,0,0.0
10173,Male,Hyderabad,Tier2,ECE,Embedded,Yes,Yes,7.1,6.29,6.96,7.1,6.66,6.8,7.06,6.51,6.64,77.3,1,1,3.0,1,0,53.3,4.0,57.5,49.5,1,Mid,0,0,0.0
22086,Female,Kolkata,Tier1,CS,AI,No,No,7.9,7.63,7.83,8.49,7.92,8.19,8.66,7.41,7.87,78.2,1,3,2.0,2,1,74.3,2.4,56.1,54.1,0,Mid,1,0,9.58
48744,Female,Hyderabad,Tier2,Civil,DataScience,No,No,7.87,8.47,7.39,8.58,8.15,8.23,7.91,7.97,7.98,84.7,3,3,4.0,2,2,83.8,3.9,77.3,63.1,1,Mid,1,0,8.27
5153,Male,Jaipur,Tier3,Civil,DataScience,No,Yes,6.36,6.54,6.07,6.37,6.38,5.79,6.57,6.21,6.17,52.7,0,1,1.0,0,0,48.4,3.1,25.9,35.3,0,Low,0,0,0.0
13060,Female,Kolkata,Tier2,EE,AI,Yes,No,9.96,10.0,9.95,10.0,9.45,9.91,10.0,10.0,10.0,88.6,2,3,4.0,3,2,64.9,5.0,73.0,80.1,1,High,1,0,25.73
24802,Male,Delhi,Tier3,ECE,Embedded,No,No,5.2,4.97,4.98,4.44,4.55,4.71,4.99,4.22,4.82,60.2,0,0,1.0,0,0,43.2,2.1,31.6,34.1,0,Low,0,0,0.0
5147,Female,Bangalore,Tier3,Mechanical,Embedded,No,Yes,7.47,7.92,8.12,7.96,7.92,8.0,7.77,8.2,8.0,84.9,1,2,2.0,1,0,57.9,3.9,46.7,46.4,1,Mid,1,0,8.75
32730,Male,Bangalore,Tier1,CS,Networking,No,No,6.15,6.58,6.17,6.17,6.4,6.68,6.75,6.59,6.44,96.9,1,4,2.0,4,1,82.5,4.3,82.3,63.2,1,Low,1,0,5.64
49253,Female,Mumbai,Tier1,IT,Networking,Yes,No,9.09,8.92,9.39,9.73,9.27,9.0,8.85,9.35,9.06,95.6,2,4,3.0,3,1,86.4,3.5,80.3,66.9,1,High,1,0,25.45
49477,Female,Chennai,Tier2,Mechanical,DataScience,No,No,6.26,5.91,6.39,6.38,6.46,6.69,6.13,6.23,6.24,73.0,1,2,1.0,1,0,67.0,2.9,62.0,57.4,1,Low,1,0,5.73
39443,Male,Mumbai,Tier3,IT,AI,No,Yes,5.72,5.2,5.72,5.92,5.74,6.53,5.87,5.7,5.78,71.6,1,2,1.0,2,0,70.4,3.4,57.3,56.5,1,Low,0,0,0.0
18577,Female,Kochi,Tier2,Mechanical,Embedded,No,No,8.26,8.16,8.05,8.18,8.5,8.17,8.24,8.44,8.42,77.9,1,2,2.0,1,0,71.3,3.2,48.0,38.6,1,High,1,0,18.96
41585,Male,Kolkata,Tier1,IT,Embedded,No,No,8.95,9.05,9.3,8.31,9.31,8.9,9.23,9.08,9.12,87.9,2,3,3.0,2,1,91.6,4.3,64.0,74.1,1,High,1,0,25.69
20617,Female,Delhi,Tier2,Mechanical,Networking,No,No,8.06,8.18,8.22,8.31,8.32,7.97,8.09,8.55,8.12,71.0,2,3,2.0,3,2,82.3,3.6,67.8,66.8,1,High,1,0,22.3
17769,Female,Kolkata,Tier3,ECE,DataScience,Yes,No,7.17,6.45,6.57,7.23,7.38,7.51,7.2,7.43,7.11,87.2,1,2,1.0,2,0,60.5,2.9,58.7,57.7,1,Mid,1,0,8.73
16398,Female,Hyderabad,Tier3,EE,Networking,Yes,Yes,4.56,4.55,4.84,4.67,4.38,4.17,4.6,4.02,4.47,53.4,0,1,0.0,1,0,44.0,2.6,32.7,29.2,0,Low,0,0,0.0
1233,Male,Pune,Tier1,Mechanical,Embedded,Yes,No,8.96,9.04,8.81,9.18,8.9,9.02,9.5,9.46,9.1,99.6,2,3,3.0,3,2,73.6,4.0,68.9,87.6,1,High,1,0,25.84
40280,Female,Ahmedabad,Tier1,ECE,DataScience,Yes,No,7.8,7.95,7.58,7.54,7.68,8.17,8.57,7.88,8.06,78.2,2,3,3.0,3,2,80.5,3.2,76.1,65.5,0,High,1,0,18.93
11070,Male,Pune,Tier1,IT,Networking,No,No,5.74,5.72,5.83,5.82,5.25,5.69,5.98,5.49,5.6,68.2,1,2,1.0,3,0,65.6,3.3,50.5,37.6,0,Low,0,0,0.0
9431,Male,Chennai,Tier2,ECE,Networking,No,Yes,6.71,6.09,5.93,6.32,5.89,6.2,5.4,5.38,5.96,64.6,0,0,0.0,1,0,48.4,1.8,29.6,31.5,0,Low,0,0,0.0
17864,Male,Delhi,Tier1,Civil,Embedded,No,No,5.79,6.18,5.31,5.74,6.15,6.02,5.75,5.8,5.66,98.5,2,2,3.0,3,2,94.4,4.2,90.2,72.1,1,Low,1,0,6.47
34418,Male,Chennai,Tier1,ECE,Embedded,Yes,No,9.96,9.79,9.26,10.0,10.0,10.0,9.63,9.89,9.89,71.5,1,3,3.0,3,1,86.3,3.8,74.2,68.4,1,High,1,0,25.14
27617,Male,Delhi,Tier2,CS,Networking,No,No,8.97,8.91,8.72,8.67,9.1,8.95,9.37,8.9,4.18,52.00096755,2,3,3.0,4,2,32.1,3.7,0.5,68.6,1,High,1,1,18.97
1604,Male,Bangalore,Tier1,IT,DataScience,No,No,4.8,5.53,4.93,4.98,4.82,5.57,4.94,5.12,5.27,75.6,0,2,2.0,2,0,63.5,3.6,54.2,63.8,1,Low,0,0,0.0
8538,Female,Pune,Tier3,ECE,Networking,No,No,4.48,4.73,4.66,4.74,5.17,4.25,5.18,4.78,4.73,54.4,0,1,1.0,0,0,42.2,2.1,30.0,32.2,0,Low,0,0,0.0
28602,Female,Kochi,Tier2,IT,DataScience,Yes,No,7.77,7.53,7.55,7.41,7.25,7.79,7.88,7.72,7.67,84.9,2,5,2.0,3,1,78.3,4.2,79.6,64.3,0,Mid,1,0,9.39
8376,Female,Chennai,Tier2,CS,DataScience,Yes,No,6.97,6.42,6.52,6.76,6.94,6.76,6.19,6.6,6.45,74.4,1,1,3.0,2,0,74.4,3.1,58.3,51.8,1,Low,1,0,5.88
32583,Female,Delhi,Tier1,ECE,Networking,Yes,No,9.18,8.95,8.8,9.26,9.55,9.41,9.37,9.13,9.12,99.9,1,3,3.0,4,1,98.3,4.3,70.1,84.5,1,High,1,0,25.22
42912,Male,Delhi,Tier2,Civil,Embedded,Yes,No,8.34,8.33,8.38,8.55,8.7,8.3,8.99,8.76,8.47,86.8,2,2,4.0,3,1,100.0,3.3,100.0,78.5,1,High,1,0,22.37
21191,Male,Bangalore,Tier2,Civil,Networking,Yes,No,7.99,8.61,9.0,8.87,8.93,8.41,8.4,8.75,8.62,83.5,1,4,3.0,3,2,87.4,3.6,81.7,76.3,0,High,1,0,18.2
1182,Male,Delhi,Tier2,Mechanical,Networking,Yes,Yes,7.85,7.42,7.75,7.92,8.27,7.93,7.72,7.63,7.73,90.1,2,4,3.0,4,1,80.6,4.1,73.5,83.5,1,Mid,1,0,8.52
6584,Male,Hyderabad,Tier2,CS,DataScience,Yes,No,9.19,9.17,9.23,9.34,9.74,9.94,9.58,9.97,9.66,83.2,2,4,3.0,2,1,80.8,4.1,90.9,80.0,1,High,1,0,25.37
11500,Female,Kolkata,Tier3,EE,Embedded,Yes,No,4.37,4.14,4.0,4.01,4.0,4.0,4.0,4.0,4.14,60.7,1,1,1.0,1,0,47.7,1.3,21.4,27.1,0,Low,0,0,0.0
30781,Female,Kolkata,Tier1,CS,Embedded,Yes,No,6.58,6.41,6.91,6.26,7.12,6.53,6.44,7.05,6.74,88.7,2,4,3.0,4,1,52.4,2.7,69.0,83.4,0,Mid,1,0,8.33
10127,Female,Hyderabad,Tier1,ECE,Networking,No,No,8.74,8.83,9.0,8.51,8.52,8.67,8.73,8.03,8.66,74.9,1,2,2.0,2,0,71.6,3.3,61.3,58.8,0,High,1,0,18.88
48908,Male,Mumbai,Tier2,Civil,Embedded,No,Yes,4.02,4.3,4.17,4.52,4.41,4.7,4.02,4.04,4.21,63.5,1,0,0.0,1,0,41.0,2.8,23.3,30.1,1,Low,0,0,0.0
21229,Male,Ahmedabad,Tier2,CS,DataScience,No,No,6.09,6.29,6.26,6.71,6.46,5.98,6.18,6.23,6.42,79.2,2,2,3.0,3,2,89.3,3.5,84.2,64.9,1,Low,1,0,5.84
4456,Female,Ahmedabad,Tier1,ECE,Networking,Yes,No,8.21,8.54,8.68,8.68,9.29,8.91,8.82,9.17,8.82,90.7,2,4,2.0,4,1,89.4,4.7,81.6,70.2,1,High,1,0,22.12
8441,Female,Bangalore,Tier2,CS,Embedded,No,No,10.0,10.0,10.0,10.0,9.77,10.0,10.0,9.95,10.0,74.9,2,3,3.0,3,2,92.3,4.2,67.8,76.4,0,High,1,0,18.71
5713,Female,Mumbai,Tier3,CS,AI,Yes,No,5.78,5.56,5.73,6.34,6.09,5.47,6.41,6.45,6.07,81.3,1,2,1.0,2,0,62.4,3.3,71.2,58.1,1,Low,1,0,5.75
31176,Female,Pune,Tier1,CS,DataScience,No,No,7.77,7.56,7.87,8.5,7.69,7.87,8.17,7.88,7.96,81.8,1,4,3.0,2,1,63.4,2.8,81.8,77.8,1,Mid,1,0,8.5
11710,Male,Kolkata,Tier3,IT,Embedded,No,No,6.97,7.34,6.95,6.88,7.14,6.78,7.52,7.38,7.12,79.9,2,2,2.0,2,0,78.8,2.5,63.6,50.3,0,Mid,1,0,8.18
15720,Female,Pune,Tier3,IT,Networking,No,No,7.71,7.45,7.54,7.98,7.32,7.31,7.36,7.08,7.36,80.9,1,2,1.0,2,0,78.8,2.4,55.6,54.3,1,Mid,1,0,8.83
43966,Male,Bangalore,Tier3,CS,AI,Yes,No,5.39,4.0,4.17,4.43,4.86,4.66,4.32,5.03,4.51,63.3,1,0,1.0,0,0,51.5,2.6,23.0,30.3,0,Low,0,0,0.0
31207,Male,Chennai,Tier2,ECE,Networking,Yes,No,7.84,7.94,7.79,7.96,7.74,8.45,7.91,8.02,8.19,79.1,1,4,3.0,3,2,94.0,2.7,73.0,71.9,1,High,1,0,18.72
46711,Male,Ahmedabad,Tier2,CS,AI,Yes,No,4.9,4.86,4.74,4.51,4.77,4.55,4.38,4.19,4.57,58.4,1,0,0.0,1,0,52.2,1.0,24.8,28.6,0,Low,0,0,0.0
9294,Male,Bangalore,Tier3,Mechanical,Embedded,Yes,No,6.03,5.53,5.96,5.54,6.36,5.42,5.98,6.08,5.85,84.8,1,1,2.0,1,1,67.9,3.1,55.0,45.8,1,Low,0,0,0.0
38275,Male,Chennai,Tier1,ECE,AI,Yes,No,8.05,7.82,7.24,8.01,7.82,8.2,7.71,8.19,8.0,93.3,2,4,4.0,3,1,93.3,4.2,87.8,82.8,0,Mid,1,0,8.12
4520,Male,Delhi,Tier1,EE,Networking,Yes,No,8.71,8.9,8.97,9.02,9.93,9.32,9.59,9.17,9.14,87.7,2,3,2.0,4,2,87.5,4.0,90.2,77.6,1,High,1,0,25.37
22110,Male,Mumbai,Tier2,Civil,DataScience,Yes,Yes,6.63,7.02,7.24,6.89,7.32,7.17,7.21,7.56,7.14,83.7,2,2,2.0,4,2,50.0,3.5,82.1,69.9,1,Mid,1,0,8.17
42243,Female,Hyderabad,Tier3,CS,AI,Yes,Yes,6.9,6.28,6.55,6.66,6.1,6.48,5.62,6.03,6.47,63.5,0,1,0.0,1,0,51.1,1.7,24.7,28.6,0,Low,0,0,0.0
45396,Female,Hyderabad,Tier2,CS,AI,No,No,9.59,10.0,10.0,10.0,10.0,9.82,9.92,10.0,9.88,76.7,2,4,3.0,4,1,90.9,4.1,79.9,76.7,1,High,1,0,25.61
4885,Male,Bangalore,Tier1,IT,Networking,No,No,6.83,6.68,6.96,7.34,6.85,7.02,8.12,7.72,7.24,74.4,2,3,2.0,3,1,86.3,4.5,96.7,74.2,0,Mid,1,0,8.5
42664,Male,Mumbai,Tier2,ECE,Networking,Yes,No,9.52,10.0,10.0,10.0,10.0,10.0,9.95,10.0,10.0,86.6,2,3,4.0,4,2,87.4,4.0,79.6,84.6,1,High,1,0,25.77
25812,Male,Ahmedabad,Tier3,ECE,AI,Yes,No,4.09,4.31,4.61,4.08,4.42,4.0,4.59,4.19,4.21,50.0,0,1,1.0,0,0,43.9,1.7,23.1,32.1,0,Low,0,0,0.0
11125,Male,Chennai,Tier1,ECE,AI,No,No,9.56,10.0,9.75,9.42,10.0,10.0,10.0,10.0,9.78,93.6,1,3,3.0,3,2,100.0,3.6,84.0,70.8,1,High,1,0,25.57
665,Female,Delhi,Tier1,Civil,Embedded,Yes,No,10.0,9.74,10.0,9.7,10.0,9.95,10.0,10.0,9.99,78.8,1,3,2.0,3,1,71.0,4.1,74.3,80.8,1,High,1,0,25.34
19131,Male,Bangalore,Tier1,ECE,Embedded,Yes,No,7.04,6.98,7.16,7.18,7.55,7.08,7.41,7.48,7.23,89.3,3,3,2.0,4,1,74.1,3.1,82.3,90.4,1,Mid,1,0,8.53
40411,Male,Chennai,Tier2,CS,AI,No,Yes,6.87,7.18,6.26,6.84,6.79,7.02,7.03,7.14,6.82,70.4,2,2,2.0,2,1,56.4,2.5,48.0,57.4,0,Mid,1,0,8.78
18300,Male,Chennai,Tier3,EE,Networking,Yes,No,7.65,7.14,6.39,7.57,6.83,7.76,7.03,6.63,7.2,82.6,1,1,2.0,2,0,70.1,3.7,50.1,51.7,1,Mid,1,0,8.17
502,Female,Hyderabad,Tier2,Mechanical,Networking,No,No,5.96,5.26,6.15,5.57,6.2,5.6,6.16,6.42,6.16,61.2,1,2,2.0,2,1,58.9,4.7,52.3,52.3,0,Low,1,0,3.51
44872,Female,Hyderabad,Tier2,EE,Networking,Yes,No,9.4,9.75,9.85,10.0,9.85,9.84,9.4,10.0,9.81,100.0,2,2,3.0,4,1,83.3,4.4,78.9,73.9,0,High,1,0,18.16
32651,Female,Hyderabad,Tier2,Mechanical,Embedded,Yes,No,7.3,6.66,7.2,6.82,7.22,7.07,7.03,7.5,7.11,82.4,2,2,1.0,1,0,73.7,3.1,49.6,55.1,1,Mid,1,0,8.79
41289,Male,Chennai,Tier3,CS,DataScience,Yes,Yes,5.27,5.4,5.62,5.33,5.29,5.4,5.58,5.34,5.22,75.3,0,0,0.0,0,0,43.4,2.0,32.2,34.2,1,Low,0,0,0.0
33571,Female,Hyderabad,Tier3,Mechanical,DataScience,No,Yes,4.0,4.0,4.0,4.0,4.0,4.0,4.11,4.0,4.05,60.9,1,0,1.0,1,0,48.2,1.7,25.2,35.1,0,Low,0,0,0.0
31893,Male,Kochi,Tier2,Civil,Networking,No,No,5.95,6.19,5.72,6.04,5.63,6.29,6.23,5.85,5.98,77.9,1,1,2.0,2,0,70.8,3.0,56.1,48.9,0,Low,0,0,0.0
49651,Female,Mumbai,Tier2,IT,AI,Yes,Yes,6.79,6.12,6.61,6.56,6.86,6.81,6.52,7.38,6.68,72.5,1,2,1.0,2,1,67.9,2.5,64.9,60.9,0,Mid,1,0,8.06
18088,Female,Kochi,Tier1,CS,AI,No,No,9.96,10.0,10.0,10.0,10.0,10.0,10.0,10.0,10.0,80.1,2,3,4.0,3,2,89.9,4.2,77.7,67.7,1,High,1,0,25.07
11179,Male,Chennai,Tier2,ECE,AI,No,No,7.98,8.13,8.23,7.65,8.39,8.34,7.86,8.32,8.24,76.8,2,2,2.0,2,0,61.4,3.3,55.9,54.1,1,High,1,0,22.07
19603,Female,Delhi,Tier2,IT,AI,Yes,No,6.62,7.03,6.1,7.21,7.25,6.52,6.58,6.51,6.76,72.0,1,2,1.0,1,1,67.9,3.1,54.5,50.6,1,Mid,1,0,9.57
13252,Male,Kolkata,Tier2,EE,DataScience,No,No,6.53,7.15,6.66,6.73,7.25,7.1,6.98,6.01,6.68,79.5,1,2,1.0,2,1,64.1,3.2,45.1,44.2,0,Mid,1,0,8.71
16417,Male,Kochi,Tier2,IT,AI,Yes,Yes,5.0,5.18,4.84,5.49,5.3,5.21,5.46,4.99,5.43,69.1,0,1,0.0,1,0,49.6,1.6,24.1,25.6,0,Low,0,0,0.0
23207,Male,Hyderabad,Tier1,IT,AI,Yes,No,10.0,9.38,10.0,9.97,10.0,9.97,10.0,10.0,9.99,77.4,2,3,2.0,3,2,80.5,4.1,91.3,82.0,0,High,1,0,18.4
39881,Female,Bangalore,Tier1,Civil,Embedded,No,Yes,10.0,10.0,10.0,10.0,9.7,9.92,10.0,10.0,9.98,72.6,2,3,3.0,3,1,94.8,3.7,79.2,83.5,1,High,1,0,25.73
11437,Male,Pune,Tier3,CS,DataScience,No,No,9.22,9.1,8.96,9.23,9.35,9.47,9.5,9.15,9.35,85.6,1,2,1.0,2,0,67.1,3.2,57.0,57.9,1,High,1,0,25.95
45270,Female,Hyderabad,Tier3,Mechanical,Embedded,Yes,No,6.91,6.92,7.21,7.2,6.8,7.33,7.26,7.19,7.14,81.6,1,1,2.0,2,0,64.6,3.1,45.7,61.2,1,Mid,0,0,0.0
20687,Male,Hyderabad,Tier2,ECE,DataScience,Yes,No,7.15,7.11,6.86,7.3,7.13,6.85,6.63,6.98,6.9,74.0,1,2,2.0,1,1,68.7,3.2,44.8,52.2,1,Mid,1,0,8.97
45512,Female,Delhi,Tier1,ECE,Embedded,No,No,5.67,5.28,5.37,5.78,5.57,5.86,6.05,5.68,5.65,77.1,1,2,1.0,2,0,68.5,1.8,56.4,64.2,0,Low,0,0,0.0
3273,Male,Chennai,Tier2,IT,DataScience,No,No,7.19,6.25,7.06,6.63,6.83,6.85,7.2,6.97,6.68,73.1,1,2,2.0,2,0,85.5,3.1,52.8,53.4,1,Mid,1,0,8.76
32714,Female,Chennai,Tier1,ECE,Networking,No,No,9.42,9.62,9.79,9.96,9.91,10.0,9.35,9.58,9.67,83.0,1,4,4.0,4,1,81.7,3.1,78.7,68.5,1,High,1,0,25.35
33178,Male,Bangalore,Tier2,EE,AI,Yes,No,7.82,7.65,7.71,7.82,7.65,8.09,7.94,7.87,7.9,80.2,2,2,2.0,5,2,83.9,3.7,81.3,65.5,0,Mid,1,0,9.69
49771,Female,Hyderabad,Tier2,ECE,Embedded,Yes,Yes,5.98,5.45,6.12,4.98,5.3,5.61,5.39,5.09,5.47,65.4,0,0,0.0,0,0,57.9,2.7,24.7,35.6,0,Low,0,0,0.0
31808,Male,Pune,Tier2,IT,AI,Yes,No,5.33,4.72,4.66,4.71,4.85,4.59,4.32,4.9,9.99,60.5,3,5,0.0,0,0,96.1,2.1,99.6,24.9,0,Low,0,1,0.0
33270,Male,Delhi,Tier2,ECE,Networking,No,No,6.0,6.47,6.63,6.61,6.52,7.06,7.28,6.79,6.75,89.9,3,4,3.0,3,1,66.8,3.7,68.6,68.9,1,Mid,1,0,8.83
16096,Male,Delhi,Tier2,CS,Embedded,Yes,Yes,5.48,5.33,5.58,5.32,5.15,5.53,5.37,5.38,5.6,65.8,1,1,0.0,0,0,47.7,2.0,25.4,27.4,1,Low,0,0,0.0
8905,Male,Kolkata,Tier3,Mechanical,Embedded,Yes,No,6.99,7.51,7.21,7.06,7.3,6.9,7.59,6.97,7.21,77.5,1,2,2.0,2,0,74.5,3.3,56.4,44.8,1,Mid,1,0,8.37
8407,Male,Hyderabad,Tier2,EE,DataScience,No,No,7.65,8.06,7.41,7.84,8.3,7.97,8.39,8.0,8.17,89.3,2,4,2.0,3,1,73.5,3.3,72.3,79.1,1,High,1,0,22.06
4244,Female,Hyderabad,Tier2,CS,DataScience,Yes,No,8.53,8.52,9.21,9.07,8.99,8.48,8.97,8.39,8.9,56.8,0,2,1.0,1,0,73.4,2.5,52.7,51.2,0,High,1,0,18.2
15419,Male,Hyderabad,Tier2,IT,AI,No,No,9.03,9.36,9.07,9.24,8.75,9.38,9.08,9.48,9.16,69.5,1,2,1.0,3,1,65.0,3.0,55.9,52.5,0,High,1,0,18.1
41124,Male,Kolkata,Tier2,Mechanical,AI,No,No,9.66,9.59,9.72,10.0,10.0,9.32,9.69,10.0,9.77,83.4,1,2,2.0,3,1,82.8,4.0,81.8,80.7,1,High,1,0,25.73
29756,Male,Ahmedabad,Tier3,ECE,Embedded,Yes,No,7.32,6.65,6.62,5.8,6.91,6.66,6.83,6.5,6.53,67.6,0,2,1.0,1,1,68.7,3.2,50.8,43.2,1,Mid,1,0,8.79
31980,Female,Bangalore,Tier3,EE,Embedded,Yes,No,4.68,4.45,4.08,4.47,4.0,4.0,4.15,4.59,4.15,53.6,0,0,0.0,0,0,50.6,1.6,29.0,35.4,0,Low,0,0,0.0
36444,Male,Bangalore,Tier2,ECE,AI,No,No,5.73,6.24,5.89,5.76,6.11,6.06,6.08,6.77,5.95,92.9,2,3,4.0,3,1,85.0,4.1,78.2,66.2,0,Low,1,0,3.36
6267,Female,Mumbai,Tier3,ECE,Networking,No,No,7.11,6.76,6.95,6.5,7.26,6.48,6.69,6.97,6.95,67.5,0,0,0.0,1,0,47.9,1.7,19.2,33.6,0,Mid,0,0,0.0
11918,Male,Chennai,Tier3,CS,DataScience,Yes,No,4.68,4.8,4.85,4.21,4.51,4.34,4.29,4.88,4.48,66.8,1,1,0.0,0,0,40.7,1.0,27.6,37.9,0,Low,0,0,0.0
23181,Female,Hyderabad,Tier3,Mechanical,DataScience,No,No,6.25,6.43,6.61,6.04,6.72,6.03,6.46,6.46,6.44,83.0,0,2,2.0,1,0,70.4,2.3,52.6,57.3,1,Low,1,0,6.15
41354,Female,Chennai,Tier2,Mechanical,DataScience,Yes,No,7.47,7.22,7.52,7.4,7.49,7.8,7.28,7.1,7.44,80.6,2,2,2.0,1,1,76.2,4.4,49.4,47.1,0,Mid,1,0,8.43
35149,Male,Jaipur,Tier2,EE,Networking,Yes,No,10.0,10.0,9.71,10.0,10.0,10.0,10.0,10.0,10.0,100.0,2,2,1.0,4,1,96.0,2.6,82.7,68.5,1,High,1,0,18.65
47807,Male,Hyderabad,Tier2,CS,AI,Yes,No,7.61,7.81,8.37,8.26,8.41,7.94,9.07,8.31,8.22,94.7,2,4,3.0,3,1,80.0,4.3,74.3,72.9,1,High,1,0,22.96
45286,Male,Kolkata,Tier2,IT,Embedded,Yes,No,10.0,10.0,9.5,9.96,9.8,9.38,10.0,10.0,9.87,83.6,2,3,2.0,3,1,87.8,3.7,80.4,73.2,1,High,1,0,25.05
42791,Male,Kochi,Tier2,Mechanical,Networking,No,No,9.24,9.0,8.94,8.61,9.11,9.83,9.59,9.45,9.18,81.8,2,3,3.0,4,2,83.0,3.5,67.2,80.0,1,High,1,0,25.8
20997,Male,Jaipur,Tier2,ECE,DataScience,No,No,5.25,5.34,5.01,5.02,5.06,5.5,5.35,5.2,5.04,61.7,0,0,1.0,0,0,49.3,1.0,26.9,25.2,0,Low,0,0,0.0
34299,Female,Bangalore,Tier1,CS,DataScience,No,Yes,7.39,7.62,7.74,7.55,7.94,7.73,7.18,7.76,4.11,53.29921999,1,2,2.0,2,1,37.5,2.4,3.5,54.4,1,Mid,0,1,0.0
29541,Male,Bangalore,Tier1,ECE,DataScience,Yes,No,10.0,9.92,10.0,9.65,10.0,10.0,10.0,10.0,10.0,89.8,2,4,3.0,3,2,97.0,3.4,68.5,56.0,0,High,1,0,18.1
43855,Male,Kolkata,Tier1,Mechanical,DataScience,No,No,9.39,8.57,9.36,8.91,9.5,9.49,8.82,9.26,9.31,80.5,2,2,2.0,3,2,71.1,4.4,81.7,76.0,1,High,1,0,25.16
2985,Male,Hyderabad,Tier2,CS,Embedded,No,No,6.83,6.59,6.25,6.69,6.88,6.31,6.81,6.53,6.71,73.7,1,2,1.0,2,0,75.2,3.9,58.7,66.8,0,Mid,1,0,8.43
27928,Male,Chennai,Tier2,CS,Networking,Yes,No,9.12,9.52,8.8,9.5,9.74,9.43,9.3,8.93,9.29,80.9,1,2,1.0,2,1,60.8,3.4,64.1,55.9,0,High,1,0,18.92
22426,Male,Delhi,Tier2,CS,AI,Yes,No,10.0,10.0,10.0,9.72,10.0,10.0,10.0,9.94,9.97,88.4,1,3,3.0,2,0,84.4,3.7,70.0,67.2,1,High,1,0,25.95
26390,Male,Chennai,Tier2,IT,Embedded,No,No,7.4,6.92,7.61,7.38,7.33,7.26,7.26,7.33,7.28,82.2,2,3,2.0,3,1,70.7,4.3,77.0,76.5,1,Mid,1,0,8.72
19186,Female,Chennai,Tier3,Mechanical,Embedded,No,No,5.35,5.88,6.3,5.63,5.56,6.52,6.1,5.67,5.97,85.9,1,2,2.0,1,0,82.2,2.2,58.3,51.1,1,Low,0,0,0.0
18987,Female,Bangalore,Tier2,Mechanical,Networking,Yes,No,6.25,6.24,6.45,6.42,6.98,6.24,6.03,6.05,6.25,63.0,1,1,0.0,0,0,43.8,2.0,19.5,31.4,0,Low,0,0,0.0
29621,Female,Pune,Tier2,EE,Networking,No,No,6.45,7.12,7.48,6.81,7.01,7.44,6.8,6.83,6.95,77.8,1,2,2.0,0,1,66.6,2.6,49.8,38.9,1,Mid,1,0,8.42
20561,Female,Ahmedabad,Tier1,Mechanical,Networking,Yes,No,5.6,5.47,5.42,5.64,5.57,6.18,5.93,6.16,5.64,93.9,2,2,4.0,4,2,76.7,2.8,86.4,75.0,1,Low,1,0,5.7
35150,Female,Hyderabad,Tier2,Mechanical,DataScience,No,No,8.2,7.97,8.78,8.93,8.44,8.96,8.27,8.58,8.68,82.9,3,2,2.0,4,1,93.2,4.9,80.8,75.4,0,High,1,0,18.84
24235,Female,Pune,Tier2,Mechanical,Embedded,No,Yes,7.16,6.91,6.77,6.73,6.59,6.89,6.42,6.75,6.8,82.9,1,2,2.0,2,1,78.2,2.6,46.1,50.9,0,Mid,0,0,0.0
15434,Male,Chennai,Tier2,Civil,Embedded,Yes,No,5.1,5.93,5.73,5.0,5.79,5.48,4.83,5.33,5.28,85.4,1,2,2.0,3,0,73.4,3.7,41.3,64.6,1,Low,1,0,5.85
2864,Male,Hyderabad,Tier2,IT,AI,No,No,7.17,7.24,6.7,7.44,6.87,7.12,7.19,7.41,7.16,86.1,1,3,1.0,2,0,67.9,3.6,57.3,52.2,0,Mid,1,0,8.53
23220,Female,Bangalore,Tier2,CS,AI,No,No,7.86,7.92,8.13,7.74,7.86,8.45,7.55,8.02,7.87,85.7,1,1,2.0,2,0,72.3,2.5,59.8,56.2,0,Mid,1,0,8.85
16663,Male,Bangalore,Tier3,EE,Embedded,Yes,Yes,5.53,5.08,4.59,5.05,4.86,4.98,5.09,4.51,4.93,67.4,0,1,0.0,0,0,52.4,1.5,32.5,27.1,0,Low,0,0,0.0
9956,Male,Jaipur,Tier1,ECE,Embedded,Yes,No,7.52,8.31,7.51,7.39,7.6,7.94,7.86,7.74,7.73,92.8,2,2,3.0,3,1,82.9,5.0,75.8,62.9,1,Mid,1,0,8.46
31403,Male,Mumbai,Tier2,CS,AI,No,Yes,5.25,5.51,6.03,5.61,5.46,5.19,5.72,4.99,5.52,61.0,0,1,0.0,0,0,50.0,1.0,30.9,30.5,0,Low,0,0,0.0
21050,Male,Bangalore,Tier2,Mechanical,Embedded,No,No,7.92,9.12,8.48,8.76,8.94,8.63,9.08,8.51,8.63,77.5,2,3,3.0,3,1,96.0,3.7,87.7,81.3,1,High,1,0,22.53
34970,Male,Jaipur,Tier3,ECE,DataScience,No,No,5.37,5.27,5.27,5.43,5.51,6.3,5.4,4.99,5.64,68.0,0,1,1.0,1,0,55.5,2.9,21.8,24.1,0,Low,0,0,0.0
24269,Male,Hyderabad,Tier1,CS,Networking,Yes,No,9.08,10.0,9.89,9.8,9.93,10.0,10.0,9.65,9.98,96.4,2,4,1.0,2,2,87.2,4.4,82.1,71.7,0,High,1,0,18.21
23205,Male,Ahmedabad,Tier2,ECE,Networking,No,No,6.92,7.3,7.03,6.89,6.96,7.43,6.71,7.17,7.05,82.9,1,3,2.0,2,0,88.1,3.1,58.2,61.5,1,Mid,1,0,8.41
1600,Male,Chennai,Tier3,ECE,Networking,No,Yes,5.7,5.5,5.59,5.38,5.41,5.68,5.23,5.47,5.42,64.6,0,1,0.0,0,0,52.9,1.6,30.3,26.8,0,Low,0,0,0.0
10799,Male,Bangalore,Tier2,EE,AI,No,No,7.58,7.85,7.55,8.08,7.76,7.68,7.63,7.51,7.66,63.2,1,2,1.0,2,1,70.3,2.5,59.7,63.3,0,Mid,1,0,8.97
22143,Male,Bangalore,Tier1,Civil,Embedded,Yes,No,10.0,10.0,9.79,9.77,10.0,10.0,10.0,9.74,10.0,100.0,1,4,4.0,3,1,86.8,4.2,73.5,66.4,1,High,1,0,25.57
22183,Male,Hyderabad,Tier2,CS,AI,Yes,No,9.45,9.12,8.68,9.02,8.48,9.21,9.31,9.13,9.13,88.9,2,3,2.0,2,2,81.5,4.0,89.2,81.7,0,High,1,0,18.64
9933,Male,Chennai,Tier1,Mechanical,Embedded,Yes,No,6.97,7.34,7.69,7.23,6.99,7.35,7.38,7.7,7.19,92.2,3,3,2.0,2,1,84.8,3.9,77.0,68.1,1,Mid,1,0,8.15
21047,Male,Chennai,Tier2,CS,DataScience,No,Yes,8.28,8.33,8.01,7.98,7.75,8.21,8.21,8.15,7.94,77.7,1,2,2.0,1,0,62.8,2.6,53.4,56.3,0,Mid,1,0,8.68
38327,Female,Kochi,Tier3,Mechanical,Embedded,Yes,Yes,6.06,6.08,5.68,6.0,5.52,5.56,5.43,5.4,5.6,60.1,0,1,0.0,1,1,54.0,1.9,30.2,29.0,1,Low,0,0,0.0
38593,Female,Ahmedabad,Tier1,ECE,DataScience,Yes,No,8.07,8.61,8.36,8.33,8.56,8.2,8.63,8.71,8.59,100.0,1,3,3.0,4,1,78.1,3.7,75.2,83.9,1,High,1,0,22.48
17782,Female,Bangalore,Tier3,ECE,DataScience,Yes,No,8.25,7.76,7.86,8.0,7.82,8.12,8.43,8.53,8.28,72.2,0,1,2.0,1,0,67.0,2.6,57.6,42.9,1,High,0,0,18.11
29876,Male,Pune,Tier2,ECE,Networking,No,Yes,4.0,4.09,4.56,4.07,4.0,4.01,4.17,4.22,4.12,51.3,0,0,1.0,0,0,41.5,1.9,25.1,33.5,1,Low,0,0,0.0
22257,Male,Bangalore,Tier2,CS,Embedded,Yes,Yes,4.21,4.0,4.0,4.0,4.0,4.0,4.07,4.0,4.04,65.0,0,2,2.0,3,0,69.7,3.1,57.5,57.2,1,Low,0,0,0.0
9460,Male,Mumbai,Tier2,EE,AI,Yes,No,7.78,8.21,8.02,8.06,8.53,8.16,7.82,8.28,8.12,90.7,1,3,2.0,2,2,88.3,3.6,79.1,70.4,1,High,1,0,22.67
8332,Female,Chennai,Tier2,EE,DataScience,No,No,6.17,6.63,6.45,5.62,6.01,6.17,6.21,6.29,6.09,77.6,2,1,2.0,2,1,61.6,2.6,51.0,52.0,1,Low,1,0,5.55
25866,Male,Delhi,Tier1,ECE,AI,Yes,No,8.6,7.77,8.8,7.97,7.81,8.9,8.18,8.72,8.27,100.0,2,3,3.0,4,0,84.1,4.0,76.3,58.2,0,High,1,0,18.82
17555,Male,Delhi,Tier2,CS,Networking,Yes,No,4.9,4.97,4.66,4.86,4.15,4.69,4.99,4.9,4.71,71.3,0,1,0.0,0,0,49.7,1.7,25.3,33.2,0,Low,0,0,0.0
38887,Male,Mumbai,Tier2,IT,AI,Yes,Yes,5.82,5.39,6.14,5.44,5.61,5.34,5.61,5.48,5.67,64.4,0,1,1.0,0,0,39.1,1.1,25.0,26.6,0,Low,0,0,0.0
27981,Male,Mumbai,Tier3,ECE,Networking,Yes,No,7.01,6.84,7.79,7.52,6.84,7.06,6.35,7.25,7.16,73.3,2,2,2.0,1,1,69.6,1.9,66.6,51.2,0,Mid,1,0,12.16
11840,Male,Chennai,Tier2,IT,DataScience,Yes,No,8.57,8.98,9.09,9.23,9.23,9.02,9.45,8.91,9.26,84.3,2,1,2.0,4,1,80.3,2.4,83.4,65.8,0,High,1,0,18.17
19063,Male,Kochi,Tier2,CS,Embedded,Yes,No,4.95,5.37,5.75,5.37,5.18,5.28,5.32,5.55,9.9,55.4,3,5,0.0,0,0,96.5,1.2,97.2,30.9,0,Low,0,1,0.0
39869,Male,Pune,Tier1,CS,AI,Yes,No,8.75,8.56,9.41,9.22,8.78,8.78,9.32,9.09,9.09,100.0,2,2,3.0,4,2,77.0,4.4,75.2,61.3,1,High,1,0,25.24
18827,Male,Hyderabad,Tier2,CS,DataScience,No,No,9.25,8.55,8.45,7.98,8.82,8.6,8.34,8.67,8.6,81.7,2,2,2.0,2,1,68.5,2.5,60.8,51.7,0,High,1,0,18.93
1812,Female,Hyderabad,Tier2,ECE,DataScience,No,No,6.02,6.45,6.43,5.53,6.32,5.99,6.09,6.67,6.11,81.8,1,2,2.0,1,0,70.8,2.7,53.0,44.3,1,Low,0,0,0.0
13605,Male,Ahmedabad,Tier2,Mechanical,Embedded,No,No,10.0,9.94,10.0,10.0,9.93,10.0,10.0,10.0,9.85,100.0,2,3,3.0,3,2,76.4,4.7,83.6,81.7,1,High,1,0,25.5
45815,Female,Hyderabad,Tier3,EE,Embedded,No,No,4.98,4.99,4.15,4.53,4.76,4.08,4.23,4.91,4.53,67.1,0,1,0.0,0,0,49.0,2.0,26.8,37.4,0,Low,0,0,0.0
45445,Male,Hyderabad,Tier2,Civil,DataScience,No,No,6.71,6.79,6.31,7.04,6.89,7.27,6.84,6.7,6.82,71.5,0,2,2.0,2,0,54.2,4.9,63.4,38.5,0,Mid,1,0,10.13
27631,Female,Delhi,Tier2,ECE,AI,Yes,No,7.59,7.64,7.72,7.52,7.97,8.05,8.07,7.97,9.87,95.0,3,5,3.0,3,2,96.6,4.2,99.2,75.3,0,Mid,1,1,8.38
43905,Male,Chennai,Tier1,CS,Networking,No,No,7.81,7.91,8.44,8.41,8.53,8.16,8.21,8.83,8.31,100.0,2,4,2.0,5,2,69.3,4.8,66.2,83.8,1,High,1,0,22.18
30732,Male,Pune,Tier2,ECE,Embedded,Yes,No,10.0,10.0,10.0,10.0,9.97,10.0,10.0,10.0,10.0,97.2,2,4,3.0,3,1,74.6,3.6,75.4,69.8,1,High,1,0,25.55
21256,Female,Mumbai,Tier1,CS,AI,Yes,No,8.79,9.12,9.61,9.27,9.37,10.0,9.08,9.12,9.32,80.6,2,4,3.0,3,0,73.5,4.9,66.6,56.6,1,High,1,0,25.68
22983,Female,Jaipur,Tier3,IT,DataScience,Yes,No,4.97,6.03,5.12,5.03,5.01,4.45,4.8,4.36,4.46,52.60355906,1,0,0.0,0,0,37.5,1.5,4.7,25.4,0,Low,0,1,0.0
2673,Female,Hyderabad,Tier1,EE,Embedded,Yes,No,6.85,6.48,6.8,7.16,6.1,6.67,6.83,7.15,6.78,74.4,0,2,1.0,1,0,63.3,3.8,48.7,54.5,0,Mid,1,0,9.6
20497,Female,Bangalore,Tier2,ECE,Embedded,No,No,4.89,4.89,5.08,5.47,5.53,4.8,4.79,5.12,5.2,76.7,1,2,1.0,2,0,65.5,2.4,57.2,41.6,1,Low,0,0,0.0
5160,Male,Bangalore,Tier2,Mechanical,AI,Yes,No,7.53,7.93,7.83,7.87,8.14,8.04,7.97,7.75,7.92,81.8,1,3,2.0,2,1,88.9,3.8,81.5,77.8,1,Mid,1,0,12.94
39382,Male,Mumbai,Tier3,CS,DataScience,Yes,Yes,4.31,4.25,4.08,4.0,4.02,4.13,4.0,4.0,4.0,62.4,0,1,1.0,0,0,42.6,2.7,36.2,33.9,0,Low,0,0,0.0
32778,Male,Delhi,Tier2,Mechanical,Embedded,Yes,No,6.64,6.36,6.75,6.41,6.56,6.02,6.78,7.02,6.69,84.5,0,2,1.0,2,0,65.9,2.4,50.9,53.1,0,Mid,0,0,0.0
11402,Female,Kochi,Tier3,CS,DataScience,No,No,7.19,7.14,8.14,7.59,7.04,7.66,7.47,7.48,7.45,78.9,1,2,2.0,2,1,64.2,2.9,58.1,56.1,0,Mid,1,0,12.85
10505,Male,Bangalore,Tier1,CS,Embedded,No,No,5.6,6.08,5.77,5.84,5.72,6.25,6.4,5.62,5.95,76.2,1,2,1.0,1,1,55.5,2.3,52.7,47.4,0,Low,0,0,0.0
33527,Male,Chennai,Tier2,CS,AI,Yes,No,6.02,5.48,5.55,6.2,5.74,5.26,5.28,6.13,5.8,82.9,1,2,1.0,2,1,71.4,2.5,51.9,52.0,1,Low,1,0,5.73
5755,Female,Pune,Tier3,IT,AI,Yes,Yes,5.69,5.39,4.95,4.85,5.18,5.08,5.29,4.99,5.06,55.0,1,1,0.0,0,0,41.4,2.3,29.8,28.1,1,Low,0,0,0.0
22012,Female,Bangalore,Tier2,ECE,Embedded,No,Yes,6.63,6.79,6.64,7.32,7.29,6.7,6.87,6.16,6.82,79.0,1,2,1.0,2,0,39.7,3.8,50.5,55.7,0,Mid,0,0,0.0
45389,Male,Pune,Tier3,Mechanical,Networking,No,Yes,8.51,8.84,8.15,8.29,8.98,8.03,8.22,8.86,8.52,71.0,1,2,2.0,2,0,65.1,2.5,53.0,47.5,0,High,1,0,18.52
20938,Male,Ahmedabad,Tier2,Civil,Embedded,Yes,No,8.62,8.82,8.8,8.53,9.63,8.54,9.47,8.88,9.02,90.2,2,1,2.0,3,1,79.8,4.2,92.9,82.4,1,High,1,0,25.1
21935,Female,Kochi,Tier2,CS,Embedded,No,No,6.39,6.08,6.33,5.61,5.74,6.43,6.0,6.76,6.24,75.7,1,3,2.0,2,1,65.5,3.4,52.5,58.1,0,Low,1,0,5.1
8035,Male,Bangalore,Tier2,Mechanical,DataScience,Yes,No,6.33,7.12,6.22,6.42,5.78,6.41,6.97,6.39,6.45,74.4,1,2,1.0,1,0,73.4,3.2,49.0,50.3,1,Low,1,0,5.46
7127,Male,Delhi,Tier1,ECE,DataScience,Yes,No,8.24,8.39,8.47,8.58,8.16,8.3,8.87,9.48,8.48,84.1,2,3,3.0,2,2,75.7,3.6,82.7,74.6,1,High,1,0,22.52
47791,Female,Pune,Tier2,ECE,Embedded,Yes,No,6.6,6.69,5.82,6.08,6.6,6.34,6.64,6.26,6.33,87.6,1,0,1.0,1,1,69.3,4.6,50.9,42.5,1,Low,0,0,0.0
35847,Female,Delhi,Tier3,IT,Networking,Yes,No,6.92,6.75,6.49,6.57,6.53,6.4,6.58,6.46,6.7,73.2,1,1,2.0,2,1,70.1,3.7,56.7,53.4,1,Mid,1,0,8.5
13083,Male,Chennai,Tier3,EE,Networking,Yes,No,7.47,7.9,7.72,7.55,7.68,7.56,7.56,7.89,7.69,71.2,2,2,2.0,2,0,81.3,2.7,54.3,44.5,0,Mid,1,0,8.58
21906,Female,Delhi,Tier2,EE,Embedded,No,No,8.64,8.78,8.4,9.05,9.11,8.84,9.37,8.37,8.95,75.8,1,2,1.0,2,1,70.3,2.6,64.1,39.4,1,High,1,0,18.13
25239,Female,Bangalore,Tier1,ECE,Networking,No,No,9.85,9.69,9.89,9.8,9.89,10.0,10.0,10.0,9.7,85.8,2,2,2.0,3,1,85.4,3.7,75.3,86.7,1,High,1,0,25.65
10037,Male,Pune,Tier3,ECE,DataScience,Yes,Yes,5.24,4.97,5.2,4.39,4.88,4.6,4.75,5.41,4.97,61.7,0,0,0.0,1,0,54.7,1.9,28.0,26.9,0,Low,0,0,0.0
14165,Female,Mumbai,Tier1,IT,DataScience,Yes,No,5.33,5.38,5.74,5.66,5.67,6.08,5.47,6.05,5.7,89.4,1,2,1.0,2,1,64.4,3.7,54.6,54.2,0,Low,1,0,3.36
31155,Male,Mumbai,Tier3,ECE,Embedded,Yes,No,6.63,5.83,6.29,6.25,5.9,5.95,6.3,5.61,6.05,75.0,1,1,1.0,2,1,61.3,2.6,56.4,64.7,0,Low,0,0,0.0
35309,Male,Mumbai,Tier1,Civil,Embedded,Yes,No,6.23,6.08,6.33,6.92,6.76,6.48,7.04,6.84,6.51,84.6,1,1,4.0,3,1,92.9,3.3,76.8,70.1,1,Mid,1,0,10.07
47764,Female,Delhi,Tier3,CS,DataScience,Yes,No,6.26,6.12,6.34,6.57,6.63,6.52,6.6,6.41,6.34,73.3,1,2,1.0,1,0,63.7,3.0,58.6,57.9,0,Low,1,0,3.95
32908,Male,Bangalore,Tier2,Mechanical,Embedded,No,No,7.53,8.11,7.55,7.49,7.35,7.58,7.31,7.41,7.46,72.8,1,2,3.0,1,0,73.2,5.0,65.7,59.6,1,Mid,1,0,8.33
5254,Male,Ahmedabad,Tier1,Mechanical,Embedded,Yes,No,8.79,8.6,8.7,8.94,8.92,8.61,8.7,8.78,8.78,85.9,1,1,3.0,4,2,78.0,3.5,83.7,79.4,0,High,1,0,18.17
19105,Male,Ahmedabad,Tier2,ECE,Networking,No,No,6.03,6.32,6.56,6.46,6.24,6.11,6.32,5.9,6.18,79.4,0,1,1.0,1,1,63.3,3.4,43.1,56.3,1,Low,0,0,0.0
32806,Male,Chennai,Tier2,Mechanical,DataScience,No,No,8.06,8.05,8.03,8.37,8.19,8.75,8.0,8.07,8.18,84.7,2,3,4.0,2,1,81.5,3.7,83.7,78.0,1,High,1,0,22.96
40517,Male,Mumbai,Tier3,CS,Embedded,Yes,Yes,6.91,6.81,7.05,7.29,5.99,6.64,6.92,6.85,6.92,59.3,0,0,0.0,1,0,40.7,2.0,31.7,32.4,0,Mid,0,0,0.0
3883,Male,Bangalore,Tier3,IT,AI,No,No,5.36,5.74,4.77,4.98,5.36,4.64,5.2,4.57,4.9,58.6,0,1,1.0,1,0,42.1,1.7,28.7,32.1,0,Low,0,0,0.0
38930,Male,Mumbai,Tier2,EE,Networking,No,No,7.67,7.71,7.59,8.23,7.78,7.48,8.14,8.12,7.98,82.3,3,4,3.0,2,0,91.2,3.3,100.0,72.3,0,Mid,1,0,9.12
26355,Male,Hyderabad,Tier3,IT,DataScience,No,No,5.18,5.84,4.98,4.95,4.65,5.07,4.83,5.26,5.06,54.8,0,1,0.0,0,0,40.0,2.4,31.2,27.5,1,Low,0,0,0.0
44561,Female,Jaipur,Tier2,CS,DataScience,Yes,No,5.57,6.06,5.52,5.75,5.45,5.43,5.33,5.0,5.63,58.2,0,1,0.0,1,0,56.9,1.2,24.5,33.4,0,Low,0,0,0.0
44945,Female,Jaipur,Tier2,CS,AI,No,No,9.41,9.24,9.24,9.46,9.8,9.13,9.05,9.51,9.38,60.5,2,2,1.0,1,0,65.3,3.5,56.7,66.7,1,High,1,0,25.01
5196,Female,Ahmedabad,Tier2,CS,Networking,Yes,No,5.9,6.72,6.16,5.91,6.33,6.07,5.47,6.07,6.2,74.9,1,2,1.0,2,0,63.1,3.4,52.4,51.8,0,Low,1,0,3.11
37256,Male,Bangalore,Tier3,Mechanical,AI,Yes,No,5.77,5.85,5.44,5.61,5.57,5.86,5.27,5.16,5.78,52.4,0,1,0.0,1,0,51.5,1.9,24.2,30.8,0,Low,0,0,0.0
31611,Female,Delhi,Tier2,Mechanical,Networking,Yes,No,5.31,5.6,5.35,4.99,5.33,5.18,4.85,5.41,5.34,84.7,1,2,0.0,1,1,62.5,3.7,63.8,57.4,0,Low,1,0,3.32
2192,Female,Jaipur,Tier3,IT,AI,Yes,Yes,6.79,6.35,6.57,6.55,7.44,6.5,6.15,6.0,6.71,61.1,0,0,1.0,0,0,45.7,2.1,26.4,27.2,0,Mid,0,0,0.0
46173,Male,Chennai,Tier1,CS,Embedded,Yes,No,7.57,7.19,7.67,8.23,7.37,7.78,7.18,8.26,7.56,76.5,1,2,2.0,2,0,59.9,3.4,56.2,42.9,0,Mid,1,0,8.89
42979,Female,Jaipur,Tier3,IT,Embedded,No,No,7.24,6.08,6.72,6.97,6.91,7.01,6.81,6.95,6.94,83.6,1,2,1.0,1,0,52.2,2.4,52.8,57.5,1,Mid,0,0,0.0
3155,Male,Hyderabad,Tier2,Mechanical,Embedded,No,Yes,8.06,8.32,8.49,8.71,8.66,8.98,7.65,8.59,8.42,71.9,1,1,2.0,2,1,57.9,3.6,44.9,54.9,0,High,1,0,18.39
22796,Female,Jaipur,Tier3,CS,Networking,Yes,No,5.24,5.84,6.03,5.43,5.53,4.85,5.51,5.36,5.37,77.1,1,0,1.0,0,0,48.5,1.1,28.1,30.6,1,Low,0,0,0.0
29896,Male,Kochi,Tier2,CS,Embedded,No,No,7.16,6.7,6.72,6.37,6.69,6.36,6.76,6.92,6.79,81.5,0,2,1.0,2,1,68.5,3.1,54.5,53.7,1,Mid,1,0,8.84
16913,Male,Hyderabad,Tier3,ECE,DataScience,No,Yes,4.64,4.13,4.41,4.0,4.8,4.0,4.0,4.21,4.1,51.8,1,1,0.0,1,0,49.3,2.2,26.7,38.1,1,Low,0,0,0.0
41043,Female,Chennai,Tier2,IT,Embedded,No,No,5.08,4.41,4.33,4.33,4.19,4.83,4.42,4.53,4.57,52.8,1,1,2.0,0,0,51.1,1.5,30.7,28.3,1,Low,0,0,0.0
42716,Male,Bangalore,Tier3,EE,Networking,No,No,6.79,6.35,7.13,7.53,6.59,6.73,7.0,6.81,6.67,72.1,1,2,2.0,3,0,83.0,3.4,51.9,57.7,1,Mid,1,0,8.73
7442,Male,Mumbai,Tier1,IT,AI,Yes,No,8.18,8.82,8.38,8.79,9.02,8.54,9.73,8.64,8.99,89.2,2,3,2.0,5,2,100.0,4.2,76.8,68.7,1,High,1,0,22.9
12620,Male,Chennai,Tier1,ECE,Embedded,Yes,No,7.32,6.82,7.47,7.28,7.12,7.19,7.33,6.63,7.16,68.6,1,1,2.0,1,0,62.0,2.8,61.0,53.6,0,Mid,1,0,10.17
1423,Male,Mumbai,Tier1,CS,DataScience,No,Yes,9.78,9.13,9.3,9.12,9.65,9.54,9.72,9.38,9.37,96.2,1,4,2.0,4,2,75.4,3.3,84.0,76.5,0,High,1,0,18.3
6066,Male,Hyderabad,Tier2,ECE,Networking,No,No,6.7,6.44,7.07,6.9,6.36,6.92,6.87,6.17,6.82,73.5,1,2,3.0,2,1,71.6,3.1,47.0,58.5,1,Mid,1,0,8.95
37617,Female,Jaipur,Tier2,ECE,Embedded,Yes,No,6.77,6.16,6.77,6.12,6.3,6.28,6.35,6.69,6.41,76.7,0,2,2.0,3,1,68.0,2.7,58.5,54.9,1,Low,1,0,6.16
37029,Male,Jaipur,Tier3,Mechanical,Networking,No,No,4.0,4.45,4.57,4.13,4.0,4.42,4.31,4.08,4.23,72.7,1,1,1.0,0,0,56.0,2.3,36.6,29.9,0,Low,0,0,0.0
43198,Male,Hyderabad,Tier3,ECE,DataScience,No,No,4.52,4.61,4.6,4.83,4.7,4.59,4.26,4.62,4.79,78.4,1,1,2.0,1,1,73.2,2.1,56.0,47.3,0,Low,0,0,0.0
29229,Male,Delhi,Tier1,ECE,AI,Yes,No,8.73,8.36,8.51,8.57,9.03,8.24,8.9,8.59,8.66,84.0,1,4,2.0,3,2,71.7,3.9,81.0,86.1,1,High,1,0,22.38
29836,Male,Kolkata,Tier1,Mechanical,AI,Yes,No,8.84,8.99,9.11,8.86,8.84,8.83,9.06,9.04,8.88,81.4,2,3,2.0,2,1,84.1,3.2,83.8,69.5,0,High,1,0,18.8
22686,Female,Hyderabad,Tier3,ECE,Networking,No,No,5.26,4.64,4.37,5.01,5.23,4.87,4.7,5.03,5.09,62.4,1,0,1.0,0,0,44.3,1.4,26.9,26.2,0,Low,0,0,0.0
34760,Female,Kochi,Tier3,IT,DataScience,No,Yes,4.58,4.88,4.0,4.38,4.11,4.53,4.47,4.04,4.42,55.0,1,1,0.0,1,0,43.4,1.9,24.9,29.7,0,Low,0,0,0.0
5216,Male,Pune,Tier3,CS,DataScience,Yes,No,7.52,8.13,8.07,7.47,7.84,8.04,8.6,7.72,7.92,75.8,1,2,1.0,1,1,65.0,3.1,48.4,47.3,0,Mid,1,0,8.57
48813,Male,Hyderabad,Tier3,IT,DataScience,No,No,6.21,5.89,6.55,6.2,5.72,5.56,5.97,5.81,5.85,58.4,0,1,0.0,0,0,58.8,1.9,28.5,34.1,0,Low,0,0,0.0
44918,Male,Hyderabad,Tier2,Civil,AI,Yes,No,6.38,6.14,6.02,5.67,6.1,6.64,6.04,6.05,5.98,83.5,1,1,2.0,2,1,66.4,3.3,55.8,55.5,1,Low,1,0,5.86
39365,Male,Hyderabad,Tier2,CS,Networking,Yes,No,5.81,5.67,6.08,6.03,5.7,5.34,5.82,5.72,5.61,61.3,1,1,2.0,2,0,51.0,3.4,67.9,43.7,0,Low,1,0,3.94
2900,Male,Hyderabad,Tier1,CS,DataScience,Yes,No,9.52,9.38,9.26,9.45,9.93,9.64,10.0,9.74,9.53,94.3,2,3,4.0,3,1,73.6,4.9,65.4,66.3,0,High,1,0,18.84
13308,Male,Jaipur,Tier3,ECE,Networking,No,No,5.29,5.23,4.82,4.8,4.46,4.54,4.47,4.46,4.57,62.7,1,1,0.0,0,0,51.8,1.9,27.0,35.2,0,Low,0,0,0.0
14161,Male,Chennai,Tier2,ECE,Embedded,No,No,8.62,8.45,8.66,8.52,8.45,9.33,8.58,8.8,8.93,80.1,2,4,3.0,2,0,95.9,4.4,69.8,64.8,0,High,1,0,18.38
15154,Male,Kolkata,Tier2,CS,DataScience,Yes,No,9.36,9.96,9.4,9.7,10.0,10.0,10.0,9.96,4.23,52.14053129,1,5,3.0,3,1,35.8,2.6,7.5,82.2,1,High,1,1,18.51
7309,Female,Ahmedabad,Tier2,CS,DataScience,No,No,6.62,7.0,6.48,7.13,6.35,6.56,7.08,7.0,6.73,78.4,1,2,1.0,3,0,67.8,3.4,56.3,59.0,0,Mid,1,0,8.84
33681,Male,Delhi,Tier2,CS,AI,No,No,9.61,9.75,9.46,9.46,9.98,9.35,9.52,10.0,9.68,74.6,1,2,2.0,2,1,71.2,2.6,53.4,42.3,1,High,1,0,18.04
39098,Female,Ahmedabad,Tier2,ECE,Embedded,Yes,No,8.41,8.17,8.36,7.59,7.83,8.67,8.69,8.09,8.38,72.6,2,4,2.0,3,2,70.8,4.7,65.3,76.5,1,High,1,0,22.69
44841,Male,Mumbai,Tier1,Civil,DataScience,No,No,7.64,7.81,7.99,8.25,7.94,7.99,7.77,7.89,7.91,70.5,1,1,1.0,2,1,64.5,2.9,58.0,50.3,0,Mid,1,0,9.79
44615,Male,Pune,Tier1,CS,DataScience,No,No,6.16,6.58,6.67,6.78,6.5,6.44,6.58,6.51,6.54,82.2,2,3,3.0,3,2,73.3,3.9,85.8,85.1,1,Mid,1,0,8.19
27192,Male,Chennai,Tier1,Civil,Networking,Yes,No,7.77,7.77,7.66,7.96,7.94,7.66,8.09,7.9,7.97,79.4,1,1,2.0,1,1,63.5,3.2,57.1,54.0,0,Mid,1,0,8.85
17477,Female,Delhi,Tier2,Mechanical,DataScience,Yes,No,8.78,7.99,8.12,8.16,8.39,8.52,7.61,8.16,8.15,61.7,0,3,2.0,2,0,58.7,2.6,51.3,48.9,1,High,1,0,18.1
44191,Female,Chennai,Tier1,EE,Networking,No,No,9.19,9.2,9.6,8.56,9.65,9.57,9.28,9.52,9.33,86.8,1,3,4.0,4,1,97.7,3.8,88.8,62.3,1,High,1,0,25.4
43279,Male,Pune,Tier2,Civil,DataScience,Yes,No,9.54,9.64,9.88,9.77,9.73,9.61,9.73,9.98,9.75,73.7,1,2,1.0,1,0,62.0,2.7,60.0,43.5,1,High,1,0,18.96
42990,Female,Kochi,Tier1,EE,Embedded,No,No,9.24,8.9,9.26,9.24,9.47,8.9,9.12,9.13,9.2,73.1,2,4,3.0,4,2,84.1,4.6,88.1,71.9,0,High,1,0,18.16
19710,Male,Pune,Tier1,ECE,AI,Yes,No,8.87,9.2,8.82,8.97,8.75,8.65,9.3,8.53,9.01,77.2,0,2,1.0,2,0,73.1,3.7,53.8,52.5,1,High,1,0,25.32
28469,Female,Chennai,Tier3,Mechanical,AI,Yes,Yes,6.15,5.99,6.09,5.72,5.79,6.05,5.81,6.01,5.83,66.0,0,1,1.0,1,0,40.7,1.7,36.5,33.9,1,Low,0,0,0.0
23823,Female,Bangalore,Tier3,Civil,Networking,Yes,No,5.21,5.92,5.96,5.35,5.31,5.33,5.7,5.29,5.53,69.5,0,1,1.0,1,0,57.1,1.8,29.5,23.7,1,Low,0,0,0.0
34416,Female,Pune,Tier2,ECE,Networking,No,No,4.91,4.36,4.51,4.86,4.85,4.68,5.59,5.05,4.83,75.5,2,1,2.0,3,1,80.6,3.8,51.6,60.1,1,Low,0,0,0.0
2211,Female,Hyderabad,Tier2,IT,DataScience,Yes,No,5.73,4.67,4.81,4.99,5.38,5.82,5.21,5.77,5.42,67.1,1,2,1.0,2,1,76.4,2.9,68.9,45.3,0,Low,0,0,0.0
23002,Male,Delhi,Tier2,EE,Networking,Yes,No,8.89,8.94,9.27,8.79,9.3,8.68,9.13,9.63,9.08,92.8,2,4,3.0,3,2,74.8,4.4,63.7,73.4,1,High,1,0,25.28
32301,Male,Bangalore,Tier2,Mechanical,AI,Yes,No,9.09,9.28,10.0,8.93,9.59,9.56,10.0,9.77,9.49,76.0,2,4,3.0,4,1,69.3,4.2,85.7,78.5,0,High,1,0,18.17
46321,Male,Bangalore,Tier2,ECE,Embedded,Yes,No,7.32,7.59,7.43,7.56,7.39,7.36,8.04,7.72,7.73,95.5,3,2,3.0,4,0,84.2,4.1,81.1,71.6,0,Mid,1,0,8.65
28828,Male,Delhi,Tier2,ECE,Networking,Yes,Yes,7.05,6.61,7.16,6.71,6.99,6.93,6.89,6.61,7.07,58.9,0,0,0.0,1,0,51.3,3.4,24.9,36.8,0,Mid,0,0,0.0
44405,Male,Kochi,Tier2,Mechanical,Embedded,No,No,6.01,6.26,5.96,5.91,6.71,5.88,6.27,6.48,6.29,75.6,1,2,2.0,2,1,61.4,2.7,64.3,50.7,0,Low,1,0,3.12
18199,Male,Mumbai,Tier1,IT,AI,Yes,No,6.81,7.09,6.57,7.52,7.46,7.06,7.02,6.89,6.99,82.9,1,2,1.0,2,0,62.0,2.6,60.2,44.0,0,Mid,1,0,8.03
1902,Male,Kolkata,Tier1,Mechanical,Embedded,No,No,10.0,10.0,9.86,10.0,10.0,10.0,10.0,9.93,10.0,100.0,1,3,3.0,4,2,84.7,5.0,79.0,70.6,1,High,1,0,25.66
28201,Male,Jaipur,Tier2,Mechanical,DataScience,Yes,Yes,6.68,7.53,7.57,7.99,7.16,6.92,7.35,7.12,7.31,84.8,1,2,2.0,2,0,71.9,3.4,60.4,62.3,0,Mid,1,0,8.97
28969,Male,Chennai,Tier2,ECE,AI,No,No,9.34,9.45,9.81,10.0,9.66,9.82,10.0,9.92,9.87,81.2,1,4,3.0,4,2,88.0,3.2,59.9,67.3,1,High,1,0,25.76
38889,Female,Chennai,Tier2,EE,DataScience,No,No,9.66,9.29,9.4,9.76,9.42,10.0,9.2,9.27,9.51,92.6,2,4,3.0,5,2,86.7,3.9,86.6,78.0,1,High,1,0,25.66
35969,Male,Kolkata,Tier3,EE,DataScience,No,Yes,6.21,6.38,6.95,6.5,6.74,7.03,6.07,6.72,6.46,55.5,0,1,0.0,0,0,53.5,2.7,31.3,26.8,1,Low,0,0,0.0
30876,Male,Bangalore,Tier1,CS,Networking,Yes,No,8.54,7.8,7.61,7.66,8.56,7.8,8.44,8.02,8.07,86.3,2,4,3.0,3,1,90.5,4.3,78.4,78.1,1,High,1,0,22.04
38949,Male,Bangalore,Tier2,ECE,DataScience,Yes,No,8.03,7.59,7.74,7.96,7.58,7.83,7.97,7.62,7.84,98.3,1,2,3.0,3,1,66.7,4.3,76.7,67.1,1,Mid,1,0,8.57
15360,Male,Jaipur,Tier2,Mechanical,Networking,No,No,9.19,9.37,9.6,9.23,9.52,9.35,9.34,9.57,9.37,95.6,2,4,3.0,2,1,75.8,5.0,78.2,56.6,1,High,1,0,25.91
42752,Female,Mumbai,Tier1,ECE,AI,No,No,6.25,6.38,6.17,6.63,6.53,6.35,6.21,5.96,6.27,80.1,1,2,2.0,1,1,82.5,2.6,65.1,39.0,0,Low,1,0,4.14
44470,Male,Bangalore,Tier2,Civil,Embedded,No,No,4.79,4.96,4.93,5.01,5.01,5.24,5.35,4.94,5.03,75.7,1,1,1.0,2,0,70.6,3.9,45.5,47.8,1,Low,0,0,0.0
19715,Male,Pune,Tier3,EE,Networking,Yes,No,7.55,7.18,7.87,7.46,7.24,7.96,8.11,7.97,7.76,70.9,2,2,2.0,1,0,80.9,2.8,50.9,44.1,1,Mid,1,0,8.78
11608,Female,Kolkata,Tier2,Civil,Networking,Yes,No,7.09,8.23,8.22,8.42,8.49,8.14,8.09,8.58,8.17,76.5,2,3,3.0,4,1,84.4,4.2,80.0,81.6,1,High,1,0,22.93
36168,Male,Pune,Tier2,EE,DataScience,No,Yes,7.62,7.13,7.56,7.02,7.76,7.57,7.29,7.72,7.3,86.8,2,4,3.0,2,2,72.8,3.8,58.4,74.3,0,Mid,1,0,8.58
35572,Male,Hyderabad,Tier2,IT,AI,No,No,6.26,6.9,6.5,7.18,7.08,7.59,7.32,7.05,6.97,100.0,2,2,3.0,4,2,69.9,4.5,76.6,66.3,1,Mid,1,0,8.33
30442,Male,Kolkata,Tier3,CS,Networking,No,No,5.86,6.04,5.87,5.94,6.33,5.31,5.61,6.2,5.86,74.2,1,2,2.0,2,1,72.4,2.7,58.6,64.3,1,Low,0,0,0.0
10435,Male,Bangalore,Tier3,CS,Embedded,Yes,Yes,6.88,6.7,6.94,7.21,6.7,7.05,6.83,6.91,6.9,57.4,0,1,0.0,0,0,48.9,2.3,33.6,20.7,0,Mid,0,0,0.0
45592,Female,Hyderabad,Tier3,CS,Networking,Yes,No,7.09,7.06,6.24,6.76,6.71,6.57,6.91,6.52,6.95,77.9,1,2,2.0,1,1,63.3,2.5,49.2,42.7,1,Mid,1,0,8.47
33541,Female,Jaipur,Tier3,EE,Networking,Yes,No,7.48,7.33,7.46,7.86,7.98,8.12,7.59,7.7,7.6,71.1,1,3,1.0,2,0,50.8,2.3,53.7,64.8,1,Mid,1,0,8.05
4163,Female,Chennai,Tier2,Civil,DataScience,Yes,No,7.01,6.36,6.56,7.03,6.97,6.88,7.3,6.75,6.92,70.8,1,3,1.0,2,1,79.2,3.3,47.7,57.3,1,Mid,1,0,8.56
24262,Female,Ahmedabad,Tier1,CS,DataScience,No,No,9.76,9.83,10.0,9.31,9.67,9.49,9.93,9.89,9.78,87.4,2,4,2.0,3,0,77.5,4.3,69.5,79.2,1,High,1,0,25.85
27619,Female,Hyderabad,Tier2,CS,Embedded,Yes,No,9.23,9.7,9.87,9.86,10.0,10.0,10.0,10.0,9.86,98.3,2,3,3.0,3,1,91.3,4.0,91.1,62.7,1,High,1,0,25.67
2442,Male,Bangalore,Tier1,IT,Networking,Yes,No,7.06,6.32,6.92,6.81,6.86,6.94,6.65,7.18,6.82,90.9,1,2,2.0,2,1,70.9,3.0,45.8,57.0,1,Mid,1,0,8.51
6212,Female,Delhi,Tier2,CS,Embedded,No,No,9.25,9.66,9.45,9.57,9.72,10.0,9.72,10.0,9.53,86.9,1,2,4.0,3,2,91.8,4.3,100.0,71.9,1,High,1,0,25.47
27591,Female,Bangalore,Tier2,EE,Networking,No,No,4.82,4.62,4.13,4.68,5.02,4.52,4.3,4.64,9.83,57.5,3,5,1.0,0,0,98.7,1.7,95.3,29.2,1,Low,0,1,0.0
27722,Female,Bangalore,Tier2,CS,AI,Yes,No,6.36,5.85,5.9,6.34,6.21,5.71,6.21,6.43,6.04,94.5,0,1,1.0,2,0,65.4,3.1,61.5,65.9,1,Low,0,0,0.0
30128,Female,Chennai,Tier1,CS,Networking,No,No,9.17,8.96,9.59,9.37,9.76,9.9,9.57,9.85,9.45,94.6,2,4,3.0,4,2,67.7,4.2,68.5,63.5,0,High,1,0,18.73
33822,Female,Ahmedabad,Tier2,CS,AI,Yes,No,5.82,7.07,6.64,6.52,6.77,6.12,6.03,6.65,6.51,74.1,1,2,1.0,2,0,72.6,3.0,57.6,52.2,0,Mid,0,0,0.0
32757,Male,Ahmedabad,Tier3,Civil,AI,Yes,No,5.74,4.94,5.98,5.82,5.28,5.31,5.75,5.34,5.46,54.4,0,1,1.0,0,0,55.4,2.0,28.4,25.6,0,Low,0,0,0.0
31633,Female,Chennai,Tier1,CS,AI,Yes,No,9.1,9.2,9.11,8.84,8.98,9.36,9.4,9.22,9.22,73.9,2,3,3.0,3,2,75.6,5.0,72.2,82.1,0,High,1,0,18.6
16626,Female,Kochi,Tier2,CS,AI,Yes,Yes,6.38,5.67,6.55,6.03,6.06,5.65,5.73,6.46,5.91,53.8,1,2,2.0,1,1,65.1,2.6,53.8,55.2,1,Low,0,0,0.0
37648,Male,Kolkata,Tier2,CS,DataScience,Yes,No,6.64,6.22,6.15,5.84,6.18,6.61,5.97,6.86,6.39,50.0,0,0,1.0,0,0,40.2,1.3,24.6,36.9,0,Low,0,0,0.0
33396,Female,Delhi,Tier3,Civil,DataScience,No,Yes,6.12,5.97,5.89,5.87,6.13,5.15,5.63,5.18,5.72,50.0,1,1,0.0,0,0,53.7,1.1,29.1,28.6,0,Low,0,0,0.0
17828,Female,Jaipur,Tier2,Mechanical,Networking,Yes,Yes,8.91,8.44,8.68,8.9,8.55,8.86,8.32,8.91,8.68,95.9,2,2,4.0,3,1,72.6,3.6,86.1,61.1,1,High,1,0,22.19
14428,Male,Ahmedabad,Tier2,CS,AI,No,No,10.0,10.0,9.97,9.98,10.0,10.0,10.0,10.0,10.0,97.4,2,4,3.0,3,1,68.4,3.6,64.7,63.5,1,High,1,0,25.28
1006,Male,Bangalore,Tier2,Civil,Networking,No,Yes,7.63,8.33,8.14,7.7,7.7,8.15,8.32,8.47,8.15,81.4,1,2,2.0,2,1,57.9,3.9,62.6,57.1,0,High,1,0,18.25
17407,Male,Hyderabad,Tier1,CS,Embedded,No,No,6.61,6.3,6.26,6.18,6.48,6.04,6.31,6.08,6.23,92.7,2,3,3.0,4,2,63.5,5.0,82.9,81.3,1,Low,1,0,5.83
455,Male,Hyderabad,Tier1,CS,DataScience,No,Yes,9.42,10.0,10.0,10.0,10.0,10.0,10.0,10.0,9.86,87.9,1,3,2.0,3,1,73.3,3.8,70.5,71.7,1,High,1,0,25.99
4245,Male,Kolkata,Tier2,Mechanical,DataScience,No,No,7.31,7.27,6.95,7.78,7.0,7.45,7.44,7.45,7.36,85.1,0,2,2.0,2,1,71.0,3.4,61.5,54.4,1,Mid,1,0,8.95
43384,Male,Hyderabad,Tier2,ECE,Embedded,Yes,No,7.74,8.34,7.81,8.56,8.56,8.28,8.31,7.89,8.13,93.5,3,3,3.0,4,1,86.9,4.1,71.7,98.6,1,High,1,0,22.77
41414,Male,Hyderabad,Tier3,ECE,Networking,Yes,No,4.56,4.85,4.56,4.48,4.42,4.51,4.58,4.75,4.54,68.0,0,1,0.0,0,1,45.2,2.3,25.9,37.3,0,Low,0,0,0.0
44592,Male,Hyderabad,Tier3,IT,AI,No,No,6.05,6.24,6.26,6.22,6.14,5.62,5.85,6.19,6.14,82.9,1,2,2.0,2,1,65.6,3.4,38.6,47.9,0,Low,0,0,0.0
31954,Female,Chennai,Tier3,ECE,Embedded,Yes,No,5.28,5.57,6.27,5.88,5.58,5.37,5.82,4.75,5.49,54.8,1,1,0.0,0,0,33.1,2.8,31.2,32.7,0,Low,0,0,0.0
9392,Male,Chennai,Tier2,IT,DataScience,Yes,No,6.19,5.52,6.29,6.15,6.35,6.16,6.18,6.06,6.16,58.7,0,0,0.0,0,0,62.5,1.7,23.1,27.3,1,Low,0,0,0.0
22339,Male,Pune,Tier3,CS,Networking,Yes,Yes,6.04,6.83,6.91,6.99,6.75,6.25,6.15,6.16,6.4,54.0,0,1,1.0,0,0,42.7,1.7,29.6,28.9,1,Low,0,0,0.0
11709,Male,Pune,Tier1,EE,DataScience,Yes,No,8.22,8.48,8.36,8.26,8.23,8.26,8.32,8.66,8.38,74.4,1,3,1.0,2,0,70.1,3.0,57.5,55.1,0,High,1,0,18.67
12967,Male,Jaipur,Tier3,Civil,Embedded,No,No,6.79,6.14,7.12,6.56,6.77,6.94,6.69,6.89,6.53,77.4,0,1,1.0,2,0,57.8,1.9,60.7,49.8,1,Mid,0,0,0.0
45665,Female,Ahmedabad,Tier2,IT,DataScience,No,No,6.64,7.54,7.55,7.21,6.71,7.53,7.52,7.49,7.39,96.7,3,4,4.0,3,2,69.1,3.6,66.6,97.1,0,Mid,1,0,8.75
29862,Female,Mumbai,Tier1,ECE,Embedded,No,No,6.69,6.3,7.02,6.88,6.87,7.5,7.06,7.12,6.88,94.1,1,3,3.0,2,2,76.5,4.7,76.1,79.0,1,Mid,1,0,12.23
19205,Male,Mumbai,Tier2,CS,DataScience,No,No,7.7,7.32,7.35,7.56,7.92,8.1,7.78,7.59,7.59,96.5,1,1,2.0,2,1,76.9,3.1,46.0,51.2,0,Mid,0,0,0.0
7777,Male,Jaipur,Tier1,EE,Embedded,Yes,No,8.88,8.25,8.59,8.56,9.23,8.9,8.92,8.64,8.9,84.8,1,2,3.0,2,1,85.7,4.9,70.9,70.1,1,High,1,0,22.89
46216,Male,Delhi,Tier1,Mechanical,Networking,Yes,No,5.62,6.35,6.35,5.49,5.71,6.3,6.34,6.47,5.94,78.7,2,2,3.0,3,2,84.5,5.0,78.2,54.9,0,Low,1,0,3.71
26543,Female,Mumbai,Tier3,Civil,Embedded,No,Yes,5.82,6.04,5.48,6.06,6.44,6.1,5.69,4.91,9.92,69.4,3,5,1.0,1,0,99.2,1.0,95.8,34.1,0,Low,0,1,0.0
41854,Male,Bangalore,Tier3,CS,Networking,Yes,Yes,5.7,5.67,5.26,6.38,5.55,5.61,5.31,5.35,5.47,64.3,0,1,1.0,0,0,49.1,2.3,30.5,35.1,0,Low,0,0,0.0
15470,Male,Jaipur,Tier2,ECE,AI,Yes,No,5.94,5.55,5.28,5.31,5.97,6.27,5.46,5.39,5.68,66.7,0,1,0.0,0,0,47.8,2.6,23.0,22.6,0,Low,0,0,0.0
11063,Male,Kolkata,Tier3,ECE,AI,No,No,5.82,6.2,6.02,6.56,5.23,5.97,5.93,5.54,5.89,64.6,0,0,1.0,1,0,55.2,1.6,23.9,31.2,0,Low,0,0,0.0
14519,Female,Kochi,Tier3,Civil,AI,Yes,No,4.69,4.55,4.72,5.0,4.81,4.9,4.87,4.47,4.8,61.9,0,0,1.0,0,0,40.8,2.1,27.0,26.6,0,Low,0,0,0.0
33613,Male,Kochi,Tier2,ECE,DataScience,No,No,8.89,8.41,8.98,8.46,8.81,8.82,9.29,8.58,8.83,70.4,1,2,2.0,2,0,80.0,1.7,50.1,51.6,1,High,1,0,18.7
13434,Female,Delhi,Tier2,EE,Networking,Yes,No,7.43,7.5,7.93,7.6,7.25,7.64,7.27,7.55,7.43,91.1,0,2,2.0,2,0,85.3,2.5,57.9,44.3,0,Mid,1,0,8.68
17453,Female,Ahmedabad,Tier2,ECE,Embedded,Yes,No,7.75,7.75,7.37,7.66,7.76,7.62,8.07,7.57,7.67,71.0,1,2,2.0,2,1,66.9,2.8,40.6,55.6,1,Mid,1,0,8.28
27506,Male,Hyderabad,Tier3,CS,AI,No,No,7.18,7.52,7.79,7.42,7.8,7.51,7.7,7.41,7.42,79.8,1,2,2.0,1,1,63.9,2.4,61.0,41.9,1,Mid,0,0,0.0
48931,Male,Jaipur,Tier3,ECE,Embedded,No,No,6.43,6.74,6.53,6.37,6.73,6.78,6.92,6.86,4.27,50.18724547,1,1,2.0,1,1,36.5,2.6,1.9,55.3,0,Mid,0,1,0.0
39080,Male,Chennai,Tier3,CS,Networking,No,Yes,4.25,4.37,4.0,4.0,4.0,4.0,4.0,4.0,4.0,54.6,0,0,1.0,0,0,50.1,1.8,32.0,32.5,0,Low,0,0,0.0
9274,Male,Chennai,Tier1,ECE,DataScience,Yes,Yes,7.65,8.26,8.37,8.19,8.25,8.62,7.9,8.24,8.41,79.9,0,1,3.0,2,0,67.6,4.1,47.9,51.5,0,High,1,0,18.64
10135,Female,Jaipur,Tier2,CS,Embedded,Yes,No,10.0,9.74,10.0,10.0,10.0,10.0,10.0,9.9,10.0,82.5,2,3,3.0,2,1,93.3,4.4,75.3,90.4,0,High,1,0,18.72
31600,Male,Bangalore,Tier2,CS,Networking,Yes,No,5.64,5.8,5.62,6.03,6.11,6.57,6.44,6.12,9.81,73.5,3,5,1.0,1,0,99.1,3.0,96.7,52.1,0,Low,1,1,4.97
47438,Male,Bangalore,Tier1,ECE,Embedded,No,No,8.42,8.43,8.48,8.18,8.11,8.72,8.74,9.04,8.35,87.8,2,2,3.0,3,2,78.0,3.4,75.5,66.5,0,High,1,0,18.89
5771,Female,Mumbai,Tier2,CS,AI,No,No,6.92,5.76,6.38,6.06,5.72,6.16,6.31,6.18,6.06,77.6,1,2,1.0,2,0,69.2,2.7,52.6,56.1,0,Low,1,0,3.86
29000,Male,Chennai,Tier3,ECE,Networking,No,Yes,5.58,6.42,5.81,5.89,6.19,6.0,6.1,5.8,5.97,66.3,0,1,0.0,0,0,59.4,1.3,29.5,31.9,0,Low,0,0,0.0
16321,Female,Hyderabad,Tier3,Mechanical,Networking,No,No,6.17,5.9,6.18,6.38,6.42,6.88,6.73,6.31,6.49,58.8,0,0,0.0,0,0,41.9,1.5,31.3,26.7,0,Low,0,0,0.0
38545,Female,Bangalore,Tier1,CS,DataScience,Yes,No,9.99,10.0,10.0,10.0,10.0,10.0,10.0,10.0,10.0,85.2,2,4,2.0,3,2,91.7,4.1,72.6,65.1,1,High,1,0,25.77
14816,Male,Mumbai,Tier2,CS,Networking,Yes,No,7.46,7.31,6.61,6.38,6.73,7.01,7.15,6.76,6.88,70.9,0,2,2.0,2,1,68.5,2.8,62.6,49.2,0,Mid,0,0,0.0
17963,Male,Hyderabad,Tier2,CS,Networking,No,No,7.62,8.09,7.84,7.83,7.89,7.92,7.61,7.44,7.8,78.2,1,2,2.0,2,1,61.6,2.6,48.1,66.5,1,Mid,1,0,8.32
23648,Female,Chennai,Tier1,Mechanical,Networking,Yes,No,9.6,9.75,9.97,9.75,9.52,10.0,9.77,10.0,9.74,86.0,2,4,2.0,4,1,78.2,3.2,58.2,58.7,1,High,1,0,25.4
18854,Female,Hyderabad,Tier1,Civil,Embedded,No,No,7.48,7.14,7.32,7.33,7.5,7.77,6.64,7.04,7.35,76.0,1,2,1.0,2,0,74.0,2.7,48.1,55.8,0,Mid,1,0,8.41
39475,Female,Pune,Tier2,Mechanical,Networking,No,No,8.72,8.85,9.54,8.84,8.83,9.42,9.27,9.45,9.2,95.6,1,3,3.0,4,1,82.4,4.2,52.6,61.7,0,High,1,0,18.69
9354,Male,Chennai,Tier1,Civil,Networking,No,No,7.56,7.75,7.67,7.57,7.83,7.99,7.57,7.77,7.74,100.0,1,3,2.0,2,2,94.7,4.2,81.2,70.6,1,Mid,1,0,8.3
25043,Male,Jaipur,Tier2,ECE,Embedded,Yes,No,6.82,6.43,7.64,6.94,7.11,7.42,6.68,7.22,6.98,76.8,1,2,1.0,3,0,55.1,3.5,51.2,48.9,1,Mid,1,0,8.83
2758,Female,Bangalore,Tier2,CS,Networking,Yes,No,5.25,5.2,5.26,5.48,5.54,5.63,5.38,4.76,5.32,51.5,0,1,0.0,1,0,51.4,1.0,24.4,30.8,1,Low,0,0,0.0
28028,Male,Ahmedabad,Tier2,IT,Networking,No,No,9.95,9.74,9.93,10.0,10.0,9.93,10.0,10.0,9.91,98.8,1,3,3.0,2,1,74.2,4.2,77.9,77.0,0,High,1,0,18.24
4129,Male,Hyderabad,Tier2,Civil,Networking,No,No,7.69,7.28,7.25,8.24,7.68,7.93,8.2,8.13,7.81,78.7,2,3,4.0,3,1,84.2,4.5,84.8,77.8,1,Mid,1,0,8.95
30612,Male,Pune,Tier2,Mechanical,Networking,Yes,No,8.57,7.97,8.41,8.86,8.9,8.97,9.27,9.1,8.68,87.0,3,2,3.0,3,2,84.6,3.2,64.0,81.0,0,High,1,0,18.59
7916,Male,Pune,Tier1,CS,Embedded,Yes,No,7.89,7.88,7.6,8.16,8.57,7.86,8.28,8.74,8.11,84.6,2,3,3.0,3,1,70.4,3.9,83.7,59.6,1,High,1,0,22.7
27688,Male,Kolkata,Tier1,EE,Networking,Yes,No,6.96,6.95,7.09,7.65,7.49,7.59,8.1,7.35,7.45,95.5,2,2,2.0,3,1,96.5,3.8,81.3,64.3,0,Mid,1,0,8.78
29966,Female,Pune,Tier2,CS,DataScience,Yes,No,8.63,8.32,8.76,8.76,8.7,9.02,8.91,9.21,8.86,77.9,2,3,3.0,3,1,87.1,3.9,69.3,65.1,1,High,1,0,22.63
2111,Female,Hyderabad,Tier1,CS,AI,Yes,No,10.0,10.0,9.93,9.3,10.0,10.0,10.0,10.0,9.91,84.0,3,3,3.0,4,2,59.4,4.9,86.7,71.7,1,High,1,0,25.47
20932,Female,Bangalore,Tier2,ECE,Networking,Yes,No,8.15,8.19,8.63,7.84,8.12,7.93,8.14,7.98,8.1,63.1,1,2,1.0,2,1,62.3,3.4,46.4,53.7,1,High,1,0,18.94
177,Male,Jaipur,Tier2,IT,AI,No,Yes,7.92,7.56,7.78,7.18,7.15,7.16,7.32,8.1,7.46,79.0,1,3,1.0,1,0,62.6,3.4,58.3,41.9,1,Mid,1,0,8.43
5684,Female,Bangalore,Tier1,Mechanical,DataScience,No,No,8.23,7.36,7.71,7.49,8.09,7.6,7.67,7.7,7.87,100.0,1,3,2.0,3,1,71.2,3.4,90.6,74.2,0,Mid,1,0,8.52
47938,Male,Delhi,Tier3,IT,Networking,Yes,No,4.33,5.24,5.13,5.47,4.92,5.52,5.07,5.1,5.11,71.5,0,0,1.0,0,1,50.1,2.7,33.1,26.5,0,Low,0,0,0.0
32859,Male,Mumbai,Tier1,ECE,AI,Yes,No,10.0,9.97,10.0,9.91,10.0,10.0,9.71,10.0,9.92,82.3,2,4,2.0,1,1,82.4,4.0,89.9,88.8,1,High,1,0,25.36
28222,Female,Pune,Tier2,CS,AI,No,No,8.45,9.11,9.02,9.63,8.68,9.05,9.21,8.79,8.91,91.3,2,5,2.0,3,1,100.0,3.8,89.0,66.3,1,High,1,0,22.7
28531,Female,Delhi,Tier2,CS,Networking,No,No,7.1,6.83,7.66,6.59,7.02,7.21,7.19,7.02,9.92,70.2,3,5,1.0,2,0,96.5,2.2,96.4,51.7,1,Mid,1,1,8.19
15850,Male,Bangalore,Tier3,CS,Networking,No,No,7.36,7.89,7.72,7.88,7.81,7.44,7.49,7.23,7.57,62.3,1,1,3.0,1,0,71.8,4.3,52.3,57.1,0,Mid,1,0,8.9
23745,Male,Delhi,Tier1,EE,Embedded,Yes,No,7.67,6.65,7.08,7.36,7.15,7.35,7.3,7.2,7.24,91.3,2,4,3.0,2,2,72.7,4.2,70.0,56.2,0,Mid,1,0,8.39
27820,Male,Hyderabad,Tier2,EE,Embedded,No,Yes,7.78,7.54,7.76,8.1,7.58,7.37,7.72,7.28,7.77,77.6,0,2,1.0,2,0,63.3,3.3,50.5,55.4,0,Mid,0,0,0.0
38873,Female,Bangalore,Tier1,Civil,DataScience,Yes,No,5.67,6.07,5.19,5.81,6.1,5.72,5.74,5.75,5.74,67.7,0,2,2.0,2,1,60.6,3.5,53.7,59.7,0,Low,0,0,0.0
27588,Female,Delhi,Tier3,Mechanical,AI,Yes,No,6.28,6.07,5.96,5.98,6.68,6.47,6.46,6.79,6.31,62.3,1,1,1.0,3,0,59.1,2.8,62.7,56.2,0,Low,1,0,3.61
41890,Male,Bangalore,Tier3,ECE,DataScience,No,No,5.88,5.47,6.14,5.37,5.6,5.76,5.35,5.19,5.72,59.3,1,1,0.0,0,0,49.0,1.9,21.5,32.7,0,Low,0,0,0.0
23873,Male,Pune,Tier3,ECE,Networking,No,No,7.72,8.0,7.2,7.88,7.62,7.43,7.4,7.81,7.79,69.3,2,2,1.0,1,0,51.0,4.0,56.3,60.5,1,Mid,1,0,8.1
10916,Female,Jaipur,Tier1,IT,Embedded,No,No,7.9,7.52,7.42,7.91,8.44,8.21,7.62,8.34,7.93,84.1,2,3,2.0,3,2,84.4,4.3,88.8,89.2,0,Mid,1,0,8.0
22990,Male,Pune,Tier3,Mechanical,Embedded,Yes,No,4.77,5.02,4.87,4.6,4.78,4.87,4.31,4.16,4.63,78.6,1,1,0.0,0,0,54.7,2.2,28.7,24.5,0,Low,0,0,0.0
20375,Male,Jaipur,Tier2,CS,AI,Yes,No,7.2,6.73,7.04,7.19,7.0,6.58,7.3,7.36,6.94,68.4,1,1,1.0,2,0,68.8,3.2,66.5,57.3,0,Mid,1,0,8.14
8054,Male,Kochi,Tier3,ECE,Networking,Yes,No,7.07,7.66,7.31,7.43,8.06,7.41,7.44,7.92,7.37,78.9,1,1,1.0,1,0,70.1,3.4,59.2,45.5,0,Mid,0,0,0.0
1742,Male,Ahmedabad,Tier2,Civil,Networking,No,No,6.36,6.55,5.72,6.48,5.88,5.59,5.78,6.17,4.04,54.07539255,1,2,2.0,1,1,33.0,3.8,7.4,57.0,1,Low,1,1,5.78
25117,Male,Pune,Tier2,CS,AI,No,Yes,8.57,8.56,8.56,7.72,8.98,8.94,9.07,9.04,8.59,75.7,1,4,3.0,3,1,77.2,5.0,65.3,71.5,0,High,1,0,18.2
24185,Male,Kochi,Tier3,Mechanical,Embedded,No,No,6.17,5.8,6.19,6.24,6.18,6.16,6.11,6.17,6.22,76.1,1,2,2.0,2,0,65.8,3.0,59.4,38.1,1,Low,1,0,4.64
13632,Male,Bangalore,Tier2,Mechanical,Networking,Yes,No,9.56,10.0,9.71,9.19,9.22,10.0,9.24,9.28,9.34,100.0,2,3,3.0,2,2,57.5,4.8,83.2,71.9,1,High,1,0,25.86
4304,Male,Bangalore,Tier2,Civil,AI,No,No,5.79,5.78,5.58,6.03,5.8,6.03,5.82,5.52,5.65,77.2,1,2,2.0,2,1,79.6,3.4,57.7,48.5,1,Low,1,0,4.43
21988,Male,Kolkata,Tier2,CS,DataScience,No,No,9.76,9.98,9.78,10.0,9.66,9.77,9.99,9.64,9.74,94.0,1,1,1.0,3,0,72.3,3.1,49.7,49.1,0,High,1,0,18.55
23461,Female,Chennai,Tier3,ECE,Networking,No,No,8.62,8.69,8.65,8.35,8.13,8.17,7.92,8.28,8.23,59.5,0,1,0.0,0,1,41.2,2.0,29.6,31.2,0,High,0,0,0.0
10445,Male,Hyderabad,Tier1,Mechanical,Networking,Yes,No,7.12,6.63,6.4,6.98,7.15,7.52,6.99,6.79,6.76,100.0,1,4,2.0,3,1,62.6,3.5,70.7,79.0,1,Mid,1,0,8.55
42407,Female,Kochi,Tier2,ECE,Networking,No,No,8.29,6.97,7.67,7.08,8.18,7.15,7.49,7.45,7.59,61.5,1,2,2.0,2,0,68.3,2.6,46.6,60.7,0,Mid,1,0,8.15
15710,Male,Jaipur,Tier2,IT,DataScience,Yes,No,5.29,4.82,5.09,4.91,4.76,4.85,4.49,5.0,9.83,60.0,3,5,1.0,2,1,98.0,2.8,99.8,53.1,0,Low,0,1,0.0
33010,Male,Bangalore,Tier1,CS,AI,Yes,No,8.9,9.21,9.33,9.07,9.39,9.3,9.25,9.04,9.9,100.0,3,5,2.0,3,1,98.3,4.2,97.2,59.2,0,High,1,1,18.16
20946,Male,Mumbai,Tier2,CS,AI,No,No,9.62,9.93,9.76,9.82,9.41,10.0,9.59,9.98,9.7,100.0,2,3,4.0,4,1,88.7,4.5,84.3,71.2,0,High,1,0,18.81
4817,Female,Jaipur,Tier3,CS,Networking,Yes,Yes,5.14,4.61,4.79,5.11,5.04,4.92,4.06,5.09,4.83,66.6,0,2,1.0,1,0,49.3,2.1,32.8,27.3,0,Low,0,0,0.0
39174,Female,Jaipur,Tier3,CS,Networking,Yes,No,4.7,5.14,4.97,4.91,5.5,4.7,5.22,4.86,5.01,67.3,1,1,1.0,1,0,40.8,1.9,27.5,33.2,0,Low,0,0,0.0
15057,Male,Jaipur,Tier1,IT,Embedded,Yes,No,7.33,7.52,7.64,7.78,7.82,7.37,7.52,7.38,7.55,81.6,2,3,3.0,4,1,83.9,4.0,66.4,85.0,0,Mid,1,0,8.63
13944,Male,Mumbai,Tier2,CS,AI,Yes,No,9.33,9.21,8.9,9.88,9.0,10.0,9.86,9.85,9.45,82.5,2,4,2.0,4,1,90.9,4.5,85.1,78.1,1,High,1,0,25.97
35500,Male,Delhi,Tier1,Civil,AI,Yes,No,7.3,7.27,7.01,7.5,6.61,6.96,6.84,7.23,7.15,94.3,1,3,2.0,1,1,59.5,3.0,50.9,54.1,1,Mid,1,0,8.25
11029,Female,Delhi,Tier3,ECE,Networking,No,No,4.41,4.62,4.26,5.02,4.85,4.44,4.0,4.0,4.44,60.8,0,0,0.0,1,0,46.1,1.1,29.2,24.3,0,Low,0,0,0.0
4449,Male,Hyderabad,Tier1,EE,Embedded,No,No,7.68,7.68,7.73,8.13,7.41,8.48,7.74,8.03,9.79,82.4,3,5,3.0,2,1,98.7,5.0,96.3,55.5,1,Mid,1,1,8.29
30353,Male,Delhi,Tier1,CS,AI,Yes,No,8.25,8.24,8.04,8.45,8.52,8.47,8.07,8.37,8.36,71.6,1,1,2.0,1,0,63.0,2.9,64.8,58.7,1,High,1,0,18.71
20950,Male,Chennai,Tier2,Mechanical,DataScience,Yes,No,7.05,7.8,7.28,7.94,8.16,8.15,8.34,7.72,7.8,77.0,2,3,3.0,3,1,77.9,5.0,59.1,76.0,1,Mid,1,0,8.63
38588,Male,Jaipur,Tier2,ECE,AI,Yes,Yes,7.96,8.09,7.64,7.69,8.33,8.15,7.37,8.06,7.98,82.2,2,3,3.0,3,0,80.9,4.9,78.0,62.2,1,Mid,1,0,8.02
17250,Male,Bangalore,Tier3,Mechanical,AI,No,No,5.59,5.03,4.76,5.25,5.77,5.58,5.54,4.58,5.22,56.7,0,0,1.0,0,0,51.1,1.3,29.1,36.6,0,Low,0,0,0.0
3432,Male,Chennai,Tier3,EE,Networking,No,No,4.11,4.89,4.63,4.62,4.16,4.24,4.8,4.1,4.5,58.0,0,1,0.0,0,0,43.4,1.5,27.1,30.2,1,Low,0,0,0.0
46131,Female,Delhi,Tier1,CS,Networking,No,No,6.94,7.48,7.03,7.14,6.99,7.05,7.26,7.44,4.48,52.7821298,1,4,2.0,3,1,33.6,4.1,3.3,75.2,1,Mid,1,1,8.36
1793,Male,Delhi,Tier3,CS,DataScience,Yes,No,6.59,6.84,6.66,6.52,6.88,6.78,6.51,6.79,6.66,77.6,1,2,1.0,1,0,80.7,3.6,59.8,52.4,0,Mid,1,0,8.99
4866,Male,Jaipur,Tier2,EE,Embedded,No,No,6.82,6.39,6.99,6.93,7.06,6.9,6.95,6.78,6.68,75.3,1,1,2.0,2,1,48.3,2.4,49.6,43.3,1,Mid,0,0,0.0
37333,Female,Hyderabad,Tier2,CS,DataScience,Yes,Yes,7.12,7.55,7.5,7.83,7.62,7.54,7.44,7.91,7.5,70.5,1,2,2.0,1,1,88.3,2.9,55.8,51.1,0,Mid,1,0,12.74
7593,Male,Hyderabad,Tier2,CS,Networking,Yes,No,7.57,7.02,7.65,7.21,7.42,7.6,7.68,8.22,7.69,69.1,1,2,1.0,1,1,67.8,4.1,58.7,62.6,1,Mid,1,0,12.4
47135,Female,Bangalore,Tier2,CS,DataScience,No,No,7.92,8.04,7.9,7.85,8.83,7.55,8.28,7.66,8.01,78.5,2,2,2.0,4,2,61.2,4.5,79.5,73.5,1,High,1,0,22.75
44991,Male,Bangalore,Tier2,ECE,Embedded,No,No,7.29,7.25,6.83,7.08,7.1,7.17,7.41,7.16,9.96,84.4,3,5,1.0,2,0,98.3,2.2,95.4,47.3,1,Mid,1,1,12.97
40269,Male,Kochi,Tier1,ECE,Networking,No,No,6.72,6.28,6.95,7.35,6.58,7.14,7.09,7.18,6.87,82.2,2,4,3.0,4,1,72.8,3.9,89.7,67.4,1,Mid,1,0,8.45
5170,Female,Kolkata,Tier2,ECE,Networking,Yes,Yes,9.4,10.0,10.0,9.62,9.62,9.34,9.95,9.41,9.69,73.0,1,2,2.0,2,0,66.6,2.4,53.9,54.6,1,High,1,0,18.13
11808,Female,Mumbai,Tier2,IT,Embedded,No,No,8.0,7.87,7.92,8.55,7.83,8.77,7.79,8.33,8.15,98.0,2,5,3.0,4,1,83.4,4.5,62.8,66.6,1,High,1,0,22.56
42049,Female,Jaipur,Tier3,CS,Embedded,No,No,6.42,7.29,6.34,6.63,5.46,6.95,6.73,6.14,6.49,72.9,0,1,2.0,2,1,71.8,2.0,62.1,56.9,1,Low,0,0,0.0
44109,Male,Chennai,Tier3,Civil,DataScience,Yes,No,5.39,5.41,4.76,5.36,4.44,5.04,4.62,4.69,4.97,57.4,1,0,0.0,0,0,51.2,2.1,26.3,35.5,0,Low,0,0,0.0
46087,Female,Delhi,Tier1,Civil,Embedded,Yes,No,9.09,9.63,9.39,9.21,9.96,9.34,9.98,9.55,9.65,95.2,2,3,3.0,2,1,77.2,3.4,53.5,74.4,1,High,1,0,25.15
5187,Male,Ahmedabad,Tier1,Civil,Embedded,No,No,8.66,7.85,8.18,8.15,8.47,8.7,8.39,7.99,8.37,70.7,1,1,2.0,2,0,60.0,3.2,59.6,50.5,1,High,1,0,22.39
13710,Female,Mumbai,Tier2,ECE,DataScience,No,No,7.75,9.16,8.48,8.36,7.95,8.55,8.44,8.5,8.42,85.7,1,2,2.0,2,1,70.9,3.0,59.8,60.8,1,High,1,0,18.86
18173,Female,Hyderabad,Tier1,CS,DataScience,Yes,No,8.87,8.75,7.82,8.54,8.51,8.6,8.41,9.11,8.52,91.5,1,3,2.0,4,1,95.1,5.0,74.2,90.7,1,High,1,0,22.24
2580,Male,Chennai,Tier3,Mechanical,DataScience,Yes,No,6.0,6.21,6.67,6.21,5.8,6.38,6.71,6.61,6.38,82.9,1,2,2.0,2,1,77.2,3.1,57.0,59.9,0,Low,1,0,5.44
25443,Female,Bangalore,Tier2,Mechanical,Networking,No,No,9.39,8.97,9.5,9.01,9.01,9.94,9.18,9.22,9.1,66.3,1,1,1.0,1,0,70.3,2.5,58.7,53.0,1,High,1,0,18.66
46698,Male,Pune,Tier3,EE,Embedded,Yes,No,5.79,6.48,5.98,6.43,5.66,6.23,6.32,6.31,6.19,61.9,0,0,0.0,0,1,53.5,1.7,23.8,29.0,1,Low,0,0,0.0
1585,Male,Chennai,Tier3,Mechanical,DataScience,Yes,No,5.2,5.1,5.13,5.35,5.23,4.8,4.64,5.14,5.14,74.5,1,0,1.0,0,0,52.5,1.8,21.8,24.6,0,Low,0,0,0.0
18330,Male,Hyderabad,Tier1,IT,AI,No,No,5.02,5.27,5.82,5.7,5.13,5.48,5.76,5.57,5.66,80.2,1,2,1.0,1,0,67.9,3.8,46.9,52.3,0,Low,0,0,0.0
8189,Male,Pune,Tier2,EE,AI,No,Yes,8.23,8.78,8.71,8.92,8.7,9.16,9.02,9.17,8.71,66.2,0,2,3.0,2,1,69.0,2.5,54.5,55.3,0,High,1,0,18.17
8932,Male,Mumbai,Tier2,EE,AI,Yes,No,9.22,9.33,9.35,9.38,9.26,9.54,9.11,8.85,9.26,100.0,2,3,3.0,3,2,71.8,3.2,66.5,76.2,1,High,1,0,26.0
30814,Male,Chennai,Tier2,CS,Embedded,No,No,9.19,9.15,8.99,9.36,9.55,10.0,9.72,9.03,9.36,94.3,3,5,3.0,2,1,74.9,3.9,81.8,81.3,1,High,1,0,26.0
45261,Female,Kolkata,Tier2,Mechanical,AI,No,No,5.62,5.75,5.49,5.83,5.81,5.31,5.19,5.44,5.51,83.1,1,2,1.0,1,0,72.9,2.9,58.0,47.1,1,Low,0,0,0.0
4868,Male,Bangalore,Tier1,CS,DataScience,Yes,No,8.35,7.94,7.96,8.06,8.82,8.05,8.3,7.55,8.37,82.5,2,2,3.0,3,1,88.3,5.0,91.6,71.8,1,High,1,0,22.29
9101,Male,Chennai,Tier3,CS,AI,Yes,No,7.6,7.34,7.36,7.36,7.28,7.35,7.19,7.13,7.39,77.6,1,2,1.0,3,0,65.8,4.0,46.9,50.9,0,Mid,1,0,8.95
21007,Male,Kolkata,Tier3,IT,Networking,No,No,5.8,6.02,6.33,6.08,6.15,5.69,6.36,5.92,6.05,60.9,1,0,0.0,0,0,52.8,1.9,27.8,32.0,0,Low,0,0,0.0
28564,Female,Chennai,Tier1,CS,Embedded,Yes,No,5.87,5.89,5.83,5.54,5.6,5.61,5.16,5.94,5.64,71.5,1,1,2.0,2,0,50.8,1.5,56.6,56.6,0,Low,0,0,0.0
21029,Male,Bangalore,Tier1,Civil,Embedded,Yes,No,6.06,6.37,6.76,6.87,6.21,6.98,7.33,7.1,6.7,81.4,2,3,3.0,3,2,78.9,3.8,97.7,84.4,1,Mid,1,0,8.05
30759,Female,Delhi,Tier2,ECE,DataScience,No,No,7.69,7.36,6.82,7.28,7.29,6.92,7.55,7.61,9.75,83.5,3,5,2.0,2,1,99.7,3.1,100.0,29.6,1,Mid,1,1,8.4
26870,Female,Bangalore,Tier3,ECE,AI,Yes,No,5.49,5.02,5.5,4.96,4.47,5.02,4.82,4.75,4.87,61.1,0,1,1.0,1,1,52.9,1.8,29.9,29.8,0,Low,0,0,0.0
41474,Female,Jaipur,Tier2,Civil,DataScience,Yes,Yes,6.06,6.32,6.26,5.88,6.71,6.49,6.61,6.31,6.36,74.0,0,2,2.0,2,1,71.8,1.7,45.1,52.8,0,Low,0,0,0.0
49579,Male,Bangalore,Tier3,Civil,DataScience,Yes,No,10.0,9.53,10.0,9.97,9.99,10.0,9.69,10.0,9.92,65.4,1,2,2.0,2,0,73.4,2.5,52.4,55.6,1,High,1,0,18.35
11569,Female,Delhi,Tier1,ECE,Embedded,Yes,No,8.76,8.59,8.71,8.9,8.86,8.81,9.14,8.53,8.81,100.0,1,2,3.0,3,2,72.2,4.4,78.3,79.6,1,High,1,0,22.27
30879,Male,Mumbai,Tier2,Mechanical,Embedded,Yes,No,5.12,4.0,4.44,5.18,4.42,4.41,4.65,4.2,4.51,57.5,0,0,0.0,0,0,39.6,2.3,26.1,26.3,0,Low,0,0,0.0
34155,Female,Bangalore,Tier2,CS,Embedded,No,No,6.49,6.21,6.36,5.93,7.02,6.68,6.77,6.32,6.44,73.3,2,5,4.0,3,2,84.0,5.0,79.1,65.6,1,Low,1,0,5.6
8408,Male,Mumbai,Tier1,CS,Networking,Yes,No,7.68,8.14,9.07,8.22,9.04,8.68,8.68,9.34,8.62,100.0,2,2,3.0,4,2,88.4,2.2,70.6,74.7,0,High,1,0,18.47
45877,Male,Pune,Tier2,Civil,Networking,Yes,Yes,6.13,6.63,6.59,5.76,6.61,5.96,6.07,6.53,6.19,77.8,1,2,2.0,2,0,72.0,3.1,49.0,51.9,1,Low,0,0,0.0
11045,Male,Pune,Tier2,CS,DataScience,No,Yes,7.28,7.25,7.56,7.21,7.08,7.19,7.18,6.96,7.23,91.3,1,2,1.0,1,0,67.9,2.7,57.8,52.8,1,Mid,0,0,0.0
28438,Male,Hyderabad,Tier2,IT,AI,No,Yes,6.92,6.88,6.2,6.77,6.8,6.68,7.34,7.09,6.83,71.6,0,2,1.0,1,0,73.7,3.2,61.5,44.2,1,Mid,0,0,0.0
25454,Female,Pune,Tier2,Civil,DataScience,Yes,No,7.29,8.02,7.31,7.38,7.07,6.99,7.62,7.95,7.51,72.3,1,1,2.0,2,0,82.8,3.0,53.5,59.0,1,Mid,1,0,8.04
1277,Female,Delhi,Tier1,ECE,Networking,Yes,No,9.8,9.93,10.0,10.0,9.83,10.0,9.77,10.0,9.97,73.4,3,4,4.0,3,2,87.5,4.2,63.0,70.7,1,High,1,0,25.92
27244,Female,Kochi,Tier3,CS,Embedded,No,Yes,4.0,4.31,4.0,4.26,4.08,4.0,4.39,4.0,4.16,63.3,0,0,0.0,0,0,57.8,1.4,35.1,29.7,0,Low,0,0,0.0
331,Female,Chennai,Tier2,IT,Embedded,No,No,6.1,6.05,6.3,6.03,6.6,6.24,6.05,6.6,6.28,86.0,0,1,1.0,2,1,56.6,3.3,47.0,42.3,1,Low,1,0,4.12
20295,Male,Hyderabad,Tier1,ECE,Embedded,No,No,9.02,9.62,8.74,8.71,8.82,8.63,9.06,9.29,8.98,97.2,2,3,2.0,3,1,79.4,2.7,82.9,62.8,0,High,1,0,18.53
2433,Male,Kolkata,Tier3,CS,DataScience,Yes,No,7.19,6.99,6.67,6.43,6.8,6.84,6.74,6.72,6.83,56.3,0,0,0.0,1,0,45.6,1.5,28.0,26.4,0,Mid,0,0,0.0
23469,Female,Mumbai,Tier3,ECE,AI,No,No,6.6,6.76,6.84,6.78,6.92,6.05,6.31,6.65,6.36,77.1,1,0,1.0,0,0,45.5,1.9,29.0,29.5,0,Low,0,0,0.0
17392,Male,Hyderabad,Tier3,Mechanical,Networking,No,No,4.47,4.73,4.61,4.0,4.34,4.1,4.51,4.64,4.38,70.6,1,1,0.0,0,0,45.7,1.5,31.5,36.4,1,Low,0,0,0.0
20256,Female,Delhi,Tier3,ECE,Networking,No,Yes,7.22,7.24,7.7,7.61,7.19,7.33,7.24,7.61,7.37,66.0,2,2,2.0,1,1,68.8,2.9,63.7,45.6,1,Mid,1,0,8.14
9726,Male,Bangalore,Tier3,EE,DataScience,Yes,Yes,5.16,5.07,5.27,4.03,5.13,4.98,4.64,5.49,5.08,57.5,0,1,1.0,0,0,56.5,1.6,26.5,27.0,1,Low,0,0,0.0
42726,Female,Bangalore,Tier1,ECE,Embedded,No,No,9.61,9.34,9.49,9.89,9.82,9.45,9.71,10.0,9.57,97.5,3,3,3.0,2,2,86.1,4.3,86.2,56.9,1,High,1,0,25.36
14846,Female,Chennai,Tier1,Civil,Networking,No,No,6.94,7.17,6.82,7.34,7.83,7.13,6.66,7.18,7.19,68.8,0,2,1.0,2,1,63.8,2.5,45.4,50.4,0,Mid,0,0,0.0
40466,Male,Pune,Tier2,Mechanical,Embedded,No,Yes,9.33,9.18,9.68,8.78,9.08,9.09,9.13,9.34,9.12,82.1,1,2,1.0,2,1,82.6,2.9,56.7,60.7,0,High,1,0,18.27
41337,Female,Chennai,Tier2,CS,DataScience,Yes,No,4.74,5.02,4.54,5.15,4.65,4.77,5.24,5.16,5.01,60.1,1,0,1.0,0,0,44.6,2.8,27.8,22.5,0,Low,0,0,0.0
9799,Male,Delhi,Tier2,EE,Embedded,No,No,7.47,7.98,7.91,7.93,7.92,8.53,8.04,7.94,8.2,75.8,1,1,2.0,2,0,70.7,2.0,55.4,45.5,0,High,0,0,0.0
4265,Female,Jaipur,Tier1,Mechanical,DataScience,No,Yes,7.63,7.67,7.28,7.85,7.39,7.53,7.59,7.28,7.7,71.4,1,2,1.0,2,0,64.8,2.6,64.4,38.9,1,Mid,0,0,0.0
28502,Male,Hyderabad,Tier3,IT,DataScience,No,No,6.81,6.52,6.52,6.59,7.47,7.09,7.23,7.71,6.98,82.9,1,1,1.0,2,0,67.1,2.9,61.8,48.8,1,Mid,1,0,8.97
48837,Male,Pune,Tier1,IT,DataScience,Yes,No,8.69,9.3,8.88,9.04,8.89,9.03,9.01,9.52,8.99,91.7,2,3,3.0,3,1,85.8,5.0,76.8,74.7,0,High,1,0,18.18
19786,Male,Kolkata,Tier2,ECE,Networking,Yes,Yes,6.35,6.38,6.86,6.73,6.76,6.68,7.45,6.48,6.79,78.0,1,2,2.0,2,0,72.7,4.0,56.1,46.4,1,Mid,0,0,0.0
3716,Female,Ahmedabad,Tier1,Mechanical,Embedded,Yes,No,8.74,9.52,9.52,9.21,8.99,9.59,9.36,9.34,9.39,94.9,2,4,3.0,2,1,84.0,4.5,93.3,73.3,1,High,1,0,25.99
43726,Female,Ahmedabad,Tier3,ECE,AI,No,Yes,6.37,6.86,7.29,7.06,6.63,6.98,6.64,6.18,6.97,55.6,1,0,0.0,1,0,45.9,2.1,27.7,28.4,1,Mid,0,0,0.0
1181,Female,Jaipur,Tier3,EE,DataScience,Yes,Yes,6.34,6.02,5.76,6.16,5.72,5.59,5.94,5.82,5.93,59.2,0,1,1.0,0,0,46.7,2.8,28.9,27.9,0,Low,0,0,0.0
6068,Female,Ahmedabad,Tier1,IT,Networking,Yes,No,7.65,7.84,7.9,7.91,7.74,7.46,7.99,8.77,7.91,97.6,2,3,3.0,3,1,87.9,3.0,81.9,80.6,1,Mid,1,0,8.33
36254,Male,Kolkata,Tier2,IT,Embedded,No,No,6.61,6.41,6.24,5.77,6.67,6.14,5.71,5.3,6.27,64.8,0,1,1.0,1,0,54.8,1.3,27.8,34.8,1,Low,0,0,0.0
36503,Male,Kolkata,Tier2,ECE,Embedded,No,No,6.32,7.01,6.95,6.78,6.51,7.04,7.25,6.3,6.71,77.6,0,2,2.0,2,1,73.9,2.9,61.8,51.3,0,Mid,1,0,8.02
49181,Male,Bangalore,Tier1,CS,DataScience,No,No,7.42,7.58,6.74,7.5,7.5,7.85,6.87,7.25,7.41,92.4,2,4,1.0,3,1,92.1,2.8,79.9,81.0,1,Mid,1,0,8.47
48905,Female,Bangalore,Tier3,Civil,Embedded,No,Yes,7.32,7.78,7.55,7.08,7.18,7.8,7.75,7.23,7.59,79.8,1,2,1.0,1,1,65.5,2.0,55.6,44.1,0,Mid,1,0,8.76
48862,Female,Mumbai,Tier2,CS,AI,Yes,No,8.86,9.14,8.82,8.77,9.29,9.02,9.15,9.16,9.05,80.2,3,4,3.0,3,2,82.9,3.7,93.4,67.2,1,High,1,0,25.84
12147,Female,Mumbai,Tier1,Mechanical,Networking,Yes,No,7.56,7.45,7.37,7.46,7.77,8.02,7.83,8.11,7.63,100.0,1,4,2.0,2,1,85.3,4.7,71.7,69.6,1,Mid,1,0,8.42
29209,Male,Pune,Tier1,IT,DataScience,Yes,No,8.04,8.47,7.89,8.34,8.87,8.42,8.51,8.55,8.51,82.5,2,3,3.0,4,2,81.2,5.0,84.0,78.7,0,High,1,0,18.96
37982,Male,Kolkata,Tier2,CS,DataScience,Yes,No,8.48,8.35,8.39,7.83,8.1,8.19,8.47,7.5,8.27,74.0,1,2,2.0,2,0,64.6,3.4,55.7,50.2,1,High,1,0,22.56
20970,Female,Jaipur,Tier1,EE,Embedded,Yes,No,5.42,4.62,6.06,5.89,6.05,5.58,5.52,5.31,5.69,68.2,2,2,1.0,2,0,59.8,2.8,66.8,57.8,0,Low,1,0,5.66
7991,Female,Kolkata,Tier3,Civil,DataScience,No,No,6.38,6.26,6.46,6.1,6.45,6.34,7.31,6.56,6.58,73.7,2,2,2.0,2,1,72.6,3.0,54.6,54.2,1,Mid,1,0,8.62
4673,Female,Kolkata,Tier3,ECE,AI,Yes,Yes,6.81,7.06,6.9,7.61,7.43,7.49,7.44,7.37,7.03,77.6,1,1,1.0,3,1,61.0,2.7,50.9,50.6,1,Mid,0,0,0.0
4460,Male,Jaipur,Tier3,CS,DataScience,Yes,No,6.32,5.99,6.71,5.97,6.79,6.33,6.85,6.9,6.45,81.1,0,1,2.0,3,0,65.9,2.2,61.9,59.1,0,Low,0,0,0.0
11114,Female,Kolkata,Tier2,CS,AI,Yes,No,8.24,8.44,8.61,7.78,8.35,8.3,8.65,8.28,8.29,71.4,1,1,2.0,2,1,68.2,2.2,46.7,59.2,1,High,1,0,18.51
34681,Male,Chennai,Tier2,Civil,Embedded,Yes,No,9.16,8.73,8.48,8.95,8.48,8.72,9.28,9.06,8.84,100.0,2,4,3.0,4,1,88.7,3.6,69.3,66.9,0,High,1,0,18.58
15869,Male,Pune,Tier3,CS,DataScience,Yes,No,8.4,9.02,8.74,8.18,8.16,7.98,7.77,8.59,8.38,56.8,1,0,1.0,1,0,49.3,2.4,33.7,33.4,0,High,1,0,18.45
13621,Male,Chennai,Tier2,ECE,DataScience,Yes,Yes,8.85,8.43,8.66,8.88,8.21,8.79,9.2,8.74,8.47,70.5,1,2,1.0,1,1,71.4,2.5,46.7,52.6,1,High,0,0,18.36
27885,Male,Hyderabad,Tier2,ECE,Embedded,Yes,No,7.83,7.33,7.68,8.14,7.86,7.41,7.73,7.57,7.52,89.7,2,3,2.0,3,1,84.9,4.0,82.8,59.8,1,Mid,1,0,8.31
16930,Male,Bangalore,Tier2,ECE,Networking,Yes,No,7.14,7.48,7.2,7.15,7.3,7.45,7.53,6.85,7.17,85.3,1,2,2.0,1,0,68.2,2.6,57.0,54.0,1,Mid,1,0,8.67
46227,Male,Kolkata,Tier3,Civil,DataScience,No,No,6.76,7.08,7.26,7.45,7.67,7.78,7.25,7.36,7.24,71.7,1,1,1.0,1,0,66.6,2.9,56.1,61.2,0,Mid,1,0,8.11
29243,Female,Kolkata,Tier2,ECE,Embedded,Yes,No,6.82,6.58,6.66,7.19,6.27,6.7,6.61,6.16,6.6,83.8,0,2,1.0,3,1,74.4,2.4,48.5,40.8,1,Mid,0,0,0.0
25150,Male,Mumbai,Tier2,Mechanical,DataScience,No,No,6.64,6.87,6.81,6.53,7.19,6.86,6.22,7.19,6.84,78.3,1,2,3.0,2,2,90.0,5.0,78.1,55.9,1,Mid,1,0,8.57
20795,Female,Mumbai,Tier2,IT,Networking,Yes,No,6.8,7.27,7.25,7.41,7.21,7.32,7.13,7.43,7.17,80.6,1,2,2.0,1,1,68.6,3.8,69.4,62.0,1,Mid,1,0,8.26
18685,Male,Kolkata,Tier1,EE,DataScience,No,No,9.78,9.52,9.75,9.82,9.68,9.78,10.0,9.71,9.82,88.5,1,4,4.0,4,1,65.3,4.2,71.4,74.7,1,High,1,0,25.12
44362,Male,Ahmedabad,Tier3,EE,Embedded,Yes,Yes,7.12,7.33,7.22,7.73,6.97,7.83,7.47,6.75,7.51,79.5,1,3,1.0,2,1,62.6,1.7,55.2,47.4,1,Mid,1,0,8.84
13327,Female,Mumbai,Tier3,IT,AI,Yes,No,9.24,8.77,8.85,8.89,8.74,9.07,8.97,8.85,9.02,75.8,1,2,3.0,3,0,63.7,3.3,56.6,60.9,1,High,1,0,25.76
34830,Male,Bangalore,Tier2,CS,DataScience,No,No,6.34,6.02,5.68,5.74,5.17,5.96,5.85,5.16,5.78,64.0,0,1,1.0,0,0,51.6,2.0,24.2,34.5,0,Low,0,0,0.0
29953,Male,Mumbai,Tier2,CS,AI,No,Yes,7.31,7.24,7.24,7.4,7.25,7.22,6.91,7.01,7.16,79.5,0,2,1.0,1,0,82.1,3.8,46.8,50.3,1,Mid,0,0,0.0
22772,Male,Delhi,Tier2,ECE,Embedded,No,No,8.13,7.74,8.31,7.55,7.91,7.78,7.73,7.81,7.87,77.2,0,1,2.0,1,1,77.3,2.7,57.1,51.2,1,Mid,0,0,0.0
16948,Male,Bangalore,Tier3,IT,AI,Yes,No,5.84,5.71,5.87,5.54,5.88,6.1,5.85,5.66,5.8,51.2,0,1,0.0,0,0,45.7,1.9,32.6,26.4,0,Low,0,0,0.0
21156,Male,Mumbai,Tier2,ECE,Networking,Yes,No,6.23,5.82,6.12,6.56,6.17,6.78,6.33,6.24,6.39,92.0,1,2,2.0,1,0,59.4,3.2,63.9,65.6,1,Low,0,0,0.0
2361,Male,Delhi,Tier2,Mechanical,DataScience,Yes,No,6.71,7.27,6.67,6.46,6.67,7.09,6.94,7.13,7.07,78.4,2,3,2.0,2,2,77.5,3.9,79.1,61.2,1,Mid,1,0,8.26
49376,Male,Bangalore,Tier3,IT,AI,Yes,No,5.33,5.31,5.23,5.16,5.52,5.22,4.66,4.58,5.23,60.9,0,1,1.0,0,0,32.2,1.9,31.1,26.9,0,Low,0,0,0.0
33642,Female,Chennai,Tier3,CS,DataScience,No,No,7.81,7.44,7.6,7.27,7.54,7.69,7.65,7.06,7.63,72.3,1,3,3.0,2,1,80.2,3.2,61.7,46.9,1,Mid,1,0,8.99
49724,Male,Pune,Tier2,Mechanical,Networking,No,No,6.77,6.98,7.43,6.78,6.14,6.67,6.97,6.65,6.83,66.3,1,2,2.0,2,1,66.4,2.1,57.5,53.8,1,Mid,1,0,8.74
36526,Female,Mumbai,Tier2,EE,AI,Yes,Yes,8.56,8.75,7.59,8.16,8.49,8.01,8.57,7.8,8.38,67.6,2,1,2.0,2,0,61.9,3.8,51.2,63.1,0,High,1,0,18.34
12007,Female,Kolkata,Tier2,Civil,Networking,Yes,No,8.98,8.89,9.19,8.99,9.32,8.9,8.96,8.74,9.07,82.4,0,3,1.0,1,1,47.5,3.3,58.5,60.7,0,High,1,0,18.53
31490,Female,Kolkata,Tier1,CS,Networking,Yes,No,9.53,9.52,9.65,10.0,10.0,10.0,10.0,10.0,9.96,87.7,2,4,3.0,3,1,72.3,5.0,68.3,74.5,1,High,1,0,25.91
17009,Male,Pune,Tier3,IT,AI,Yes,Yes,5.35,6.09,6.16,5.85,5.61,5.59,5.41,5.66,9.85,70.4,3,5,1.0,0,0,97.4,1.7,95.9,33.1,0,Low,0,1,0.0
21445,Female,Jaipur,Tier2,IT,Embedded,Yes,No,7.52,7.59,8.01,7.7,8.04,8.24,7.61,7.93,7.82,75.9,1,2,1.0,2,0,77.3,2.8,54.0,53.9,1,Mid,1,0,8.33
29988,Female,Mumbai,Tier2,Mechanical,Embedded,Yes,No,7.88,8.56,8.28,7.79,8.27,8.71,8.11,8.86,8.38,76.3,2,3,3.0,3,1,71.7,4.8,76.5,85.1,1,High,1,0,22.29
30722,Male,Hyderabad,Tier2,ECE,Embedded,Yes,No,6.69,7.4,7.83,7.18,8.1,7.46,8.04,7.33,7.62,80.2,1,4,4.0,3,1,77.7,3.9,78.8,81.6,1,Mid,1,0,8.82
44492,Male,Ahmedabad,Tier1,CS,DataScience,Yes,No,8.59,8.27,8.4,8.81,8.8,8.77,8.81,9.82,8.78,91.6,2,3,2.0,2,2,91.0,4.4,75.4,77.6,1,High,1,0,22.17
32430,Male,Ahmedabad,Tier1,IT,DataScience,Yes,No,8.81,9.12,9.09,8.64,9.48,9.13,9.57,8.72,9.09,90.8,3,3,3.0,2,2,68.0,3.7,67.1,67.0,1,High,1,0,25.22
10990,Male,Hyderabad,Tier1,Mechanical,AI,Yes,No,7.73,7.88,7.2,7.73,8.51,7.35,7.47,7.64,7.58,84.1,2,2,2.0,2,0,67.9,2.5,48.1,65.9,0,Mid,1,0,8.7
22848,Male,Mumbai,Tier1,IT,DataScience,No,No,7.16,7.57,8.14,7.75,7.93,7.31,8.13,8.06,7.69,81.8,1,3,3.0,2,1,73.2,4.4,75.6,78.3,1,Mid,1,0,8.42
6677,Male,Hyderabad,Tier3,IT,Embedded,Yes,No,6.93,6.38,6.33,6.32,6.57,6.22,6.91,6.43,6.56,70.0,1,2,2.0,2,0,51.4,2.4,63.4,52.3,1,Mid,1,0,8.01
3503,Male,Jaipur,Tier3,Mechanical,Networking,Yes,No,5.51,6.27,5.88,5.83,5.64,5.8,5.56,5.72,5.69,57.7,0,1,0.0,1,0,48.3,2.0,29.1,30.1,0,Low,0,0,0.0
11949,Female,Jaipur,Tier2,IT,AI,Yes,No,7.74,7.89,8.54,7.87,7.91,7.71,8.15,7.88,8.16,86.4,1,2,2.0,1,1,77.0,3.4,46.4,51.8,1,High,1,0,18.41
4109,Female,Hyderabad,Tier2,ECE,Embedded,Yes,No,8.12,7.93,7.37,7.45,7.17,7.11,7.64,7.07,7.35,60.8,0,0,1.0,1,0,52.3,2.7,32.3,36.1,1,Mid,1,0,12.33
5036,Female,Bangalore,Tier1,CS,AI,No,Yes,8.07,8.58,8.15,8.52,8.9,8.71,8.69,9.09,8.67,77.8,1,1,2.0,2,0,71.5,3.5,55.8,45.9,1,High,1,0,18.95
18273,Male,Hyderabad,Tier2,ECE,DataScience,Yes,No,7.05,6.41,6.8,6.93,6.84,7.01,7.17,7.85,6.94,70.4,1,2,1.0,1,1,59.8,3.5,51.5,49.3,1,Mid,1,0,8.07
24677,Female,Kochi,Tier1,Mechanical,DataScience,No,No,8.93,8.55,8.29,9.35,8.41,8.79,8.92,8.61,8.72,78.8,1,2,2.0,3,0,68.6,3.1,61.2,41.0,1,High,1,0,18.02
7169,Male,Chennai,Tier2,Mechanical,DataScience,No,No,9.55,10.0,9.64,9.87,10.0,10.0,10.0,9.49,9.84,91.6,2,4,3.0,3,1,92.5,4.1,85.4,75.4,1,High,1,0,25.34
21083,Female,Bangalore,Tier1,CS,Networking,Yes,No,7.09,6.83,7.39,6.97,6.56,6.42,7.18,7.04,7.06,90.1,2,1,3.0,2,1,72.2,4.2,84.3,71.3,0,Mid,1,0,8.51
43742,Male,Mumbai,Tier1,CS,AI,No,No,6.34,6.71,6.99,6.39,6.49,6.99,6.92,6.9,6.67,83.1,1,3,3.0,1,1,86.7,4.8,88.3,52.7,1,Mid,1,0,10.33
33583,Male,Kolkata,Tier2,ECE,Embedded,No,No,6.87,7.13,7.04,6.87,6.51,7.18,6.7,7.34,6.93,74.6,0,3,2.0,2,1,66.1,4.2,60.8,57.0,0,Mid,1,0,8.51
31703,Male,Bangalore,Tier2,EE,Embedded,No,No,9.85,9.32,9.41,9.5,9.6,9.86,9.66,9.6,9.55,80.4,1,4,2.0,3,1,88.3,5.0,60.5,62.1,0,High,1,0,18.09
38238,Female,Kochi,Tier2,IT,DataScience,Yes,No,8.54,8.53,8.89,9.26,9.07,8.7,9.29,9.18,4.42,50.01235705,2,4,3.0,2,1,33.1,4.9,4.5,74.8,1,High,1,1,18.59
22359,Male,Delhi,Tier2,Civil,Embedded,Yes,No,6.03,6.47,6.56,6.62,6.46,6.14,6.35,6.04,6.27,68.3,0,1,1.0,0,0,49.6,1.0,30.9,31.2,1,Low,0,0,0.0
48247,Male,Hyderabad,Tier2,EE,Networking,No,No,7.97,8.3,8.04,7.52,7.84,7.78,7.97,7.85,7.94,70.3,0,2,2.0,1,1,67.1,3.5,48.3,55.6,1,Mid,1,0,8.02
40524,Female,Kolkata,Tier2,Mechanical,Embedded,No,No,6.46,6.14,7.0,6.57,7.35,6.26,7.11,7.16,6.8,89.9,1,3,3.0,2,2,85.5,3.9,73.9,78.8,0,Mid,1,0,8.29
11035,Male,Chennai,Tier2,Civil,DataScience,No,Yes,6.06,6.62,6.39,6.75,5.84,5.86,6.1,6.85,6.2,73.6,1,1,2.0,2,1,56.1,2.3,52.1,53.3,1,Low,0,0,0.0
29459,Female,Pune,Tier2,Civil,Networking,No,No,6.37,6.45,6.21,6.87,6.61,6.41,6.66,6.95,6.56,91.0,1,2,2.0,1,1,81.5,3.5,45.7,57.9,0,Mid,1,0,8.66
1176,Male,Jaipur,Tier2,Civil,AI,Yes,No,6.32,6.67,5.95,5.82,6.95,6.42,6.25,6.46,6.29,74.6,0,2,1.0,2,1,62.5,4.1,45.6,59.5,0,Low,0,0,0.0
38938,Male,Bangalore,Tier1,Mechanical,AI,No,No,5.73,6.19,5.91,6.42,6.62,6.12,5.71,6.45,6.15,89.7,2,3,2.0,4,2,64.6,3.2,73.9,64.4,1,Low,1,0,6.01
48126,Male,Delhi,Tier1,CS,AI,No,No,7.88,6.67,7.27,7.08,7.61,7.2,7.85,7.51,7.48,76.3,1,2,2.0,3,1,75.4,4.5,76.6,67.6,0,Mid,1,0,8.17
47643,Male,Ahmedabad,Tier1,ECE,Networking,No,No,8.09,8.08,8.18,8.04,7.81,8.77,8.65,8.85,8.45,89.6,1,5,3.0,1,1,87.6,3.6,81.7,66.4,0,High,1,0,18.06
6050,Female,Delhi,Tier2,CS,DataScience,Yes,No,4.0,4.06,4.94,4.0,4.09,4.0,4.03,4.33,4.34,60.4,0,1,0.0,0,0,49.2,1.8,28.8,21.1,1,Low,0,0,0.0
35665,Male,Bangalore,Tier2,Mechanical,AI,Yes,Yes,9.51,10.0,9.84,9.78,10.0,10.0,10.0,10.0,9.92,95.4,2,4,2.0,4,1,90.7,4.8,66.1,68.8,0,High,1,0,18.66
38145,Female,Hyderabad,Tier2,Mechanical,Embedded,Yes,No,8.49,8.48,7.95,7.73,8.07,7.73,8.37,7.91,8.16,70.7,1,2,2.0,1,0,61.3,3.2,58.2,46.5,0,High,1,0,18.94
25387,Male,Kochi,Tier2,ECE,Embedded,Yes,No,7.9,7.5,7.7,7.9,7.61,7.7,8.14,7.58,7.77,89.5,1,3,2.0,1,1,70.2,1.5,55.7,52.5,0,Mid,1,0,8.37
41042,Female,Delhi,Tier3,IT,Embedded,No,Yes,5.16,5.1,5.27,4.85,5.36,4.85,5.38,5.35,5.22,63.3,1,0,0.0,0,0,50.1,2.3,28.0,31.4,0,Low,0,0,0.0
24933,Female,Hyderabad,Tier1,Mechanical,DataScience,No,No,7.35,7.18,7.22,7.31,7.36,7.79,6.8,7.25,7.32,98.2,3,3,3.0,3,2,79.9,4.2,77.4,74.6,0,Mid,1,0,8.97
3777,Male,Delhi,Tier3,IT,Networking,Yes,No,5.87,5.75,5.84,5.67,5.72,5.89,5.72,5.12,5.66,64.7,0,1,0.0,0,0,51.2,1.5,29.2,30.3,0,Low,0,0,0.0
10004,Female,Chennai,Tier2,CS,Networking,Yes,No,5.52,5.54,5.79,5.84,5.48,5.5,5.42,6.21,5.51,76.2,1,1,2.0,1,0,68.4,2.7,55.9,50.3,1,Low,0,0,0.0
13034,Female,Hyderabad,Tier2,IT,DataScience,No,No,7.52,7.41,7.48,7.31,7.27,7.5,7.64,7.7,7.3,77.8,2,3,2.0,3,1,100.0,4.0,71.9,79.6,0,Mid,1,0,8.02
7064,Female,Pune,Tier2,Civil,Networking,Yes,No,7.05,7.6,7.24,7.46,7.51,7.42,7.38,7.19,7.29,62.4,1,2,2.0,2,0,77.6,3.4,53.5,54.3,1,Mid,1,0,8.51
4234,Male,Bangalore,Tier2,ECE,AI,Yes,Yes,6.79,7.08,6.82,7.3,6.83,6.49,6.57,6.73,6.8,63.7,1,0,1.0,0,0,56.1,2.2,28.2,27.8,1,Mid,0,0,0.0
27605,Female,Jaipur,Tier3,Civil,Networking,Yes,No,5.35,5.29,5.77,5.73,5.61,4.97,5.16,5.01,5.44,57.4,0,0,1.0,1,0,46.0,1.9,26.0,27.3,0,Low,0,0,0.0
19647,Female,Delhi,Tier1,Mechanical,AI,No,No,7.77,8.0,7.25,8.2,8.13,7.98,8.46,8.1,7.97,98.3,0,3,2.0,3,1,94.7,3.5,87.0,72.9,0,Mid,1,0,8.13
4983,Female,Delhi,Tier3,CS,Networking,Yes,No,6.48,6.73,6.96,6.51,6.49,6.47,6.59,7.04,6.64,76.1,2,1,2.0,2,1,65.0,3.3,54.4,56.9,1,Mid,1,0,8.36
48272,Male,Hyderabad,Tier3,Civil,Embedded,Yes,No,7.96,7.39,8.3,7.34,7.71,8.14,7.88,8.24,7.89,79.4,1,2,1.0,2,0,78.2,3.1,46.6,60.5,0,Mid,1,0,8.07
470,Female,Jaipur,Tier2,CS,DataScience,No,No,6.51,6.08,6.35,5.9,5.92,6.41,5.93,5.6,6.12,63.6,0,1,0.0,1,0,51.8,2.8,28.2,35.1,1,Low,0,0,0.0
12860,Male,Pune,Tier1,CS,Networking,Yes,No,7.49,6.95,8.03,7.77,7.89,8.23,8.51,8.3,7.95,84.8,1,3,3.0,3,1,64.9,3.2,94.4,85.8,1,Mid,1,0,8.69
33450,Male,Chennai,Tier3,CS,DataScience,Yes,Yes,4.83,4.75,5.04,4.52,4.87,5.08,4.65,4.34,4.64,59.7,0,0,1.0,0,0,44.0,1.5,25.9,31.0,1,Low,0,0,0.0
25310,Female,Mumbai,Tier2,ECE,AI,Yes,No,7.43,7.33,7.36,7.31,6.95,7.31,7.79,7.21,7.32,75.6,1,1,1.0,1,0,63.5,3.4,59.7,49.6,0,Mid,1,0,8.48
24709,Female,Kochi,Tier2,EE,Embedded,No,No,5.38,5.15,5.8,5.29,5.49,5.46,5.59,5.21,5.41,77.7,2,2,2.0,3,0,78.2,3.5,56.4,51.3,1,Low,1,0,5.63
29071,Female,Chennai,Tier2,Mechanical,Networking,No,No,6.56,6.92,6.84,6.21,5.84,6.68,6.28,6.97,6.71,77.2,1,2,2.0,2,0,65.7,1.2,58.6,56.2,0,Mid,0,0,0.0
4776,Male,Jaipur,Tier2,ECE,Embedded,No,No,5.56,5.14,5.53,5.22,4.98,5.0,5.38,4.9,5.1,73.8,0,0,1.0,0,0,50.7,2.3,31.3,32.2,0,Low,0,0,0.0
25025,Male,Hyderabad,Tier1,IT,Embedded,No,No,8.25,8.36,7.96,7.91,7.33,8.54,8.41,8.49,9.84,94.0,3,5,3.0,4,2,98.2,4.3,98.6,73.4,0,High,1,1,18.24
33433,Male,Pune,Tier3,EE,Embedded,Yes,Yes,4.73,4.81,4.38,4.44,5.08,4.59,4.0,4.63,4.68,65.4,0,1,0.0,0,0,51.6,2.0,19.9,26.2,0,Low,0,0,0.0
1098,Male,Chennai,Tier1,ECE,Embedded,No,No,7.79,8.5,8.45,7.86,7.79,8.85,8.51,7.79,8.33,95.4,3,3,2.0,2,1,76.1,3.5,86.7,97.5,1,High,1,0,22.73
5371,Female,Delhi,Tier2,CS,DataScience,Yes,No,7.78,7.28,7.68,8.05,7.93,7.08,7.32,7.44,7.72,74.4,1,2,2.0,2,0,69.5,2.2,60.1,57.2,0,Mid,1,0,8.79
30514,Male,Kochi,Tier2,ECE,Networking,Yes,No,9.51,9.26,9.37,9.96,9.67,10.0,9.85,9.99,9.62,80.5,2,3,3.0,3,1,79.2,4.0,75.9,71.7,0,High,1,0,18.98
37581,Female,Ahmedabad,Tier3,ECE,Embedded,No,Yes,5.22,5.18,4.68,5.1,4.44,4.3,4.0,4.35,4.59,67.4,0,1,0.0,0,0,44.7,1.0,24.2,27.1,1,Low,0,0,0.0
41092,Male,Delhi,Tier2,ECE,Networking,Yes,No,4.94,4.92,4.99,4.82,4.45,4.83,4.94,4.55,4.75,65.3,1,2,2.0,2,1,58.7,2.4,47.4,53.9,0,Low,0,0,0.0
12582,Male,Bangalore,Tier3,ECE,Networking,Yes,No,4.74,5.52,4.72,4.75,4.68,4.37,4.48,4.93,4.77,52.6,0,1,0.0,0,0,55.5,1.9,25.7,33.8,0,Low,0,0,0.0
39516,Male,Bangalore,Tier1,IT,DataScience,Yes,No,10.0,9.9,10.0,9.78,10.0,9.98,10.0,10.0,9.91,93.3,2,4,3.0,3,2,92.0,3.8,75.6,78.0,1,High,1,0,25.19
5523,Male,Chennai,Tier2,ECE,Networking,Yes,No,8.05,8.58,7.95,6.96,7.52,7.64,8.48,7.9,8.03,72.4,1,1,2.0,1,1,59.4,2.6,47.8,49.2,0,High,1,0,18.46
23812,Female,Ahmedabad,Tier3,IT,Embedded,Yes,No,7.44,7.35,7.13,7.42,7.22,7.19,7.58,7.14,7.3,76.8,1,1,2.0,2,0,78.0,1.5,51.7,44.9,1,Mid,1,0,8.93
48467,Female,Hyderabad,Tier1,CS,Embedded,Yes,No,9.02,8.92,8.56,8.77,8.7,9.2,9.22,8.84,8.81,97.7,2,3,4.0,5,2,92.1,2.9,89.2,88.5,1,High,1,0,18.73
33047,Female,Chennai,Tier1,Mechanical,Networking,No,No,8.21,7.91,7.49,7.76,8.27,7.05,7.42,7.0,7.55,73.5,1,1,2.0,2,0,77.4,3.5,59.0,53.3,0,Mid,1,0,10.72
45272,Male,Hyderabad,Tier2,ECE,Embedded,Yes,No,4.0,4.0,4.1,4.01,4.7,4.0,4.05,4.43,4.19,65.7,1,2,1.0,2,1,73.8,2.9,51.4,48.5,1,Low,0,0,0.0
10742,Male,Hyderabad,Tier3,ECE,Embedded,No,Yes,6.37,6.72,6.58,6.1,6.26,6.06,5.72,5.79,6.22,83.5,2,2,1.0,1,1,62.1,3.0,39.2,48.0,0,Low,0,0,0.0
48560,Male,Hyderabad,Tier1,Mechanical,DataScience,Yes,No,5.87,5.7,5.55,5.79,5.67,5.87,6.26,5.8,5.81,85.0,1,2,2.0,2,1,68.8,3.6,63.3,44.3,1,Low,0,0,0.0
25842,Female,Pune,Tier2,Civil,Networking,No,Yes,9.38,8.68,9.0,9.15,9.16,9.01,8.69,8.86,8.87,71.9,0,2,1.0,2,0,55.0,2.9,50.7,39.3,1,High,1,0,18.05
843,Male,Pune,Tier2,ECE,Networking,No,No,7.76,8.52,8.88,9.24,8.77,8.77,8.99,9.4,8.92,90.8,3,4,2.0,4,2,90.5,3.3,70.6,76.3,1,High,1,0,22.13
10055,Male,Jaipur,Tier2,Civil,Embedded,No,No,5.71,6.61,6.45,6.23,6.55,6.72,6.07,6.02,6.19,56.7,0,2,1.0,2,1,69.9,2.9,63.1,49.5,0,Low,0,0,0.0
2060,Female,Kochi,Tier2,Civil,Networking,No,No,8.24,8.05,8.1,7.72,7.6,8.33,7.7,7.87,7.97,79.1,1,2,2.0,1,0,61.1,3.4,61.8,52.3,1,Mid,1,0,8.98
6205,Male,Chennai,Tier1,ECE,Embedded,Yes,No,7.11,7.57,6.97,7.56,7.25,7.4,7.62,6.6,7.28,98.9,2,3,3.0,4,1,86.2,4.8,66.3,78.3,1,Mid,1,0,8.91
6176,Male,Kolkata,Tier3,CS,Embedded,Yes,No,7.62,8.35,7.96,8.1,7.77,8.09,8.33,7.1,7.9,87.8,0,2,1.0,2,0,60.3,2.2,56.0,47.3,1,Mid,1,0,8.64
3920,Male,Bangalore,Tier3,CS,AI,Yes,No,6.56,6.61,5.72,6.23,6.6,5.41,5.46,6.02,6.13,58.1,0,1,0.0,0,0,41.6,1.9,27.4,37.9,0,Low,0,0,0.0
32634,Male,Pune,Tier1,IT,Networking,No,No,5.38,5.18,5.32,4.9,5.36,5.19,4.83,5.25,5.34,76.9,2,4,2.0,3,1,92.4,5.0,76.2,61.1,1,Low,1,0,6.27
40577,Female,Mumbai,Tier2,CS,AI,Yes,No,5.98,6.16,5.94,5.57,6.38,6.73,6.34,5.94,6.09,74.9,1,1,2.0,2,1,65.6,3.2,48.5,52.2,1,Low,0,0,0.0
33749,Male,Pune,Tier1,Mechanical,Networking,No,No,9.72,10.0,9.91,10.0,9.82,10.0,10.0,10.0,9.93,100.0,2,3,3.0,3,2,76.5,3.6,92.1,80.9,0,High,1,0,18.98
9532,Female,Kolkata,Tier2,CS,DataScience,Yes,No,6.8,7.02,6.95,7.28,6.98,7.3,7.22,7.08,7.14,58.8,1,0,1.0,1,0,46.5,2.6,25.7,23.4,0,Mid,0,0,0.0
7221,Male,Hyderabad,Tier3,Mechanical,Networking,Yes,No,6.26,6.07,6.41,6.32,6.09,5.62,5.62,5.9,6.06,56.6,0,1,1.0,1,0,36.9,2.5,22.9,32.7,0,Low,0,0,0.0
41582,Female,Hyderabad,Tier3,ECE,DataScience,No,No,8.14,8.79,8.62,8.11,8.72,8.4,8.27,9.14,4.24,53.4893399,1,2,2.0,1,1,30.3,3.2,3.9,52.4,1,High,1,1,18.57
49613,Male,Bangalore,Tier3,CS,Embedded,Yes,No,8.33,8.67,7.95,7.87,7.89,8.11,7.89,7.48,8.08,61.0,0,1,1.0,0,0,35.1,1.2,33.1,23.8,0,High,0,0,0.0
10390,Male,Bangalore,Tier3,Civil,Embedded,Yes,Yes,6.51,5.85,6.2,6.09,5.75,5.92,5.86,5.87,6.09,57.9,0,1,1.0,1,0,44.3,2.1,28.2,29.2,0,Low,0,0,0.0
46989,Male,Hyderabad,Tier1,ECE,Embedded,Yes,Yes,5.99,6.58,5.84,5.89,6.25,6.52,6.06,6.02,6.26,95.8,1,3,4.0,4,1,92.0,4.8,81.1,92.8,1,Low,1,0,5.87
47542,Female,Delhi,Tier3,CS,DataScience,Yes,No,6.74,7.09,7.22,7.4,6.84,6.39,6.64,6.54,6.89,79.0,1,2,2.0,1,0,65.4,3.2,38.2,58.0,0,Mid,1,0,8.85
46408,Female,Kolkata,Tier3,Civil,Networking,No,No,5.77,5.63,5.85,6.0,5.41,5.87,6.19,5.76,5.66,91.8,1,2,2.0,1,0,68.4,4.0,60.7,49.2,1,Low,1,0,4.72
26942,Female,Kochi,Tier2,Civil,DataScience,Yes,No,7.94,8.17,7.79,7.98,8.15,7.68,7.42,7.81,7.97,97.4,2,3,3.0,3,1,89.7,5.0,77.3,74.1,1,Mid,1,0,12.78
33612,Female,Hyderabad,Tier2,Mechanical,Embedded,No,No,7.77,8.36,7.71,7.95,7.87,7.78,8.47,8.33,8.27,66.7,1,2,2.0,3,0,69.5,1.9,63.2,50.3,0,High,1,0,18.64
28108,Male,Kochi,Tier2,EE,Networking,Yes,No,7.87,8.07,8.24,8.74,7.95,7.57,8.12,8.12,8.02,80.4,1,1,2.0,0,1,64.0,2.6,59.6,54.1,1,High,1,0,18.31
31399,Female,Kochi,Tier2,CS,DataScience,No,No,8.24,8.46,7.98,8.51,8.33,8.8,8.03,8.43,8.47,95.6,1,4,3.0,3,2,82.4,4.4,61.6,70.5,1,High,1,0,22.92
46193,Female,Hyderabad,Tier3,Civil,Embedded,Yes,No,8.83,8.68,8.46,8.78,8.79,9.24,8.98,8.69,8.77,77.3,1,1,3.0,2,0,64.5,3.2,64.8,49.3,0,High,1,0,18.68
3169,Male,Ahmedabad,Tier1,Civil,Embedded,No,No,7.32,7.47,7.77,7.34,7.4,7.56,7.81,7.58,7.48,67.3,0,1,1.0,1,1,82.4,4.7,67.1,50.4,0,Mid,1,0,8.88
48316,Female,Delhi,Tier2,IT,AI,Yes,No,9.87,9.73,9.71,9.77,9.92,10.0,10.0,10.0,9.91,91.1,2,3,3.0,3,1,100.0,4.8,92.5,69.2,1,High,1,0,25.95
25985,Male,Ahmedabad,Tier2,ECE,Embedded,No,Yes,5.89,5.95,6.05,5.3,5.15,4.83,5.28,5.46,5.54,67.3,0,1,0.0,0,0,39.7,1.8,28.9,33.3,0,Low,0,0,0.0
5047,Male,Hyderabad,Tier1,EE,Embedded,Yes,No,7.41,7.23,7.8,7.44,7.46,7.37,7.54,7.14,9.77,79.2,3,5,2.0,2,1,98.0,3.9,97.8,52.9,0,Mid,1,1,8.6
3211,Male,Hyderabad,Tier1,CS,AI,No,No,10.0,9.75,10.0,10.0,9.79,10.0,10.0,10.0,9.85,80.4,1,2,3.0,3,1,85.7,3.9,79.4,79.5,0,High,1,0,18.45
45043,Male,Hyderabad,Tier1,IT,DataScience,No,No,9.61,10.0,10.0,10.0,10.0,10.0,10.0,10.0,9.94,80.1,2,4,3.0,3,1,96.6,4.4,76.5,68.6,1,High,1,0,25.1
4349,Male,Jaipur,Tier3,ECE,DataScience,Yes,Yes,4.9,4.63,4.7,4.98,5.41,4.96,4.48,4.79,4.82,57.0,0,0,1.0,0,0,46.3,1.3,24.3,34.8,0,Low,0,0,0.0
41114,Male,Mumbai,Tier2,Civil,DataScience,Yes,No,7.48,6.83,7.52,7.64,7.25,7.18,7.44,7.38,7.57,64.4,1,1,1.0,2,0,77.7,2.3,53.0,52.4,1,Mid,1,0,12.48
37932,Female,Mumbai,Tier3,Mechanical,AI,No,No,6.6,6.71,6.56,5.71,6.59,6.82,5.95,6.42,4.3,54.89985416,0,1,0.0,1,0,35.6,2.5,1.3,30.4,0,Low,0,1,0.0
42985,Female,Hyderabad,Tier2,ECE,Embedded,No,No,8.25,8.04,7.49,8.24,7.9,8.05,8.61,7.69,8.11,75.0,1,1,2.0,2,1,60.7,2.4,52.6,59.6,1,High,1,0,18.7
27292,Male,Pune,Tier2,Civil,Networking,No,No,6.86,6.48,6.67,6.32,6.66,6.92,6.75,7.24,6.66,67.4,1,1,1.0,1,0,49.5,2.0,25.0,25.7,0,Mid,0,0,0.0
26575,Male,Hyderabad,Tier3,ECE,Embedded,Yes,No,8.37,8.29,8.67,8.57,8.68,8.09,8.52,7.93,8.56,61.9,0,1,0.0,0,0,39.9,2.1,22.9,37.6,1,High,1,0,18.35
43741,Male,Jaipur,Tier2,CS,Networking,No,No,6.7,6.75,7.2,7.26,7.32,7.17,7.25,6.63,7.05,89.7,1,4,3.0,3,2,83.8,3.5,75.0,74.3,1,Mid,1,0,8.29
11071,Male,Chennai,Tier1,Mechanical,DataScience,Yes,No,8.5,7.67,7.74,7.4,7.42,7.96,7.84,8.04,7.99,88.9,2,4,2.0,3,2,73.8,4.5,97.4,62.3,1,Mid,1,0,8.2
45456,Male,Kolkata,Tier2,EE,Networking,No,No,6.3,6.1,5.47,5.3,5.48,5.78,5.79,5.02,5.65,57.5,1,0,1.0,0,0,55.1,1.4,29.0,29.7,0,Low,0,0,0.0
9888,Male,Ahmedabad,Tier2,Mechanical,AI,Yes,No,6.09,6.11,5.68,6.04,6.05,5.31,5.01,5.45,5.92,64.4,0,0,1.0,1,0,52.3,1.6,25.3,35.9,0,Low,0,0,0.0
22904,Female,Chennai,Tier3,ECE,Embedded,No,Yes,4.0,4.02,4.0,4.0,4.0,4.0,4.12,4.0,4.05,51.6,0,1,0.0,1,0,45.8,1.9,26.3,29.8,0,Low,0,0,0.0
20252,Female,Mumbai,Tier2,Mechanical,AI,Yes,No,5.98,5.96,5.74,6.06,6.18,6.28,6.31,6.26,6.15,86.9,1,2,0.0,3,1,78.9,2.9,54.2,61.1,1,Low,0,0,0.0
13248,Male,Hyderabad,Tier1,ECE,Networking,No,No,9.96,9.67,10.0,10.0,10.0,10.0,10.0,10.0,10.0,89.6,1,3,2.0,1,1,58.6,4.2,75.2,61.0,1,High,1,0,25.48
18098,Male,Kochi,Tier3,CS,AI,Yes,No,5.31,4.97,4.81,5.27,5.68,4.85,5.03,5.03,5.21,55.3,1,0,1.0,1,1,42.9,2.5,30.6,29.5,0,Low,0,0,0.0
35975,Male,Kolkata,Tier1,CS,Embedded,No,No,7.87,8.69,7.74,7.78,7.73,7.68,8.17,8.78,8.2,100.0,2,3,3.0,2,1,84.2,4.0,89.5,84.6,1,High,1,0,22.61
32460,Female,Delhi,Tier2,EE,AI,No,No,4.59,4.87,4.16,4.45,4.4,4.44,4.8,4.54,4.64,72.2,2,4,2.0,3,1,86.1,3.6,95.6,74.6,1,Low,1,0,5.63
7273,Male,Delhi,Tier2,CS,AI,Yes,No,6.34,7.02,7.03,6.7,6.76,6.9,7.22,6.99,6.84,66.2,0,2,1.0,1,0,65.6,2.8,58.1,48.8,0,Mid,0,0,0.0
18875,Male,Kochi,Tier3,Civil,AI,No,No,5.72,5.72,5.89,5.51,5.76,5.62,5.8,6.14,5.82,59.9,1,1,0.0,1,0,59.7,1.4,24.3,31.4,0,Low,0,0,0.0
37774,Male,Kolkata,Tier2,Civil,Networking,Yes,No,10.0,9.97,10.0,10.0,10.0,9.99,10.0,10.0,10.0,89.7,1,2,3.0,3,1,75.0,4.5,73.0,72.2,0,High,1,0,18.5
4830,Male,Hyderabad,Tier2,CS,DataScience,Yes,No,9.02,8.56,9.04,8.88,8.84,8.53,9.05,8.82,8.76,73.3,1,2,1.0,2,1,62.8,3.0,53.1,58.8,0,High,1,0,18.04
33174,Female,Kolkata,Tier1,EE,AI,No,No,7.42,7.31,7.5,7.55,7.85,7.91,8.25,8.13,7.69,88.6,2,3,2.0,2,1,80.0,4.7,90.1,62.3,1,Mid,1,0,8.25
21213,Male,Hyderabad,Tier2,ECE,Networking,Yes,No,8.38,9.19,8.56,8.22,8.32,8.53,8.45,8.98,8.57,65.5,1,2,2.0,2,0,63.5,2.7,48.2,52.6,1,High,1,0,18.03
16755,Female,Hyderabad,Tier3,ECE,DataScience,No,No,7.47,7.1,6.98,6.24,6.61,6.97,6.48,6.78,6.76,69.0,2,2,2.0,2,0,57.7,3.6,53.9,59.6,1,Mid,1,0,8.03
32892,Female,Kolkata,Tier1,ECE,Embedded,Yes,No,7.89,8.67,8.52,8.63,8.32,8.97,8.58,8.64,8.53,90.5,1,3,4.0,2,1,79.9,3.5,68.8,78.7,1,High,1,0,22.47
27948,Male,Bangalore,Tier2,Mechanical,Networking,Yes,No,6.23,7.06,7.05,7.01,6.05,7.36,6.8,6.46,6.82,91.0,2,3,3.0,3,1,88.7,4.5,85.2,53.3,1,Mid,1,0,8.86
15336,Male,Kolkata,Tier3,CS,AI,Yes,No,4.79,4.46,4.23,4.3,5.04,4.0,4.48,4.59,4.42,60.7,0,0,0.0,0,0,54.0,1.6,25.7,30.1,0,Low,0,0,0.0
24450,Male,Chennai,Tier1,ECE,DataScience,Yes,No,8.79,8.44,9.25,9.01,9.14,8.93,9.15,9.13,8.96,88.9,2,4,3.0,4,1,76.5,4.3,65.8,80.7,1,High,1,0,22.27
29638,Female,Bangalore,Tier1,ECE,Networking,No,No,9.65,9.66,9.6,9.65,9.55,9.75,9.74,9.88,9.76,100.0,1,4,4.0,4,1,84.4,3.5,74.2,63.6,1,High,1,0,25.93
42040,Male,Mumbai,Tier1,IT,AI,No,No,6.81,7.13,7.19,7.47,7.59,7.32,7.59,7.97,7.43,86.1,3,3,3.0,3,2,84.1,4.0,87.0,62.6,1,Mid,1,0,8.99
16126,Female,Pune,Tier1,IT,Networking,No,No,4.36,4.53,4.46,4.35,4.85,5.09,4.98,4.72,4.53,83.9,0,2,1.0,2,0,81.9,2.8,65.9,54.6,0,Low,0,0,0.0
7950,Female,Bangalore,Tier2,Mechanical,Embedded,No,No,10.0,9.69,9.48,10.0,10.0,10.0,10.0,10.0,9.85,77.1,1,3,3.0,3,2,82.0,4.3,85.9,66.4,1,High,1,0,25.09
34331,Female,Kochi,Tier3,EE,Embedded,Yes,No,4.4,4.86,4.0,4.49,4.56,4.56,4.0,4.0,4.38,63.6,0,0,0.0,1,0,48.6,1.9,32.0,28.6,1,Low,0,0,0.0
2494,Male,Hyderabad,Tier3,ECE,AI,No,No,5.65,5.72,5.46,5.42,5.79,5.82,5.51,5.66,5.7,86.7,1,2,2.0,2,0,69.1,2.9,61.1,39.7,0,Low,0,0,0.0
13151,Female,Pune,Tier1,CS,AI,Yes,No,7.17,7.45,7.6,7.44,7.9,7.24,7.52,7.46,7.31,80.2,2,3,3.0,3,2,93.0,5.0,74.7,72.0,0,Mid,1,0,8.56
33199,Male,Ahmedabad,Tier1,IT,AI,Yes,Yes,6.25,6.08,6.11,5.88,6.46,5.96,5.93,6.07,6.03,64.5,1,2,2.0,2,0,67.1,2.1,64.9,47.8,0,Low,0,0,0.0
17032,Male,Kochi,Tier3,ECE,DataScience,Yes,No,4.69,4.5,4.88,4.14,4.88,4.76,4.73,4.88,4.77,76.6,0,2,2.0,2,1,77.2,2.6,51.6,55.8,0,Low,0,0,0.0
47115,Female,Delhi,Tier3,Civil,Embedded,No,No,6.12,6.36,5.86,6.29,5.77,5.95,5.6,6.14,6.13,72.5,0,1,1.0,0,1,41.3,2.0,28.8,23.1,0,Low,0,0,0.0
33943,Male,Kochi,Tier3,IT,Embedded,Yes,No,6.54,6.16,5.3,7.15,6.53,6.07,6.92,6.7,6.31,70.7,1,2,2.0,1,1,63.0,3.0,55.5,55.5,1,Low,0,0,0.0
15501,Male,Ahmedabad,Tier2,Mechanical,Networking,Yes,Yes,5.81,6.16,5.57,5.4,5.89,6.04,6.13,5.8,6.01,56.9,0,0,1.0,0,0,42.2,2.5,23.6,29.4,0,Low,0,0,0.0
36289,Male,Kolkata,Tier1,ECE,Networking,Yes,No,6.73,6.63,6.73,6.34,7.02,6.9,6.53,6.87,7.0,78.7,1,2,1.0,2,0,56.4,2.1,69.9,47.8,0,Mid,0,0,0.0
33600,Female,Bangalore,Tier2,ECE,Networking,No,No,5.64,6.21,6.32,5.98,6.53,5.89,5.38,6.02,5.88,61.6,1,1,1.0,1,0,35.7,1.6,27.7,32.8,0,Low,0,0,0.0
18443,Female,Kochi,Tier2,ECE,Networking,Yes,No,4.45,4.48,4.57,4.28,4.72,4.23,4.46,4.15,4.34,50.7,1,1,0.0,1,0,45.3,1.6,30.5,30.3,0,Low,0,0,0.0
8493,Female,Pune,Tier2,Mechanical,Embedded,No,No,7.45,6.69,7.52,7.18,7.63,6.93,6.88,7.75,7.2,82.1,1,2,3.0,1,0,76.0,3.3,55.0,53.8,0,Mid,1,0,9.04
29051,Female,Chennai,Tier1,Mechanical,DataScience,No,No,8.74,8.23,8.4,8.79,9.12,9.35,8.5,8.49,8.67,88.7,2,2,3.0,3,1,67.5,3.9,55.6,74.6,1,High,1,0,22.98
25788,Female,Hyderabad,Tier1,CS,Embedded,No,No,8.39,8.17,7.96,8.03,8.16,8.35,8.51,8.71,8.34,72.9,1,2,2.0,2,0,66.0,2.4,53.6,40.4,1,High,1,0,18.55
10272,Male,Chennai,Tier3,ECE,Embedded,No,No,5.45,5.74,6.06,5.51,5.48,5.58,5.28,6.02,9.93,79.7,3,5,1.0,2,1,99.7,3.0,96.4,37.5,1,Low,1,1,4.0
28154,Male,Kolkata,Tier1,CS,DataScience,Yes,No,9.99,10.0,9.93,10.0,10.0,10.0,9.9,10.0,9.97,68.2,1,1,2.0,2,1,64.1,2.9,56.9,49.4,1,High,1,0,18.37
27706,Male,Mumbai,Tier1,ECE,DataScience,No,No,8.51,8.03,7.9,7.84,7.78,8.11,8.2,8.19,8.23,82.6,1,1,2.0,2,1,52.7,4.5,56.5,48.8,0,High,1,0,18.43
47009,Female,Delhi,Tier1,Mechanical,DataScience,Yes,No,10.0,10.0,10.0,10.0,10.0,10.0,10.0,10.0,10.0,87.0,1,2,2.0,2,2,85.7,3.0,67.3,73.1,1,High,1,0,18.96
37285,Male,Hyderabad,Tier3,CS,Embedded,Yes,No,6.63,6.4,6.57,6.56,5.87,6.56,6.29,6.95,6.4,79.7,1,1,1.0,1,0,81.8,2.4,55.0,52.1,0,Low,0,0,0.0
23679,Male,Ahmedabad,Tier3,CS,AI,Yes,No,4.32,4.0,4.0,4.0,4.0,4.0,4.0,4.0,4.0,51.5,0,1,1.0,1,0,51.5,1.5,23.1,30.3,1,Low,0,0,0.0
1864,Male,Pune,Tier2,CS,AI,No,No,9.82,9.89,9.62,9.83,10.0,9.89,9.67,9.98,9.74,72.7,1,2,2.0,1,0,60.2,3.5,61.7,55.2,1,High,1,0,25.57
39935,Male,Jaipur,Tier3,CS,Embedded,No,No,5.15,5.33,5.72,4.95,4.5,4.27,4.68,4.68,4.88,57.6,0,0,0.0,0,0,54.5,2.6,24.8,35.1,0,Low,0,0,0.0
11038,Male,Hyderabad,Tier1,IT,Embedded,Yes,No,9.62,8.99,9.58,9.54,8.81,9.11,9.19,10.0,9.29,84.0,2,4,2.0,4,1,60.7,4.3,57.0,81.7,1,High,1,0,25.88
33900,Male,Hyderabad,Tier2,Mechanical,Networking,Yes,No,9.87,10.0,9.93,9.86,10.0,10.0,10.0,10.0,10.0,91.2,3,3,3.0,3,2,76.2,3.4,86.1,61.5,1,High,1,0,25.19
4977,Female,Delhi,Tier1,IT,AI,Yes,No,6.93,7.67,7.94,7.38,7.96,7.89,8.05,8.11,7.73,87.2,2,3,3.0,3,1,64.2,4.8,69.5,62.8,1,Mid,1,0,8.88
22310,Male,Bangalore,Tier2,EE,DataScience,Yes,No,5.77,6.16,6.14,6.61,7.01,6.62,6.69,6.77,4.4,54.82447808,0,3,1.0,0,1,35.0,2.6,0.7,51.3,0,Low,1,1,5.32
26377,Male,Hyderabad,Tier2,EE,Embedded,Yes,No,7.16,7.1,6.89,6.82,7.2,6.72,7.2,6.63,6.98,87.9,0,2,2.0,1,1,73.4,2.6,51.1,54.3,0,Mid,0,0,0.0
41377,Male,Kochi,Tier1,Mechanical,Embedded,No,No,8.64,8.49,8.74,8.56,8.42,8.63,9.34,8.53,8.64,97.1,3,4,3.0,3,2,93.6,4.5,85.0,81.5,1,High,1,0,22.86
28504,Female,Kolkata,Tier3,CS,Networking,No,Yes,5.27,5.17,4.88,4.41,4.87,4.8,4.98,5.02,4.87,67.9,0,1,0.0,0,1,58.7,2.3,32.6,32.1,0,Low,0,0,0.0
34233,Female,Pune,Tier2,IT,Networking,Yes,No,7.45,8.12,7.98,7.73,8.21,8.07,7.94,7.66,7.97,93.3,1,2,1.0,2,1,63.7,2.8,70.1,56.0,0,Mid,1,0,8.87
26140,Female,Pune,Tier1,IT,AI,No,No,10.0,9.54,10.0,10.0,10.0,10.0,10.0,10.0,9.8,78.8,1,3,4.0,3,1,89.6,3.7,82.4,70.4,1,High,1,0,25.96
42603,Female,Chennai,Tier3,EE,Embedded,Yes,No,4.89,4.49,4.45,4.28,4.6,4.55,4.32,4.33,4.53,54.1,0,1,1.0,0,0,41.0,2.2,28.0,27.9,0,Low,0,0,0.0
29491,Female,Ahmedabad,Tier3,Mechanical,Embedded,No,Yes,5.61,5.32,5.67,5.63,5.06,5.65,4.93,5.29,5.4,51.4,1,1,1.0,0,0,49.7,1.2,36.0,27.9,0,Low,0,0,0.0
14737,Male,Kolkata,Tier2,Mechanical,DataScience,Yes,No,6.44,6.98,6.99,6.48,6.74,7.1,6.69,7.0,6.75,76.7,2,3,4.0,2,2,81.2,2.1,66.8,90.7,1,Mid,1,0,10.17
3520,Female,Chennai,Tier2,CS,AI,Yes,No,9.33,10.0,10.0,9.19,9.76,9.39,9.86,8.97,9.65,92.3,0,2,2.0,4,2,100.0,4.5,72.9,70.0,1,High,1,0,25.58
29414,Female,Jaipur,Tier3,ECE,AI,No,No,8.2,8.71,8.43,8.85,8.48,7.89,8.61,9.16,8.73,78.5,1,2,2.0,2,0,58.5,3.0,58.1,61.5,1,High,1,0,18.29
45843,Male,Mumbai,Tier2,CS,AI,Yes,Yes,6.56,6.92,6.39,7.08,6.7,6.97,6.89,6.56,6.56,64.8,1,1,0.0,0,0,57.7,1.9,30.0,31.0,0,Mid,0,0,0.0
3886,Female,Mumbai,Tier3,Mechanical,Embedded,Yes,Yes,5.84,5.23,5.91,5.26,5.18,5.59,5.62,5.41,5.74,66.5,0,0,1.0,0,0,37.4,2.3,31.8,25.2,0,Low,0,0,0.0
21825,Male,Bangalore,Tier1,IT,DataScience,No,No,6.44,6.74,6.91,6.82,7.35,6.67,7.31,7.16,6.95,85.8,1,3,4.0,2,2,74.3,4.7,69.3,72.8,1,Mid,1,0,8.36
6057,Female,Kochi,Tier2,ECE,Embedded,Yes,No,5.86,5.82,6.0,5.92,5.9,5.49,6.05,5.45,5.63,82.6,1,1,0.0,3,1,54.0,2.9,45.5,43.5,1,Low,0,0,0.0
22293,Male,Chennai,Tier3,CS,DataScience,No,Yes,7.39,6.82,6.76,7.3,6.94,7.83,7.0,7.57,7.08,76.7,1,1,1.0,2,0,62.5,3.5,61.5,47.2,0,Mid,0,0,0.0
3137,Female,Mumbai,Tier2,CS,DataScience,Yes,No,5.71,5.92,6.14,6.35,6.38,6.32,6.18,6.1,6.07,69.7,2,2,2.0,2,1,52.2,3.3,51.4,54.8,1,Low,1,0,5.94
13098,Male,Chennai,Tier2,CS,Networking,No,No,9.32,8.84,9.83,9.56,9.18,9.24,9.38,9.51,9.11,87.4,2,4,1.0,3,1,94.0,3.6,81.5,69.6,1,High,1,0,25.27
34428,Male,Mumbai,Tier3,EE,Embedded,No,Yes,6.14,7.35,6.65,6.75,6.76,6.16,6.72,6.96,6.64,82.0,0,1,1.0,2,0,74.9,2.8,39.4,59.4,0,Mid,0,0,0.0
44344,Female,Mumbai,Tier1,Mechanical,Networking,No,No,6.68,6.24,6.34,6.53,6.2,6.38,6.86,7.08,6.44,82.5,1,2,1.0,2,0,81.1,2.9,57.0,42.9,1,Low,1,0,4.24
44727,Male,Ahmedabad,Tier2,Civil,DataScience,Yes,Yes,5.95,6.18,5.79,5.97,6.22,5.28,6.16,6.33,5.93,73.9,1,2,1.0,1,0,70.6,3.5,55.9,42.7,1,Low,1,0,5.0
4316,Female,Chennai,Tier2,CS,AI,Yes,No,10.0,9.7,10.0,10.0,9.89,9.78,10.0,10.0,9.82,84.6,2,2,4.0,2,2,88.8,4.9,66.0,70.6,1,High,1,0,25.91
11434,Male,Jaipur,Tier2,ECE,Networking,Yes,No,6.3,6.43,6.54,6.46,6.53,6.79,6.64,6.76,6.57,64.5,1,1,1.0,2,1,81.5,3.2,45.3,50.0,1,Mid,1,0,8.08
47413,Female,Pune,Tier3,CS,AI,No,Yes,4.36,4.62,4.5,4.73,4.08,4.95,4.0,4.28,4.53,61.1,0,0,0.0,0,0,39.7,1.8,30.9,33.1,1,Low,0,0,0.0
17622,Female,Delhi,Tier2,Mechanical,AI,No,No,7.64,7.72,7.92,7.67,8.08,7.86,7.52,8.29,7.86,75.4,1,2,1.0,1,1,64.3,2.5,53.5,57.8,1,Mid,1,0,8.46
13353,Female,Jaipur,Tier3,IT,DataScience,Yes,Yes,6.96,6.46,6.23,6.57,6.22,5.98,6.71,6.7,4.26,52.95014642,0,0,1.0,0,0,30.2,2.5,3.0,25.8,1,Mid,0,1,0.0
25261,Male,Jaipur,Tier2,IT,AI,Yes,No,6.25,6.77,6.77,6.55,6.78,6.23,6.08,6.57,6.35,70.7,1,2,1.0,1,1,59.3,2.9,58.8,51.8,0,Low,0,0,0.0
4806,Female,Mumbai,Tier2,IT,AI,No,No,5.49,5.02,5.14,5.45,5.82,5.45,5.25,5.29,5.27,86.8,0,2,1.0,1,1,78.2,3.3,43.9,45.5,0,Low,0,0,0.0
45637,Female,Kolkata,Tier2,Mechanical,AI,No,No,5.43,6.03,5.74,5.58,5.61,5.82,5.83,5.02,5.62,56.0,0,1,0.0,1,0,41.9,1.1,27.6,26.4,0,Low,0,0,0.0
29469,Male,Bangalore,Tier3,CS,AI,Yes,No,8.44,8.48,8.45,8.76,8.68,8.89,8.44,8.36,8.5,78.5,1,2,1.0,1,0,79.0,3.3,57.6,60.3,0,High,1,0,18.84
30897,Male,Jaipur,Tier2,EE,DataScience,Yes,No,6.18,6.31,5.87,6.19,6.06,5.22,6.53,6.29,6.01,65.1,1,2,2.0,2,1,53.9,2.5,55.1,43.1,1,Low,0,0,0.0
22884,Male,Kochi,Tier2,ECE,AI,Yes,No,5.54,5.67,6.24,6.23,6.16,5.78,5.28,5.58,6.05,50.0,0,1,1.0,1,0,43.8,1.3,24.5,29.5,0,Low,0,0,0.0
42329,Male,Hyderabad,Tier2,Mechanical,DataScience,Yes,No,5.88,6.77,6.51,6.46,6.59,6.69,6.19,6.55,6.3,76.9,0,2,1.0,2,1,73.7,2.6,50.1,46.6,0,Low,0,0,0.0
34797,Male,Chennai,Tier1,CS,DataScience,Yes,No,8.49,8.75,8.81,8.77,8.58,9.4,9.12,8.07,8.88,76.6,2,4,3.0,3,2,98.3,4.0,71.8,77.8,1,High,1,0,22.15
48681,Male,Hyderabad,Tier2,EE,Embedded,Yes,Yes,9.24,9.31,9.89,9.24,9.47,9.44,9.42,9.16,9.4,73.4,1,2,2.0,2,1,63.7,2.5,67.6,58.4,1,High,1,0,18.02
34411,Male,Bangalore,Tier2,IT,AI,Yes,No,5.01,5.88,5.32,5.74,5.7,5.81,5.81,5.37,5.58,64.6,1,2,2.0,1,1,58.1,2.6,53.8,38.2,0,Low,0,0,0.0
30294,Female,Chennai,Tier3,EE,AI,No,Yes,5.16,5.2,4.51,5.22,5.03,4.94,5.58,4.86,4.97,61.4,1,0,1.0,0,0,44.5,2.2,34.5,27.5,1,Low,0,0,0.0
37715,Female,Delhi,Tier2,EE,Networking,Yes,Yes,7.06,7.66,7.48,7.29,7.73,7.55,7.03,7.33,7.2,81.6,2,1,1.0,1,1,64.7,3.5,47.9,56.8,1,Mid,1,0,8.35
26362,Male,Ahmedabad,Tier3,ECE,DataScience,Yes,No,7.06,6.7,7.08,7.11,6.93,7.57,6.81,7.37,6.87,80.6,1,2,2.0,2,0,76.5,3.9,51.3,57.6,0,Mid,1,0,8.2
23393,Male,Kolkata,Tier3,EE,Embedded,Yes,No,7.96,8.12,7.86,7.82,7.39,7.77,7.27,8.04,7.98,76.3,1,1,1.0,2,1,88.4,2.9,58.2,48.2,0,Mid,1,0,10.56
40907,Male,Kolkata,Tier2,CS,Embedded,Yes,No,6.44,6.28,5.91,6.46,6.67,6.01,6.37,6.72,6.64,83.6,0,2,1.0,2,1,65.1,3.6,55.8,60.1,1,Mid,1,0,8.59
36274,Male,Chennai,Tier3,EE,Networking,No,No,5.94,5.47,6.01,5.79,6.16,6.22,6.02,6.12,6.01,69.3,1,2,1.0,2,1,71.4,2.6,40.6,46.4,0,Low,0,0,0.0
22637,Female,Bangalore,Tier3,IT,DataScience,Yes,No,5.58,5.64,5.6,5.11,5.47,5.3,5.62,5.99,5.59,75.5,1,1,1.0,1,1,72.9,3.8,49.7,50.5,0,Low,0,0,0.0
38161,Female,Pune,Tier3,Civil,Networking,Yes,No,7.93,7.27,7.54,7.94,8.05,7.7,7.88,7.12,7.67,59.5,0,0,0.0,1,1,51.0,2.2,27.6,37.2,0,Mid,0,0,0.0
34516,Male,Kochi,Tier3,ECE,Embedded,Yes,No,6.41,7.31,6.63,6.95,6.98,6.4,6.67,7.41,6.62,56.2,0,0,1.0,0,0,50.6,2.4,19.6,16.7,0,Mid,0,0,0.0
342,Female,Hyderabad,Tier3,ECE,Embedded,No,Yes,7.87,7.31,7.94,8.07,8.26,8.08,7.92,7.82,7.81,75.5,1,2,1.0,1,0,63.6,1.8,56.9,50.2,1,Mid,0,0,0.0
22173,Male,Pune,Tier2,CS,DataScience,No,No,8.05,8.12,8.21,7.86,8.09,7.65,8.57,8.37,8.03,84.1,0,3,1.0,4,1,81.4,3.8,84.8,76.7,1,High,1,0,22.05
16236,Male,Kolkata,Tier3,Civil,AI,Yes,No,7.26,7.63,7.88,7.19,7.81,8.12,7.43,7.29,7.64,63.1,1,2,1.0,2,0,73.1,4.1,53.0,54.1,1,Mid,1,0,12.87
34440,Male,Hyderabad,Tier2,CS,AI,Yes,No,4.7,4.89,4.58,4.6,4.45,4.71,5.45,4.08,4.67,62.7,1,3,2.0,2,0,76.6,2.9,51.1,51.5,0,Low,0,0,0.0
9304,Male,Hyderabad,Tier1,ECE,Embedded,No,No,5.93,5.53,6.0,5.51,5.72,5.52,5.72,5.62,5.9,70.3,1,3,2.0,3,1,77.0,3.1,52.8,43.2,1,Low,1,0,4.7
31764,Female,Kochi,Tier3,ECE,Embedded,No,No,5.56,5.56,5.96,5.48,5.51,5.38,5.36,5.33,5.63,50.0,0,1,0.0,1,0,54.9,1.8,29.5,28.9,0,Low,0,0,0.0
15128,Male,Bangalore,Tier3,Mechanical,AI,Yes,No,8.67,8.65,9.28,9.38,9.13,8.74,9.64,9.57,9.02,74.3,1,2,2.0,2,0,64.1,2.8,56.0,49.5,1,High,1,0,18.46
20466,Female,Jaipur,Tier2,ECE,AI,Yes,No,6.84,6.74,7.31,7.21,7.39,7.95,7.66,7.48,7.34,81.1,2,2,4.0,3,1,81.9,3.8,66.0,57.9,0,Mid,1,0,9.89
15179,Male,Kochi,Tier2,EE,DataScience,Yes,No,6.21,6.36,6.7,6.15,6.22,6.73,6.28,6.15,6.4,67.4,1,2,1.0,1,0,64.2,2.8,61.5,47.0,1,Low,1,0,4.5
22270,Male,Bangalore,Tier1,CS,Embedded,No,No,6.17,5.66,6.28,6.07,6.31,6.34,5.84,6.73,6.28,73.9,2,3,3.0,2,2,84.8,5.0,97.4,58.9,1,Low,1,0,5.87
48939,Female,Hyderabad,Tier3,ECE,Networking,No,No,5.1,5.12,5.16,5.09,4.73,4.43,4.94,4.91,4.88,55.0,1,1,1.0,1,0,53.1,1.8,30.5,34.8,0,Low,0,0,0.0
18684,Female,Bangalore,Tier1,CS,DataScience,No,No,8.52,8.39,9.25,8.18,9.13,8.58,8.88,8.34,8.57,88.1,2,3,2.0,2,1,71.2,4.5,68.1,63.2,1,High,1,0,22.18
35536,Female,Mumbai,Tier1,ECE,Networking,No,No,8.88,9.96,9.79,10.0,10.0,9.51,10.0,9.9,10.0,83.3,1,3,2.0,4,2,72.1,4.1,89.2,85.9,1,High,1,0,25.5
13760,Male,Hyderabad,Tier3,EE,Embedded,No,No,8.57,8.78,9.06,8.91,8.24,8.07,8.22,8.82,8.47,81.6,0,1,1.0,2,2,66.4,2.3,52.8,52.7,1,High,1,0,18.2
24494,Male,Mumbai,Tier2,Mechanical,Embedded,No,No,7.56,8.14,8.63,8.02,8.61,8.12,8.57,8.37,8.11,83.2,2,4,3.0,3,1,76.7,3.0,84.4,77.1,1,High,1,0,18.63
33815,Female,Bangalore,Tier3,CS,AI,Yes,No,6.2,5.94,5.58,6.06,6.36,5.83,5.21,6.25,5.88,58.6,1,0,1.0,0,0,39.0,1.4,22.2,32.3,1,Low,0,0,0.0
9829,Male,Kolkata,Tier2,CS,Networking,No,No,8.1,7.87,8.38,8.29,8.24,8.1,8.49,8.68,8.32,72.5,1,2,1.0,2,0,62.1,3.4,63.1,39.3,1,High,1,0,18.81
45298,Male,Delhi,Tier1,Civil,Networking,No,No,7.38,7.57,7.7,7.88,7.58,7.87,8.04,7.85,7.64,90.9,1,4,3.0,3,1,84.2,4.3,79.0,76.3,0,Mid,1,0,8.17
36297,Male,Mumbai,Tier1,ECE,Embedded,No,No,6.36,6.41,6.31,6.56,6.58,6.14,6.81,6.96,6.54,79.3,2,2,3.0,3,2,100.0,4.2,68.0,74.9,1,Mid,1,0,8.4
11430,Male,Delhi,Tier2,EE,DataScience,Yes,No,8.27,8.25,8.31,8.43,8.21,8.26,8.19,8.77,8.27,73.5,2,1,2.0,1,1,59.9,3.5,55.0,51.0,0,High,1,0,18.4
8474,Female,Ahmedabad,Tier2,CS,AI,Yes,No,9.97,9.91,10.0,10.0,10.0,10.0,10.0,10.0,10.0,86.3,2,2,4.0,3,2,71.5,4.3,71.9,77.1,1,High,1,0,25.93
25230,Male,Bangalore,Tier1,EE,Networking,Yes,No,7.61,7.27,7.5,7.48,7.75,7.5,7.24,7.15,7.56,73.0,1,1,1.0,2,0,68.4,2.2,62.0,44.6,0,Mid,1,0,8.74
48134,Female,Kolkata,Tier2,ECE,AI,No,No,7.04,7.76,6.98,7.16,7.22,7.51,7.47,7.63,7.54,87.8,2,3,3.0,3,2,89.7,4.5,77.3,79.2,1,Mid,1,0,8.16
10099,Male,Mumbai,Tier1,ECE,Networking,No,No,8.71,8.82,8.79,8.61,9.07,8.68,9.01,8.97,8.68,96.1,2,2,3.0,3,2,84.4,3.6,73.2,77.9,1,High,1,0,22.28
7469,Male,Chennai,Tier3,CS,DataScience,Yes,No,4.0,4.0,4.0,4.0,4.0,4.01,4.45,4.71,4.21,81.9,1,2,2.0,2,0,54.4,2.8,54.2,54.3,0,Low,0,0,0.0
34030,Female,Delhi,Tier3,ECE,DataScience,No,No,6.11,7.34,6.39,6.84,7.0,6.37,6.69,6.62,6.75,59.8,0,0,1.0,0,0,33.7,1.1,31.0,32.1,0,Mid,0,0,0.0
24561,Male,Chennai,Tier2,Civil,DataScience,No,No,7.69,7.74,8.66,7.96,8.1,8.09,7.99,8.29,7.97,65.8,1,1,3.0,2,1,62.7,3.6,55.6,66.6,0,Mid,1,0,8.22
18111,Male,Chennai,Tier1,CS,Networking,No,Yes,8.01,7.7,7.65,7.31,7.17,7.05,7.24,7.85,7.63,65.7,2,1,2.0,1,1,58.0,3.4,56.2,54.5,1,Mid,1,0,8.42
7457,Female,Kochi,Tier2,Mechanical,Networking,Yes,No,6.53,6.6,7.04,6.55,7.07,7.11,6.7,7.04,6.68,74.1,0,2,1.0,2,1,66.4,3.0,54.0,36.2,1,Mid,1,0,8.83
43406,Male,Delhi,Tier2,ECE,Networking,Yes,No,7.52,7.7,8.57,8.29,7.78,8.18,8.17,7.4,7.89,77.8,2,2,2.0,2,0,78.9,3.0,50.3,56.9,0,Mid,1,0,8.12
13507,Female,Kolkata,Tier2,Civil,DataScience,No,No,7.5,8.33,7.53,7.17,7.69,7.63,7.53,7.75,7.61,79.0,1,2,3.0,0,0,59.1,3.5,45.5,57.0,0,Mid,1,0,8.49
6891,Male,Delhi,Tier1,EE,DataScience,No,No,6.9,6.96,7.07,7.2,7.12,6.95,7.27,6.89,7.12,79.1,1,2,3.0,2,0,63.2,3.9,50.7,43.8,0,Mid,0,0,0.0
39127,Male,Chennai,Tier1,Civil,Networking,No,No,9.27,9.22,9.17,9.79,9.56,9.64,9.65,9.49,9.44,100.0,2,4,4.0,2,2,80.6,3.4,60.3,61.5,0,High,1,0,18.92
6194,Female,Mumbai,Tier3,CS,Embedded,No,No,6.24,6.42,5.9,5.93,6.72,6.0,5.95,6.05,6.21,61.4,1,0,1.0,1,0,46.2,1.8,24.2,30.6,0,Low,0,0,0.0
33181,Male,Bangalore,Tier1,Civil,DataScience,Yes,No,8.96,8.22,8.82,8.87,8.74,9.29,9.21,9.1,8.8,88.1,2,4,2.0,3,2,81.9,2.7,83.7,80.7,0,High,1,0,18.5
4253,Female,Ahmedabad,Tier2,ECE,Networking,Yes,No,9.25,9.14,9.77,9.58,9.83,9.6,9.53,9.84,9.59,79.8,2,3,3.0,3,2,85.8,3.9,76.2,74.1,1,High,1,0,25.32
15954,Female,Bangalore,Tier1,Mechanical,Embedded,Yes,No,4.62,4.81,4.96,4.87,4.98,5.02,5.21,5.85,4.95,95.6,1,2,1.0,3,1,89.6,5.0,75.4,75.3,0,Low,0,0,0.0
30521,Female,Bangalore,Tier2,ECE,Networking,No,No,8.48,8.15,8.12,8.03,8.55,8.56,8.22,8.48,4.49,52.83818856,2,3,3.0,2,0,34.0,4.1,10.0,75.7,1,High,1,1,18.19
22808,Female,Mumbai,Tier1,CS,AI,Yes,No,7.96,7.38,7.43,8.0,8.16,8.18,7.69,8.43,7.65,82.7,1,2,4.0,3,2,92.2,2.8,72.0,84.3,1,Mid,1,0,8.15
24110,Male,Bangalore,Tier1,ECE,Networking,Yes,No,7.49,7.47,7.67,7.36,7.42,7.1,6.88,7.23,7.16,90.4,1,3,2.0,1,1,66.5,3.3,53.9,53.6,0,Mid,1,0,8.08
36561,Male,Pune,Tier1,Civil,Embedded,No,Yes,7.98,7.86,8.0,7.63,8.09,8.07,8.03,7.98,7.83,93.0,2,3,4.0,2,2,87.6,4.2,77.8,86.3,1,Mid,1,0,8.32
31406,Male,Kolkata,Tier2,Civil,Networking,Yes,No,7.61,7.76,7.84,7.37,7.2,8.05,6.95,8.03,7.7,68.4,1,3,2.0,2,0,56.2,3.5,45.4,52.0,1,Mid,0,0,0.0
1955,Male,Mumbai,Tier3,EE,DataScience,Yes,Yes,5.05,4.6,4.05,4.53,4.29,4.27,4.38,4.0,4.46,54.0,0,0,0.0,1,0,54.5,1.9,23.0,28.2,1,Low,0,0,0.0
35072,Female,Ahmedabad,Tier2,CS,Networking,No,No,6.32,5.94,6.06,6.79,5.91,6.45,5.66,6.08,6.22,72.0,1,2,2.0,1,1,71.7,3.3,55.7,46.7,1,Low,1,0,4.84
45791,Female,Hyderabad,Tier1,CS,Networking,Yes,Yes,10.0,10.0,9.53,10.0,10.0,10.0,10.0,10.0,10.0,79.2,2,3,1.0,3,2,74.3,3.1,83.3,76.5,1,High,1,0,25.95
3026,Female,Chennai,Tier3,EE,Networking,No,No,6.68,6.61,6.25,7.25,6.51,6.08,7.11,6.35,6.64,83.9,0,1,1.0,2,1,72.9,3.1,50.2,46.5,1,Mid,0,0,0.0
27392,Female,Pune,Tier3,EE,Embedded,Yes,No,6.44,6.43,5.79,6.71,6.8,6.35,6.42,5.97,6.36,58.4,0,0,0.0,0,0,56.2,1.0,25.6,36.0,0,Low,0,0,0.0
2117,Male,Jaipur,Tier2,IT,AI,Yes,Yes,6.33,7.31,6.95,6.96,5.85,6.3,6.36,6.73,6.57,72.0,1,1,1.0,3,0,69.9,4.1,55.4,50.5,0,Mid,0,0,0.0
44219,Male,Mumbai,Tier3,ECE,Networking,No,No,6.99,7.27,6.8,7.32,7.8,6.48,6.54,7.0,7.06,78.7,1,1,1.0,2,1,70.0,2.7,63.0,45.0,1,Mid,0,0,0.0
18634,Male,Jaipur,Tier2,CS,Networking,No,No,6.73,6.3,6.57,6.5,6.43,6.91,6.17,6.98,6.56,69.1,1,1,2.0,2,1,70.7,2.6,64.8,43.7,0,Mid,0,0,0.0
7921,Male,Hyderabad,Tier2,IT,Embedded,Yes,No,7.72,8.09,7.81,7.6,8.38,7.44,7.85,8.04,7.74,69.9,1,2,1.0,2,0,69.1,4.0,52.2,36.8,1,Mid,1,0,8.7
22168,Female,Jaipur,Tier2,Civil,AI,Yes,No,8.91,8.64,8.97,8.67,8.93,8.6,8.39,8.19,8.85,71.2,1,2,1.0,2,1,65.0,3.0,59.1,44.5,0,High,1,0,18.9
14132,Male,Bangalore,Tier3,CS,AI,No,No,6.23,5.89,5.65,5.97,5.96,6.39,5.95,5.9,5.93,74.3,1,2,1.0,2,1,81.8,4.1,58.0,39.7,0,Low,1,0,3.05
2869,Male,Chennai,Tier2,ECE,DataScience,Yes,No,9.88,10.0,9.88,10.0,10.0,10.0,9.93,10.0,9.95,88.6,1,4,3.0,2,1,82.0,3.9,64.9,73.5,0,High,1,0,18.73
3654,Female,Bangalore,Tier2,IT,Embedded,No,No,9.59,8.8,8.96,8.97,8.82,9.43,9.26,9.03,9.08,98.4,2,3,2.0,4,2,93.6,3.6,82.1,71.1,1,High,1,0,25.44
22372,Male,Pune,Tier3,ECE,Networking,Yes,Yes,5.87,5.19,5.8,5.94,5.79,5.01,5.61,5.48,9.83,50.0,3,5,1.0,0,0,99.3,1.9,96.9,33.9,0,Low,0,1,0.0
26474,Male,Chennai,Tier2,EE,Networking,Yes,No,4.92,4.85,4.36,4.29,4.09,4.46,4.43,4.28,4.39,63.5,1,0,0.0,1,0,53.0,1.7,29.9,28.4,0,Low,0,0,0.0
9737,Male,Delhi,Tier2,IT,AI,Yes,No,7.82,7.21,7.13,7.42,7.52,7.26,7.01,7.62,9.77,70.6,3,5,1.0,1,1,97.3,3.5,99.0,51.1,1,Mid,1,1,8.54
26601,Male,Kochi,Tier3,ECE,DataScience,No,Yes,5.52,5.64,5.53,5.47,5.64,5.06,5.34,5.32,5.37,64.0,1,1,1.0,0,0,44.6,1.5,19.8,29.3,0,Low,0,0,0.0
2970,Female,Mumbai,Tier2,CS,DataScience,Yes,No,6.19,6.32,6.41,6.22,5.79,6.1,6.2,6.31,9.93,66.9,3,5,2.0,2,0,97.6,3.6,97.7,45.2,0,Low,1,1,4.35
13580,Male,Bangalore,Tier1,CS,Networking,Yes,No,5.24,5.15,4.41,4.79,4.7,4.61,5.75,5.07,5.0,74.8,2,2,3.0,2,1,69.9,4.1,55.4,51.8,0,Low,1,0,3.04
23444,Male,Pune,Tier3,ECE,Networking,No,Yes,6.78,6.44,6.85,6.56,6.52,6.35,6.84,6.11,6.59,57.0,0,0,0.0,1,0,58.5,2.4,28.9,33.4,1,Mid,0,0,0.0
145,Male,Ahmedabad,Tier2,ECE,DataScience,No,No,7.73,7.68,8.24,7.43,8.18,7.39,7.88,8.21,7.99,92.1,3,2,3.0,2,1,77.1,4.0,100.0,69.7,0,Mid,1,0,8.81
9878,Female,Jaipur,Tier2,CS,Embedded,No,No,6.3,6.34,6.17,6.13,6.17,6.05,5.99,6.24,6.17,77.1,2,3,1.0,2,0,62.1,3.0,48.2,58.2,1,Low,1,0,5.46
24104,Male,Delhi,Tier2,CS,AI,Yes,No,8.42,8.34,8.08,8.42,8.3,9.18,8.59,8.55,8.45,77.0,0,3,2.0,1,1,68.3,3.4,57.6,58.9,0,High,1,0,18.8
47235,Male,Kolkata,Tier2,IT,AI,Yes,Yes,7.59,7.91,8.14,7.58,7.43,7.69,7.99,8.54,7.96,86.2,0,2,2.0,2,0,70.2,2.2,44.8,51.7,0,Mid,0,0,0.0
4623,Male,Bangalore,Tier2,Civil,AI,Yes,No,6.42,6.51,6.14,6.58,6.48,6.95,6.42,7.02,6.44,68.2,1,3,2.0,2,1,71.1,4.2,83.3,93.9,1,Low,1,0,6.33
28365,Female,Bangalore,Tier1,CS,Networking,Yes,No,9.63,10.0,10.0,10.0,10.0,10.0,10.0,10.0,9.97,89.8,1,4,3.0,3,1,87.7,4.2,75.8,68.6,0,High,1,0,18.91
7144,Female,Hyderabad,Tier1,IT,Networking,No,No,8.46,8.52,8.23,8.65,8.68,9.13,8.01,8.59,8.43,88.4,2,3,3.0,3,1,91.5,3.6,84.8,50.3,1,High,1,0,22.81
17839,Male,Chennai,Tier2,IT,DataScience,Yes,Yes,9.15,8.07,8.68,8.75,8.87,8.96,8.86,8.31,8.67,70.4,0,2,2.0,1,0,67.6,2.8,50.1,44.5,1,High,1,0,18.97
31493,Male,Hyderabad,Tier2,Civil,Networking,No,No,7.41,7.25,7.26,7.1,7.61,7.26,6.85,7.25,7.28,82.9,1,1,1.0,1,1,67.0,2.6,52.1,53.6,0,Mid,1,0,9.48
30169,Male,Jaipur,Tier3,IT,Networking,Yes,No,5.33,5.08,5.21,5.4,5.57,4.72,4.6,5.3,5.07,55.3,0,1,1.0,1,0,57.1,2.2,27.8,30.3,0,Low,0,0,0.0
41841,Male,Kochi,Tier3,Civil,Embedded,Yes,Yes,6.19,6.96,6.3,6.66,6.41,6.52,6.01,6.44,6.37,61.0,0,1,0.0,0,0,43.3,1.7,20.6,31.5,0,Low,0,0,0.0
40085,Female,Jaipur,Tier3,CS,Embedded,Yes,No,5.55,4.99,5.43,5.03,5.59,4.64,5.27,4.83,5.21,65.5,0,1,1.0,0,0,44.4,1.6,27.1,32.4,0,Low,0,0,0.0
23380,Male,Ahmedabad,Tier1,ECE,Embedded,No,No,9.22,9.52,8.98,9.28,9.57,9.84,9.11,9.66,9.41,74.7,2,3,2.0,2,1,51.5,3.5,63.1,60.0,1,High,1,0,25.28
34163,Male,Kochi,Tier2,Mechanical,Embedded,No,No,8.86,8.17,8.18,8.76,8.88,8.39,8.75,8.22,8.67,82.8,1,3,2.0,2,1,72.7,2.7,42.7,57.0,0,High,1,0,18.11
16543,Female,Hyderabad,Tier2,EE,Networking,No,No,6.88,7.34,7.24,7.63,6.67,7.63,7.58,7.42,7.37,73.1,1,2,2.0,1,0,70.5,2.7,60.6,48.8,1,Mid,1,0,8.02
10854,Male,Mumbai,Tier2,IT,AI,No,Yes,8.76,8.56,8.4,9.11,8.62,8.81,9.73,8.8,8.74,69.0,1,2,2.0,2,0,53.5,2.0,67.7,42.9,0,High,1,0,18.14
38960,Female,Hyderabad,Tier3,Mechanical,Embedded,Yes,No,4.5,4.37,4.48,4.14,4.0,4.54,4.21,4.23,4.27,56.9,0,1,0.0,0,0,44.4,2.2,28.1,31.6,0,Low,0,0,0.0
12372,Male,Ahmedabad,Tier3,CS,Embedded,Yes,Yes,6.36,6.61,6.12,6.24,6.49,6.57,6.41,6.42,6.51,62.1,0,2,2.0,2,0,65.0,3.5,63.2,53.6,1,Mid,0,0,0.0
44510,Male,Hyderabad,Tier3,EE,Networking,No,No,6.01,6.11,5.59,5.96,5.61,6.14,5.83,5.58,5.96,72.4,1,2,2.0,2,1,68.5,3.1,54.3,49.4,1,Low,0,0,0.0
12124,Male,Hyderabad,Tier2,ECE,DataScience,Yes,No,4.53,5.04,4.42,4.86,4.0,4.0,4.4,4.3,4.55,52.9,0,1,0.0,1,0,34.4,1.3,28.2,35.0,0,Low,0,0,0.0
17312,Female,Delhi,Tier2,EE,Embedded,Yes,No,7.55,7.03,7.6,7.14,7.14,7.08,7.06,7.42,7.09,65.0,2,2,2.0,1,0,70.7,3.2,51.9,46.9,0,Mid,1,0,10.51
33818,Female,Jaipur,Tier3,ECE,Networking,Yes,No,4.47,4.0,5.1,4.69,4.57,4.82,4.54,4.19,4.5,73.7,1,3,1.0,2,0,81.4,2.4,55.3,43.0,0,Low,0,0,0.0
3618,Male,Hyderabad,Tier2,ECE,AI,No,Yes,6.03,5.39,6.02,5.49,5.81,5.07,5.2,5.73,5.56,63.5,1,0,0.0,0,0,43.8,2.5,22.8,29.8,0,Low,0,0,0.0
1122,Female,Hyderabad,Tier3,CS,AI,Yes,No,6.26,6.56,6.26,5.83,6.45,6.05,6.63,5.8,6.32,56.1,0,0,0.0,0,0,48.9,1.7,32.1,31.9,0,Low,0,0,0.0
31589,Male,Mumbai,Tier2,CS,AI,Yes,No,7.56,7.84,8.09,7.46,7.85,8.68,8.66,8.79,8.12,57.0,1,1,2.0,1,1,60.2,2.5,62.1,54.8,0,High,1,0,18.99
24804,Male,Delhi,Tier2,Civil,Embedded,Yes,Yes,4.55,4.02,4.0,4.09,4.0,4.69,4.5,4.0,4.18,62.1,0,1,0.0,1,0,55.3,1.1,32.2,34.0,0,Low,0,0,0.0
28453,Female,Hyderabad,Tier1,ECE,Embedded,No,No,8.07,7.99,7.36,7.74,7.43,7.82,7.62,7.41,7.56,86.9,1,2,2.0,1,0,69.9,3.5,56.9,44.8,1,Mid,1,0,8.41
32606,Female,Kolkata,Tier3,ECE,Embedded,No,No,8.05,7.97,7.58,8.25,7.71,8.15,8.13,8.03,8.14,81.3,0,2,2.0,2,1,55.0,2.8,53.2,46.4,0,High,1,0,18.82
21749,Female,Hyderabad,Tier2,CS,Networking,Yes,No,8.51,7.79,8.28,8.62,8.44,8.51,8.82,8.49,8.49,100.0,1,3,4.0,3,2,69.4,3.9,75.8,70.6,1,High,1,0,22.19
30479,Female,Hyderabad,Tier2,CS,AI,Yes,No,8.61,9.33,9.27,8.99,8.87,9.41,9.68,9.61,9.1,78.3,2,4,2.0,3,2,90.8,4.0,74.1,74.8,0,High,1,0,18.64
24527,Male,Mumbai,Tier2,Civil,AI,Yes,No,8.88,8.98,8.37,9.21,9.0,9.44,9.35,9.5,9.05,86.1,2,4,3.0,3,2,98.7,3.7,59.7,87.8,0,High,1,0,18.82
48003,Male,Kochi,Tier1,ECE,Networking,No,No,8.5,9.1,9.1,9.36,9.6,10.0,9.29,9.81,9.4,96.8,2,3,3.0,3,1,86.6,5.0,67.4,72.7,1,High,1,0,25.12
41620,Female,Bangalore,Tier3,CS,Networking,Yes,No,6.29,6.18,6.29,6.29,6.22,6.25,6.14,6.27,6.17,71.6,1,2,1.0,2,1,79.7,2.3,62.1,53.4,1,Low,1,0,5.6
20331,Male,Ahmedabad,Tier2,Civil,Embedded,Yes,No,8.6,8.3,8.64,8.9,8.39,8.09,8.38,8.44,8.54,96.8,1,2,3.0,2,2,74.4,3.9,85.8,58.9,1,High,1,0,22.29
27652,Male,Jaipur,Tier1,CS,AI,Yes,No,8.8,8.47,9.15,9.27,8.82,9.2,8.34,8.68,8.87,82.4,2,5,2.0,2,1,87.1,4.8,79.6,67.2,0,High,1,0,18.37
16034,Male,Bangalore,Tier2,Mechanical,Embedded,Yes,Yes,7.15,7.02,7.07,6.81,6.92,7.5,7.78,7.49,7.35,81.2,1,2,2.0,1,1,56.6,3.5,62.0,49.1,1,Mid,0,0,0.0
43868,Female,Hyderabad,Tier2,CS,Networking,No,Yes,8.38,8.67,8.47,8.64,9.25,8.8,9.22,8.71,8.72,100.0,2,4,4.0,4,3,77.6,3.9,80.2,69.9,1,High,1,0,22.3
7880,Male,Bangalore,Tier2,ECE,Embedded,Yes,No,6.14,6.46,6.09,6.2,6.1,6.44,6.86,6.25,6.29,100.0,1,4,3.0,4,1,71.1,4.3,79.9,63.6,1,Low,1,0,6.09
12688,Female,Chennai,Tier2,Mechanical,Embedded,No,No,8.15,8.17,8.61,8.59,8.07,8.38,8.25,8.05,9.72,95.3,3,5,4.0,3,1,99.0,4.4,99.9,68.2,1,High,1,1,25.12
17833,Male,Ahmedabad,Tier1,ECE,Networking,No,No,9.52,10.0,10.0,10.0,10.0,10.0,10.0,10.0,10.0,92.2,1,3,3.0,3,2,79.4,3.9,62.6,67.7,1,High,1,0,25.11
32611,Female,Kolkata,Tier1,ECE,Embedded,Yes,No,5.9,6.56,6.19,6.16,6.66,6.91,6.41,6.97,6.5,99.7,2,3,3.0,2,1,90.5,3.3,85.6,61.9,1,Low,1,0,5.67
45418,Female,Hyderabad,Tier2,ECE,AI,No,No,6.71,6.5,6.8,6.42,6.33,6.33,6.55,6.32,6.48,80.7,0,2,2.0,1,0,68.0,2.4,69.3,51.2,1,Low,0,0,0.0
4036,Male,Hyderabad,Tier2,Civil,Embedded,Yes,No,4.57,4.76,4.68,4.83,4.0,4.15,4.47,4.0,4.53,64.9,0,0,1.0,0,0,42.1,1.5,27.6,26.9,0,Low,0,0,0.0
19013,Male,Hyderabad,Tier3,ECE,AI,Yes,Yes,7.79,8.06,8.25,7.63,7.62,8.5,8.33,8.15,7.94,73.0,0,1,2.0,1,1,60.4,2.0,56.6,55.7,0,Mid,0,0,0.0
400,Female,Chennai,Tier1,Civil,DataScience,Yes,No,8.09,8.24,8.21,7.97,8.27,7.71,8.03,8.11,8.2,71.2,1,3,1.0,2,1,78.8,3.3,39.1,46.0,0,High,1,0,18.62
28161,Male,Chennai,Tier2,CS,DataScience,Yes,No,9.34,8.94,8.98,8.77,9.3,9.09,9.51,9.11,9.1,63.3,1,2,1.0,2,0,66.7,4.1,47.3,48.4,1,High,1,0,18.16
17437,Female,Delhi,Tier2,CS,AI,Yes,No,7.93,8.4,8.0,7.74,8.0,7.96,8.13,8.11,8.11,82.9,1,2,1.0,1,0,72.8,3.6,52.7,55.6,1,High,1,0,22.02
22495,Male,Kochi,Tier1,CS,Embedded,No,No,6.26,6.63,6.6,6.45,6.69,7.17,6.26,7.33,6.95,79.6,1,2,2.0,2,1,74.3,2.9,74.9,52.2,1,Mid,1,0,8.75
20051,Female,Delhi,Tier2,CS,AI,Yes,Yes,7.62,7.39,7.74,7.57,7.43,7.6,7.89,7.96,7.87,93.6,2,3,2.0,3,0,84.8,4.2,77.7,77.4,0,Mid,1,0,8.22
40023,Male,Pune,Tier2,EE,Networking,No,No,7.04,7.1,7.46,7.28,7.01,7.11,7.43,7.37,7.36,61.6,2,1,2.0,2,1,71.3,2.9,52.3,50.4,1,Mid,1,0,10.71
12760,Female,Hyderabad,Tier2,ECE,Networking,Yes,No,6.01,5.89,5.86,5.22,5.9,5.9,6.45,6.13,6.04,89.9,2,3,2.0,3,1,82.1,4.6,62.9,74.3,1,Low,1,0,6.03
6468,Female,Jaipur,Tier1,CS,Networking,Yes,No,7.34,7.26,7.51,7.45,7.2,7.66,7.6,7.26,7.44,84.9,2,4,3.0,4,1,73.8,5.0,90.2,85.6,1,Mid,1,0,8.18
32238,Female,Pune,Tier1,ECE,Embedded,Yes,No,7.56,8.6,7.24,7.77,8.67,7.94,8.67,8.08,8.06,87.3,1,4,2.0,3,2,63.8,4.0,66.6,96.0,1,High,1,0,22.66
1373,Male,Jaipur,Tier3,Mechanical,AI,Yes,Yes,5.85,5.92,5.52,5.82,5.5,5.22,5.79,5.72,5.57,66.0,0,0,0.0,1,0,52.0,2.9,24.3,30.6,0,Low,0,0,0.0
38359,Male,Jaipur,Tier1,ECE,AI,Yes,No,8.19,8.32,8.83,9.0,8.59,9.06,9.16,9.1,8.73,99.1,3,4,3.0,4,2,80.9,3.3,79.0,73.4,1,High,1,0,22.6
35818,Male,Delhi,Tier3,CS,AI,Yes,No,4.85,4.65,4.98,4.0,4.4,4.56,4.59,4.47,4.54,56.9,0,1,1.0,0,1,49.1,2.6,23.1,31.6,0,Low,0,0,0.0
10116,Male,Delhi,Tier1,Mechanical,Networking,No,No,10.0,10.0,10.0,10.0,9.88,9.79,10.0,10.0,10.0,69.2,2,3,4.0,4,1,83.7,5.0,79.8,57.8,0,High,1,0,18.07
8319,Female,Mumbai,Tier3,CS,Networking,Yes,No,7.06,6.71,7.06,6.78,6.85,6.57,6.72,6.86,4.22,52.56633686,0,1,1.0,0,0,35.7,2.6,2.8,37.7,0,Mid,0,1,0.0
26073,Female,Hyderabad,Tier2,ECE,Networking,No,No,9.61,9.67,8.96,9.25,9.64,9.62,10.0,9.34,9.64,88.8,1,3,1.0,4,2,77.5,3.7,65.9,80.1,1,High,1,0,25.08
9626,Male,Hyderabad,Tier2,Civil,DataScience,Yes,No,4.55,4.55,5.27,5.24,5.05,4.3,4.85,5.01,4.79,91.1,1,2,2.0,2,1,87.8,3.9,79.9,63.8,1,Low,1,0,6.34
20886,Male,Bangalore,Tier2,EE,Networking,Yes,No,7.57,7.47,7.56,7.1,7.88,7.3,7.65,7.94,7.46,100.0,1,2,3.0,3,2,81.9,4.8,75.3,67.1,1,Mid,1,0,8.06
6905,Female,Ahmedabad,Tier2,CS,AI,No,No,6.28,6.39,6.82,6.65,6.63,6.97,6.86,6.54,6.67,76.5,2,3,3.0,2,2,90.5,3.6,91.0,77.8,1,Mid,1,0,8.08
6479,Male,Kolkata,Tier3,ECE,AI,No,No,5.43,6.25,5.79,5.56,5.95,5.48,6.19,5.68,5.89,74.8,1,2,1.0,2,1,65.4,2.7,43.3,47.3,1,Low,0,0,0.0
33658,Male,Hyderabad,Tier2,CS,Networking,No,No,6.69,6.23,7.09,6.68,7.06,7.26,6.86,6.45,6.67,82.9,1,2,2.0,1,1,66.0,3.1,54.5,57.0,0,Mid,1,0,12.44
35547,Male,Kolkata,Tier3,Mechanical,Networking,No,No,5.61,6.13,5.66,6.32,5.9,5.48,5.16,5.47,5.69,68.8,0,0,0.0,0,0,42.4,1.9,22.2,27.8,0,Low,0,0,0.0
24448,Male,Pune,Tier1,Mechanical,Embedded,Yes,No,9.36,10.0,9.59,9.72,9.48,9.49,9.37,9.98,9.59,88.2,2,3,2.0,3,1,79.8,3.2,71.5,87.8,1,High,1,0,25.44
30246,Female,Bangalore,Tier3,IT,DataScience,No,No,6.21,6.3,5.81,5.67,5.74,5.72,4.93,5.47,5.76,52.5,0,1,0.0,0,0,50.2,1.2,28.7,25.5,0,Low,0,0,0.0
22558,Male,Pune,Tier2,CS,Networking,Yes,No,6.98,6.27,7.18,6.87,6.77,6.98,6.81,6.76,6.75,80.8,1,2,1.0,2,1,73.2,2.2,46.4,60.0,1,Mid,1,0,8.01
25981,Male,Delhi,Tier1,Mechanical,Embedded,Yes,No,6.54,7.06,7.15,6.59,7.47,6.6,7.2,5.98,6.82,68.9,0,2,2.0,2,0,65.8,3.1,46.1,55.9,0,Mid,1,0,8.73
5865,Male,Pune,Tier2,Mechanical,Embedded,Yes,No,8.86,9.32,8.78,9.19,9.07,9.8,9.34,8.94,8.99,73.2,1,2,3.0,2,1,68.7,3.2,54.1,57.6,1,High,1,0,22.54
6530,Male,Delhi,Tier3,ECE,Embedded,Yes,Yes,6.68,6.79,6.11,6.98,6.38,6.71,6.4,5.87,6.51,63.7,1,1,1.0,1,0,49.6,2.7,30.1,32.3,0,Mid,0,0,0.0
28213,Male,Chennai,Tier1,CS,AI,No,No,7.19,6.97,7.95,8.04,7.94,7.31,7.79,7.66,7.45,96.3,2,4,3.0,3,2,79.8,4.2,70.7,92.0,1,Mid,1,0,8.28
7361,Male,Mumbai,Tier2,ECE,Embedded,No,No,7.03,7.16,7.3,6.95,7.31,7.09,6.92,7.23,6.89,78.2,1,2,1.0,2,1,75.4,2.1,50.3,49.2,0,Mid,1,0,8.25
38903,Male,Mumbai,Tier1,IT,Embedded,Yes,No,7.13,6.75,6.92,6.71,7.03,6.75,8.17,6.49,6.66,67.4,1,2,2.0,2,1,58.7,3.3,57.5,55.5,0,Mid,1,0,8.82
10454,Female,Hyderabad,Tier3,ECE,Embedded,No,No,4.1,5.58,4.57,4.87,4.28,4.51,4.26,4.0,4.45,60.7,0,0,0.0,1,0,46.8,1.6,25.0,23.3,0,Low,0,0,0.0
18378,Male,Mumbai,Tier1,Mechanical,Embedded,No,No,5.89,5.63,5.28,6.07,6.21,5.63,5.91,5.94,5.72,95.4,1,2,2.0,1,1,64.8,3.5,48.2,54.2,0,Low,0,0,0.0
43336,Female,Kochi,Tier3,ECE,AI,No,No,7.54,8.0,8.05,7.51,7.79,7.82,7.79,7.85,7.82,77.9,1,3,2.0,2,0,69.6,2.9,52.6,52.7,1,Mid,1,0,8.3
2532,Female,Hyderabad,Tier2,ECE,Embedded,Yes,Yes,5.39,5.11,5.07,5.49,5.65,4.74,5.64,5.06,5.23,65.2,0,0,1.0,0,0,47.9,1.4,30.3,22.5,0,Low,0,0,0.0
7845,Male,Delhi,Tier3,EE,AI,Yes,No,6.73,7.13,7.13,7.03,6.56,7.25,6.39,6.56,6.78,60.0,0,0,0.0,0,1,47.1,1.4,23.2,36.0,0,Mid,0,0,0.0
26048,Female,Delhi,Tier1,Civil,AI,No,No,7.59,8.04,7.31,7.68,7.79,7.85,7.52,8.01,7.73,73.3,0,1,2.0,2,1,68.4,1.6,42.6,50.2,0,Mid,0,0,0.0
12703,Female,Mumbai,Tier2,CS,DataScience,Yes,No,4.74,4.76,4.65,4.4,5.75,5.24,4.89,5.46,4.94,75.1,0,2,2.0,2,0,85.6,3.2,50.9,49.0,1,Low,0,0,0.0
5752,Female,Chennai,Tier2,CS,AI,No,No,4.52,4.78,5.48,5.28,4.45,4.79,4.67,4.43,4.8,70.9,1,1,2.0,1,1,62.0,4.4,44.1,58.1,1,Low,0,0,0.0
34356,Male,Hyderabad,Tier2,ECE,Networking,Yes,No,5.65,5.99,6.02,6.48,5.72,5.97,6.06,6.32,5.88,56.6,0,1,1.0,2,1,62.8,3.1,66.3,54.5,0,Low,0,0,0.0
30770,Male,Delhi,Tier1,Mechanical,DataScience,Yes,No,6.6,6.8,5.99,5.69,6.47,6.61,6.75,6.4,6.3,69.8,1,1,2.0,2,0,65.3,3.6,70.1,53.8,0,Low,1,0,3.87
36493,Female,Mumbai,Tier2,IT,AI,Yes,No,4.0,4.04,4.0,4.0,4.1,4.0,4.0,4.0,4.04,63.8,0,0,0.0,0,0,58.0,2.2,28.5,30.5,0,Low,0,0,0.0
25058,Male,Kolkata,Tier2,CS,Embedded,No,No,7.96,7.67,8.05,7.94,8.15,8.39,8.42,8.67,8.2,93.9,1,4,2.0,5,2,95.1,3.5,65.5,75.9,0,High,1,0,18.67
15822,Male,Chennai,Tier3,IT,Embedded,No,No,5.78,5.52,5.39,5.22,5.28,5.16,5.05,5.03,5.36,51.9,0,1,1.0,0,0,40.5,1.6,28.8,35.0,0,Low,0,0,0.0
28284,Female,Bangalore,Tier2,EE,Embedded,No,No,6.75,5.97,6.0,6.6,6.57,6.64,6.52,6.88,6.45,77.4,0,3,1.0,2,0,62.8,3.0,67.1,58.7,0,Low,1,0,3.46
13651,Male,Pune,Tier2,EE,Embedded,Yes,No,7.76,7.79,7.92,8.23,8.13,8.4,8.21,8.22,8.1,73.1,1,1,1.0,1,0,54.2,2.5,65.0,45.2,0,High,1,0,18.9
40571,Male,Hyderabad,Tier2,ECE,Networking,No,No,7.07,6.94,6.77,6.67,7.1,6.83,6.73,7.17,6.91,79.8,1,4,3.0,4,2,79.0,3.8,55.8,58.7,1,Mid,1,0,8.51
17173,Female,Hyderabad,Tier1,IT,AI,Yes,No,9.46,8.98,9.78,9.54,9.55,9.13,9.78,9.14,9.44,86.0,2,2,3.0,4,2,79.3,4.5,65.1,52.5,1,High,1,0,25.59
35461,Male,Ahmedabad,Tier1,CS,Networking,Yes,No,7.61,8.12,7.58,7.54,7.8,7.82,8.26,8.19,7.79,93.6,0,5,4.0,4,1,85.6,4.0,81.9,86.0,1,Mid,1,0,8.78
34060,Female,Kochi,Tier2,ECE,Embedded,No,No,7.52,7.14,7.44,7.07,7.76,7.95,7.71,6.93,7.27,82.7,1,1,1.0,2,1,70.1,2.8,50.6,54.8,0,Mid,0,0,0.0
35236,Female,Mumbai,Tier3,ECE,AI,No,No,8.49,8.9,9.04,8.75,9.02,8.43,8.54,8.61,8.77,83.3,1,2,1.0,1,1,61.7,3.7,59.7,48.6,0,High,1,0,18.77
26634,Male,Bangalore,Tier2,Civil,Embedded,Yes,No,4.82,4.52,4.79,5.38,4.87,5.26,4.74,4.58,4.79,76.9,1,2,2.0,1,0,75.7,2.9,57.7,58.1,1,Low,1,0,5.6
24471,Male,Hyderabad,Tier3,IT,AI,Yes,No,6.41,6.46,6.21,6.08,5.72,6.82,7.17,6.36,6.32,71.6,0,2,1.0,1,0,71.7,4.2,64.4,61.5,0,Low,1,0,3.11
18955,Male,Delhi,Tier1,EE,Embedded,No,No,7.47,7.63,7.74,8.25,7.59,7.69,8.16,8.11,7.78,100.0,1,4,2.0,1,1,83.4,2.8,79.6,85.9,1,Mid,1,0,8.23
37194,Male,Bangalore,Tier2,Mechanical,AI,No,No,5.18,5.35,5.49,5.05,5.47,5.84,5.33,5.19,5.33,73.1,1,2,2.0,2,1,59.0,2.8,67.7,51.8,1,Low,0,0,0.0
20719,Female,Hyderabad,Tier3,Mechanical,Embedded,Yes,No,6.0,6.56,6.31,5.99,6.22,5.85,5.46,5.13,5.87,60.4,0,0,0.0,1,0,50.8,1.5,31.1,23.5,1,Low,0,0,0.0
37401,Female,Mumbai,Tier2,Mechanical,Networking,Yes,No,9.15,8.63,8.23,9.88,8.91,9.04,9.46,9.2,9.12,89.0,2,2,3.0,4,2,84.2,4.9,81.7,69.5,1,High,1,0,25.82
3264,Male,Jaipur,Tier2,IT,AI,No,No,9.97,9.92,9.93,10.0,9.57,10.0,10.0,10.0,9.91,74.2,2,3,3.0,3,2,74.9,2.8,80.6,60.9,1,High,1,0,18.98
46180,Male,Bangalore,Tier3,IT,Networking,No,Yes,6.17,6.09,5.74,6.06,5.17,5.73,6.14,5.26,5.93,54.3,1,1,0.0,0,0,43.1,1.3,29.6,30.1,1,Low,0,0,0.0
31126,Male,Hyderabad,Tier2,IT,AI,Yes,No,4.92,4.95,4.97,4.86,5.0,4.78,4.94,5.31,5.03,76.3,1,2,3.0,1,1,61.7,2.5,55.8,53.8,1,Low,0,0,0.0
42233,Male,Jaipur,Tier1,ECE,Networking,Yes,No,8.94,8.96,9.5,9.31,9.54,9.18,9.59,9.62,9.34,88.1,2,4,3.0,2,2,87.6,4.1,88.9,80.7,1,High,1,0,25.3
7025,Male,Kochi,Tier3,ECE,AI,Yes,No,7.31,7.55,7.78,7.41,7.1,7.39,7.61,7.51,7.41,69.4,1,2,2.0,1,0,68.9,3.2,60.9,51.1,0,Mid,1,0,8.35
17499,Female,Mumbai,Tier2,Mechanical,DataScience,Yes,No,6.54,6.33,6.12,6.3,6.15,6.57,6.41,5.99,6.29,84.7,1,2,1.0,2,1,64.0,3.5,58.1,48.7,1,Low,0,0,0.0
29713,Female,Kolkata,Tier2,IT,AI,No,No,8.37,8.1,8.23,8.02,8.17,8.77,7.97,7.94,8.24,59.3,0,1,0.0,0,0,52.4,2.8,29.2,29.2,1,High,0,0,18.54
32788,Female,Hyderabad,Tier1,Mechanical,Embedded,No,No,9.23,8.59,8.96,9.37,8.39,9.36,9.07,9.96,8.96,81.8,2,3,4.0,4,2,89.4,4.4,70.9,86.9,1,High,1,0,22.71
2477,Female,Ahmedabad,Tier2,Civil,Embedded,No,No,9.48,9.33,9.43,10.0,10.0,10.0,10.0,9.9,9.86,87.4,2,2,3.0,3,2,84.7,4.5,67.4,72.8,1,High,1,0,25.64
11349,Male,Pune,Tier2,ECE,Embedded,No,No,8.53,8.64,8.83,8.01,8.74,8.86,9.09,9.07,8.79,73.1,2,4,4.0,3,1,66.7,4.3,70.7,57.4,1,High,1,0,22.91
29035,Male,Chennai,Tier2,CS,DataScience,Yes,No,4.76,4.44,4.8,4.31,4.6,4.59,4.76,4.78,4.6,76.0,1,2,2.0,1,0,56.0,3.4,61.0,53.7,1,Low,0,0,0.0
1912,Female,Jaipur,Tier3,EE,Embedded,No,No,4.0,4.23,4.37,4.0,4.0,4.02,4.0,4.0,4.15,65.3,0,0,0.0,1,0,53.3,1.5,26.1,28.6,0,Low,0,0,0.0
36500,Male,Pune,Tier3,EE,Networking,No,Yes,5.96,5.99,5.96,5.79,6.7,5.75,5.96,6.21,5.97,60.4,0,1,0.0,0,0,47.7,1.4,30.5,33.9,1,Low,0,0,0.0
49531,Male,Hyderabad,Tier2,CS,Networking,Yes,No,8.78,9.21,8.4,8.55,8.85,8.99,9.22,8.96,8.94,70.6,1,1,1.0,3,0,63.7,2.1,49.1,61.9,0,High,1,0,18.02
27312,Female,Bangalore,Tier2,CS,AI,Yes,No,7.25,6.94,7.68,7.26,7.42,7.23,7.61,7.88,7.39,81.8,2,3,3.0,3,1,97.9,3.9,62.2,77.2,1,Mid,1,0,8.27
14599,Female,Mumbai,Tier2,ECE,AI,No,No,5.71,5.93,6.24,6.36,6.17,6.21,5.88,6.08,5.92,78.9,1,2,1.0,2,1,67.7,1.9,54.0,57.4,0,Low,1,0,3.94
12075,Female,Bangalore,Tier1,CS,Embedded,Yes,No,6.66,6.81,7.17,6.67,7.07,6.68,6.34,6.84,6.75,73.3,1,2,3.0,1,0,71.1,3.4,51.4,45.6,1,Mid,1,0,9.35
41321,Male,Delhi,Tier2,CS,Networking,Yes,No,7.89,7.65,8.11,8.07,7.51,7.79,8.04,8.44,8.01,67.4,2,2,2.0,2,0,54.1,2.7,65.6,55.5,1,High,1,0,18.78
2099,Male,Mumbai,Tier2,Civil,Networking,No,No,5.61,6.02,5.6,6.02,6.23,6.01,5.67,6.03,5.93,64.5,1,1,2.0,2,1,79.1,3.5,55.2,47.4,0,Low,0,0,0.0
19534,Male,Ahmedabad,Tier3,ECE,Networking,Yes,Yes,7.09,6.99,7.19,7.4,6.81,6.87,6.18,6.46,7.06,63.8,0,1,0.0,1,0,49.5,1.3,30.0,31.9,1,Mid,0,0,0.0
1986,Male,Hyderabad,Tier1,CS,Networking,Yes,No,9.48,9.27,9.78,9.24,9.78,9.78,9.49,9.2,9.48,89.8,3,5,3.0,2,2,74.2,3.9,84.9,69.4,0,High,1,0,18.5
26012,Female,Kochi,Tier3,ECE,Embedded,Yes,No,5.1,4.69,5.08,4.3,4.56,4.0,4.27,5.28,4.75,62.6,1,1,0.0,1,0,48.9,1.7,27.6,28.1,1,Low,0,0,0.0
3336,Female,Kochi,Tier2,ECE,Networking,Yes,Yes,7.89,8.28,7.74,7.75,7.49,7.71,7.64,8.21,7.87,70.3,1,3,1.0,2,0,65.4,2.7,60.3,50.9,1,Mid,1,0,8.67
26621,Female,Hyderabad,Tier2,Mechanical,Embedded,Yes,No,5.7,4.97,4.98,4.83,4.21,5.28,5.25,4.69,5.08,53.6,1,0,0.0,0,0,49.1,1.6,31.6,31.9,0,Low,0,0,0.0
11745,Male,Hyderabad,Tier3,IT,AI,No,No,4.77,5.08,4.81,4.67,4.8,5.06,4.68,4.73,4.84,57.4,0,0,0.0,1,1,49.5,1.9,17.2,20.5,0,Low,0,0,0.0
18477,Male,Jaipur,Tier2,Mechanical,Embedded,No,Yes,7.12,7.54,8.14,7.4,7.7,7.49,7.96,7.72,7.46,81.7,0,2,2.0,2,0,60.6,3.1,51.1,52.9,0,Mid,0,0,0.0
47612,Male,Mumbai,Tier3,CS,AI,Yes,Yes,4.0,4.0,4.0,4.0,4.27,4.0,4.0,4.0,4.13,54.4,0,1,1.0,0,0,36.6,2.4,25.7,31.8,0,Low,0,0,0.0
25537,Male,Hyderabad,Tier3,CS,DataScience,Yes,No,6.49,6.13,6.83,6.51,7.06,6.4,6.27,6.08,6.39,68.2,1,2,1.0,3,0,61.0,3.3,42.8,51.4,1,Low,0,0,0.0
20865,Male,Hyderabad,Tier2,ECE,Embedded,Yes,No,9.37,9.29,9.22,8.85,9.11,9.48,9.35,10.0,9.35,90.1,2,3,3.0,4,2,84.1,3.6,71.8,58.8,1,High,1,0,25.01
43447,Male,Kolkata,Tier1,CS,AI,No,No,7.8,8.3,8.13,8.22,8.3,8.13,7.9,7.86,8.12,89.0,2,3,3.0,3,1,70.1,3.4,77.4,79.9,1,High,1,0,22.21
8007,Female,Bangalore,Tier2,EE,Networking,Yes,No,7.07,6.6,6.95,7.18,7.21,7.27,6.95,6.97,6.9,63.9,1,1,1.0,2,1,68.8,2.9,54.6,51.7,0,Mid,1,0,8.33
29077,Male,Hyderabad,Tier1,ECE,Embedded,No,No,8.99,8.6,9.49,8.72,8.93,8.8,9.17,9.15,8.89,98.7,1,3,2.0,2,1,81.1,4.1,66.8,82.2,1,High,1,0,22.03
43721,Male,Hyderabad,Tier2,CS,Embedded,Yes,No,8.79,8.36,8.04,8.65,8.38,8.2,8.54,8.46,8.6,64.3,1,1,1.0,2,1,64.4,2.5,62.0,68.5,1,High,1,0,18.27
28194,Male,Mumbai,Tier1,ECE,Networking,Yes,No,8.43,8.63,8.66,8.77,8.47,8.57,9.02,8.97,8.67,87.9,2,4,4.0,3,1,84.6,3.9,59.5,75.4,1,High,1,0,22.87
21513,Male,Ahmedabad,Tier1,Civil,DataScience,Yes,No,7.49,6.82,6.99,6.96,7.05,7.41,6.63,6.77,7.05,86.1,1,3,2.0,3,1,60.7,5.0,82.3,71.9,1,Mid,1,0,8.19
21025,Male,Chennai,Tier3,CS,DataScience,No,No,5.98,5.29,4.59,5.66,4.67,4.77,5.32,5.27,5.14,62.7,0,1,1.0,1,0,46.6,2.4,25.2,31.7,0,Low,0,0,0.0
15295,Male,Hyderabad,Tier2,Mechanical,AI,Yes,No,8.32,8.14,8.28,8.28,8.07,8.17,7.77,8.44,8.24,97.4,2,4,3.0,3,1,77.5,3.8,63.8,72.7,0,High,1,0,18.71
31719,Male,Chennai,Tier1,CS,AI,Yes,No,9.95,10.0,9.54,10.0,10.0,9.7,10.0,10.0,10.0,100.0,2,2,3.0,3,1,87.2,3.5,79.7,77.0,1,High,1,0,25.06
42116,Male,Bangalore,Tier2,CS,Embedded,Yes,No,10.0,9.84,10.0,10.0,10.0,10.0,9.75,10.0,9.75,81.6,2,3,3.0,2,1,100.0,4.4,74.9,62.3,0,High,1,0,18.99
43152,Male,Hyderabad,Tier1,ECE,Embedded,No,No,8.4,9.2,8.67,8.54,8.78,9.1,8.29,9.27,8.9,100.0,3,4,3.0,3,2,88.6,4.6,86.2,71.1,1,High,1,0,22.43
34445,Male,Delhi,Tier2,IT,Networking,Yes,No,6.72,6.58,6.28,6.89,6.56,6.46,6.42,6.15,6.5,72.2,0,2,1.0,2,1,52.5,3.2,60.8,47.5,0,Low,0,0,0.0
14110,Female,Pune,Tier1,EE,DataScience,No,No,9.2,9.37,9.5,9.66,9.75,9.52,9.14,10.0,9.49,91.9,3,3,4.0,2,2,71.4,4.7,74.0,68.7,1,High,1,0,25.81
23315,Female,Kolkata,Tier1,CS,AI,Yes,No,9.79,9.79,9.62,9.74,10.0,10.0,10.0,9.77,9.91,93.7,1,4,4.0,4,2,94.5,4.7,88.0,75.3,0,High,1,0,18.89
20414,Male,Mumbai,Tier2,Mechanical,AI,No,No,6.81,6.89,6.73,7.15,6.56,7.12,6.59,6.57,6.89,58.8,1,2,1.0,1,1,58.7,2.7,60.8,61.5,0,Mid,0,0,0.0
22459,Male,Mumbai,Tier2,IT,Embedded,No,No,5.62,5.95,6.01,5.51,5.87,5.72,6.38,5.59,5.65,68.8,1,2,1.0,2,1,68.5,4.0,47.1,52.0,0,Low,0,0,0.0
5677,Male,Hyderabad,Tier2,CS,AI,No,No,7.54,7.48,7.45,7.96,7.29,7.36,7.49,7.85,7.36,70.8,1,2,2.0,2,0,66.2,2.5,55.2,43.4,0,Mid,1,0,8.13
43367,Male,Bangalore,Tier3,IT,DataScience,No,Yes,5.66,5.51,5.57,4.82,5.05,5.2,5.12,4.54,5.26,72.1,0,1,0.0,0,0,51.0,2.3,33.0,26.4,1,Low,0,0,0.0
610,Male,Kochi,Tier3,IT,DataScience,No,No,6.21,5.86,6.87,6.32,6.24,6.35,6.7,6.59,6.29,64.4,1,2,2.0,1,1,68.1,2.8,54.8,51.2,1,Low,0,0,0.0
30921,Male,Bangalore,Tier1,Mechanical,Embedded,Yes,No,5.5,5.83,5.78,5.73,5.86,5.92,6.29,5.91,5.92,84.7,1,2,3.0,2,1,57.7,2.6,54.0,47.5,1,Low,0,0,0.0
44289,Male,Delhi,Tier3,Mechanical,Embedded,Yes,Yes,4.0,4.13,4.21,4.0,4.18,4.05,4.0,4.0,4.15,67.4,0,0,0.0,0,0,34.5,2.5,31.7,33.0,0,Low,0,0,0.0
48465,Female,Pune,Tier2,ECE,AI,Yes,No,7.88,7.04,7.15,7.25,7.86,7.31,7.69,7.1,7.4,93.6,2,3,2.0,3,1,78.9,4.6,77.7,77.3,1,Mid,1,0,8.06
9290,Male,Bangalore,Tier2,Mechanical,AI,No,No,8.89,9.16,9.06,8.37,8.56,9.52,8.39,8.79,8.95,80.7,1,3,2.0,3,1,79.3,3.5,79.1,78.6,1,High,1,0,22.29
22296,Female,Chennai,Tier2,Mechanical,AI,No,No,8.96,8.82,8.47,8.31,8.81,8.76,8.98,8.73,8.66,82.7,2,3,3.0,2,1,76.9,4.3,76.8,84.5,1,High,1,0,22.24
22052,Male,Ahmedabad,Tier2,ECE,Embedded,No,No,7.41,7.18,7.22,7.04,6.97,7.67,7.41,7.36,7.47,89.1,3,4,3.0,2,2,90.0,3.2,71.2,71.2,1,Mid,1,0,8.15
44452,Male,Pune,Tier3,EE,DataScience,No,No,8.64,9.36,9.38,8.49,9.13,9.1,9.2,9.03,9.1,59.5,1,2,2.0,2,1,79.4,3.1,49.5,54.2,0,High,1,0,18.82
12513,Male,Delhi,Tier2,CS,Embedded,Yes,No,9.25,9.59,9.05,9.37,9.24,8.92,9.82,9.05,9.24,100.0,1,3,2.0,4,1,79.0,4.9,76.6,72.3,1,High,1,0,25.74
48576,Male,Jaipur,Tier1,Civil,Networking,Yes,No,8.86,9.06,9.39,9.43,9.15,10.0,9.89,9.69,9.34,92.8,2,4,3.0,2,1,84.5,5.0,71.1,64.5,1,High,1,0,25.33
18776,Female,Kolkata,Tier2,EE,Embedded,No,No,5.77,5.99,5.5,6.21,6.39,5.98,6.03,6.06,5.99,70.5,0,2,2.0,2,0,72.4,2.6,53.1,51.6,0,Low,0,0,0.0
15715,Male,Kochi,Tier1,Civil,Embedded,Yes,No,7.54,7.67,7.95,8.0,7.92,8.82,8.38,8.31,7.96,71.4,2,4,3.0,3,0,68.8,3.1,70.0,77.8,1,Mid,1,0,8.22
33176,Female,Jaipur,Tier2,CS,DataScience,Yes,No,9.1,8.64,9.42,8.68,8.93,8.94,9.52,9.52,9.07,100.0,2,3,2.0,4,2,86.3,3.7,58.8,99.6,1,High,1,0,25.74
47635,Female,Bangalore,Tier2,ECE,Networking,Yes,No,7.34,7.35,7.57,7.99,7.87,7.68,7.57,7.73,7.72,83.4,1,2,2.0,1,1,70.0,3.1,60.7,52.7,0,Mid,1,0,8.04
30590,Female,Pune,Tier2,CS,DataScience,Yes,No,6.21,6.57,7.16,6.42,6.25,6.58,6.2,6.65,6.5,63.2,1,2,2.0,1,0,75.9,2.4,53.8,48.6,0,Low,0,0,0.0
11898,Male,Hyderabad,Tier3,Civil,Embedded,Yes,No,5.0,5.67,5.78,5.15,5.18,5.06,5.65,5.3,5.35,50.0,0,1,1.0,1,0,49.6,2.0,27.6,28.9,1,Low,0,0,0.0
25496,Female,Mumbai,Tier1,ECE,AI,Yes,Yes,5.52,5.36,5.58,5.81,6.02,5.65,5.43,5.71,5.81,73.2,1,2,1.0,2,1,78.8,3.4,48.8,51.5,0,Low,0,0,0.0
22322,Male,Chennai,Tier3,Mechanical,Embedded,Yes,No,4.0,4.1,4.0,4.0,4.0,4.0,4.0,4.0,4.08,57.1,0,1,1.0,0,0,45.7,2.2,24.7,16.4,0,Low,0,0,0.0
17680,Male,Jaipur,Tier1,CS,AI,Yes,No,8.61,8.71,8.35,9.06,9.49,8.66,8.89,9.04,8.86,92.9,2,3,3.0,3,1,76.3,3.9,79.9,71.8,1,High,1,0,22.05
12470,Male,Hyderabad,Tier1,CS,Networking,No,No,5.77,5.68,5.32,5.37,5.62,5.99,5.03,5.42,5.53,75.4,1,2,2.0,3,0,69.2,2.6,45.7,39.7,0,Low,1,0,4.99
4658,Male,Kochi,Tier3,Mechanical,AI,No,No,5.76,5.54,5.28,5.7,6.07,5.75,5.66,6.07,5.67,87.1,1,3,2.0,3,0,81.7,3.6,55.3,46.8,0,Low,1,0,3.76
48394,Female,Kochi,Tier2,IT,DataScience,Yes,No,6.21,7.07,7.13,7.43,7.22,7.16,7.55,6.77,7.19,98.3,1,1,2.0,1,0,60.0,3.2,57.9,47.3,1,Mid,0,0,0.0
22182,Female,Delhi,Tier3,Mechanical,AI,Yes,Yes,5.43,5.41,5.52,5.12,5.78,5.27,5.57,5.84,5.34,74.0,1,3,1.0,2,0,77.4,2.6,47.3,71.5,0,Low,0,0,0.0
31062,Male,Bangalore,Tier3,Mechanical,Embedded,No,No,4.96,5.15,4.44,5.11,4.55,4.7,4.69,4.57,4.82,70.8,0,0,0.0,0,0,43.7,2.4,27.6,27.5,0,Low,0,0,0.0
35027,Female,Hyderabad,Tier2,CS,DataScience,Yes,No,6.07,6.73,6.98,6.59,6.77,7.24,7.01,7.14,6.71,86.4,2,1,3.0,3,0,79.6,3.2,71.6,92.4,1,Mid,1,0,8.74
14830,Male,Hyderabad,Tier3,ECE,DataScience,No,No,5.11,5.71,5.66,4.54,5.26,5.51,5.32,4.22,5.16,62.6,1,0,1.0,0,0,47.0,1.0,26.8,31.5,1,Low,0,0,0.0
38849,Female,Ahmedabad,Tier1,IT,Networking,Yes,No,8.49,8.07,8.38,8.42,8.3,8.1,8.1,8.36,8.18,68.1,0,2,2.0,2,0,64.3,3.3,53.8,50.0,1,High,0,0,22.28
20063,Male,Delhi,Tier1,ECE,Networking,Yes,Yes,7.28,6.64,6.96,7.02,7.14,7.27,7.2,6.81,6.9,68.8,1,2,3.0,2,0,66.6,2.5,49.9,66.5,0,Mid,0,0,0.0
28278,Female,Bangalore,Tier2,IT,DataScience,Yes,No,5.88,5.84,5.9,6.45,6.08,6.34,6.45,5.67,6.02,64.8,1,2,2.0,2,0,67.2,2.6,42.5,49.7,1,Low,0,0,0.0
34548,Male,Delhi,Tier3,ECE,Networking,No,No,7.95,8.04,8.05,7.36,8.29,8.24,8.19,8.35,8.04,77.8,1,1,2.0,0,1,64.7,3.2,52.8,50.9,0,High,1,0,18.53
10905,Female,Kolkata,Tier1,CS,DataScience,No,No,6.25,6.86,6.38,6.37,6.54,6.95,6.32,6.16,6.31,63.2,1,2,1.0,2,0,73.0,3.4,61.2,54.6,1,Low,1,0,6.11
47350,Female,Bangalore,Tier3,ECE,Networking,No,No,4.24,4.52,4.96,4.61,4.36,4.38,4.56,4.21,4.43,59.7,1,1,0.0,1,0,54.2,2.6,28.4,25.9,0,Low,0,0,0.0
3542,Female,Jaipur,Tier2,ECE,Embedded,Yes,Yes,6.02,5.84,6.26,6.25,5.31,5.39,5.62,5.45,5.97,59.3,0,0,1.0,0,0,44.6,2.0,27.8,28.9,0,Low,0,0,0.0
6760,Male,Chennai,Tier1,IT,Embedded,No,No,9.7,10.0,10.0,10.0,10.0,9.55,10.0,10.0,10.0,100.0,1,3,3.0,2,2,76.3,3.8,99.5,82.5,0,High,1,0,18.9
33830,Male,Pune,Tier2,ECE,DataScience,Yes,No,5.97,6.43,6.38,5.82,6.0,5.88,6.54,6.81,6.21,79.2,2,3,3.0,3,2,80.8,4.4,74.8,84.7,0,Low,1,0,3.4
21276,Male,Jaipur,Tier2,CS,Embedded,No,No,6.98,6.65,6.57,7.35,6.62,6.7,7.3,6.97,6.92,84.9,2,5,3.0,4,2,65.5,3.4,65.7,84.0,1,Mid,1,0,8.03
14351,Female,Kochi,Tier1,Mechanical,AI,No,No,10.0,9.85,9.54,9.59,9.52,9.75,9.78,9.74,9.6,79.3,2,3,3.0,4,1,86.4,3.1,74.0,85.5,0,High,1,0,18.39
1227,Male,Hyderabad,Tier1,IT,Embedded,No,No,7.28,6.93,7.48,6.62,7.35,7.19,7.19,6.98,7.18,82.2,0,0,2.0,2,0,66.0,2.1,66.2,51.4,0,Mid,0,0,0.0
9160,Female,Mumbai,Tier1,ECE,Networking,No,No,5.51,5.11,5.52,5.88,5.21,4.61,5.39,5.38,5.28,77.9,1,1,1.0,1,0,62.7,3.4,61.0,50.5,1,Low,0,0,0.0
25666,Female,Hyderabad,Tier1,Mechanical,Networking,No,No,8.6,7.88,8.57,9.2,8.35,7.92,8.16,8.53,8.37,72.3,1,2,1.0,2,0,68.8,3.5,50.5,55.4,1,High,1,0,22.98
20545,Male,Kochi,Tier2,CS,DataScience,Yes,No,6.95,7.2,7.47,7.54,7.58,6.9,7.68,6.7,7.39,65.5,1,2,1.0,1,1,71.3,3.3,33.6,55.4,0,Mid,1,0,8.65
4120,Female,Hyderabad,Tier1,CS,Embedded,Yes,Yes,8.11,8.22,8.06,9.0,8.33,8.31,8.01,8.21,8.31,66.3,2,2,1.0,2,1,53.4,3.5,56.0,55.0,1,High,1,0,22.5
278,Male,Chennai,Tier1,CS,AI,Yes,No,6.72,6.44,6.95,6.37,7.0,6.2,6.74,6.43,6.56,69.3,2,2,3.0,2,1,70.3,3.1,51.1,54.1,0,Mid,1,0,8.8
19037,Male,Delhi,Tier2,Mechanical,Embedded,Yes,No,6.63,7.15,6.96,6.8,6.76,6.74,6.84,6.85,6.93,79.1,2,1,1.0,1,1,68.3,3.6,59.0,61.2,1,Mid,0,0,0.0
20047,Male,Chennai,Tier1,Civil,Networking,No,No,9.24,9.23,9.28,9.44,9.47,9.41,8.91,9.2,9.24,94.7,2,4,3.0,2,0,80.9,4.0,76.0,78.1,1,High,1,0,25.17
38649,Female,Jaipur,Tier2,IT,DataScience,Yes,No,10.0,10.0,10.0,10.0,10.0,9.95,9.76,10.0,10.0,89.4,2,3,4.0,3,2,78.2,3.2,85.3,81.4,1,High,1,0,25.88
37313,Male,Bangalore,Tier2,Mechanical,Embedded,Yes,No,7.99,8.62,8.79,8.54,8.53,8.67,8.58,7.88,8.37,83.0,2,3,3.0,4,2,87.4,4.9,89.6,83.3,1,High,1,0,22.99
854,Male,Kolkata,Tier3,ECE,Embedded,No,No,8.25,7.98,8.23,7.98,7.69,7.27,7.71,7.86,7.85,59.2,0,0,0.0,1,0,47.0,1.3,24.4,25.6,0,Mid,0,0,0.0
46494,Female,Bangalore,Tier2,Mechanical,Embedded,No,No,8.62,8.5,9.22,8.75,8.83,9.06,9.36,9.44,9.94,90.2,3,5,2.0,4,1,97.8,2.4,95.9,66.5,1,High,1,1,18.65
16464,Male,Ahmedabad,Tier2,IT,Networking,No,No,6.99,7.21,7.39,7.58,7.19,7.58,7.96,6.99,7.2,64.6,1,2,2.0,2,1,64.5,4.5,49.7,56.7,0,Mid,1,0,8.5
36747,Male,Mumbai,Tier1,EE,Networking,Yes,No,10.0,10.0,10.0,10.0,10.0,10.0,10.0,10.0,9.98,95.9,1,3,3.0,3,1,94.7,4.1,79.9,77.3,1,High,1,0,25.36
29861,Female,Pune,Tier2,IT,DataScience,No,No,8.73,8.26,7.68,8.25,8.32,7.61,8.73,8.58,8.31,81.3,2,3,3.0,3,1,88.9,4.1,98.8,77.1,1,High,1,0,22.57
885,Male,Bangalore,Tier2,CS,DataScience,No,No,6.63,7.01,6.74,6.91,6.77,6.42,6.37,6.58,6.74,78.9,0,2,1.0,2,0,67.8,2.9,61.8,51.0,1,Mid,1,0,12.89
21462,Male,Ahmedabad,Tier2,Civil,Embedded,Yes,No,5.8,5.08,5.55,6.07,5.79,5.26,5.51,5.49,5.4,91.3,1,2,1.0,2,1,67.3,3.8,51.0,57.3,1,Low,0,0,0.0
9404,Male,Ahmedabad,Tier1,Mechanical,Networking,Yes,No,7.68,7.96,8.09,8.0,8.59,8.85,8.42,8.53,9.96,100.0,3,5,3.0,3,1,98.8,3.7,98.5,72.4,1,High,1,1,25.39
33416,Female,Mumbai,Tier2,Civil,Embedded,No,No,9.13,9.0,9.3,9.62,9.2,9.04,9.54,10.0,9.34,82.9,2,4,2.0,3,1,77.8,3.3,71.3,67.7,1,High,1,0,25.38
40744,Male,Jaipur,Tier1,ECE,Networking,No,No,9.79,9.8,9.55,10.0,10.0,10.0,9.91,10.0,10.0,90.0,2,4,3.0,4,2,76.8,4.2,89.7,66.7,0,High,1,0,18.28
28140,Female,Bangalore,Tier2,IT,DataScience,No,No,9.78,10.0,10.0,10.0,9.58,10.0,10.0,10.0,9.87,89.0,1,4,2.0,3,1,75.3,3.3,69.5,58.6,1,High,1,0,25.83
46079,Male,Hyderabad,Tier1,Mechanical,AI,No,No,5.3,4.99,5.43,5.04,5.49,5.15,5.58,5.39,5.42,57.7,1,2,2.0,2,0,70.2,2.9,42.5,41.2,1,Low,0,0,0.0
29971,Female,Pune,Tier2,IT,DataScience,No,No,5.15,5.7,5.09,4.84,4.86,4.95,5.58,5.03,5.18,73.5,1,1,2.0,1,0,68.3,4.0,54.4,51.6,0,Low,0,0,0.0
6977,Female,Mumbai,Tier3,EE,Embedded,Yes,No,7.33,7.66,7.74,7.63,7.6,7.9,7.74,7.62,7.66,78.6,0,2,2.0,2,0,68.8,2.8,57.5,54.5,1,Mid,1,0,8.66
31766,Female,Jaipur,Tier1,ECE,AI,Yes,No,7.85,7.71,8.09,8.17,7.77,7.49,8.27,8.26,8.15,78.8,2,2,1.0,2,1,68.4,3.8,81.4,60.5,0,High,1,0,18.65
22078,Male,Ahmedabad,Tier1,EE,DataScience,Yes,Yes,4.77,4.48,4.7,4.97,4.62,4.58,4.47,4.33,4.67,77.7,1,2,2.0,2,1,60.2,1.7,57.0,54.8,1,Low,0,0,0.0
19236,Male,Bangalore,Tier1,EE,Embedded,Yes,No,7.2,7.79,7.01,7.25,7.51,7.49,7.36,7.34,7.43,85.7,1,1,2.0,2,0,67.7,1.5,59.8,53.6,1,Mid,1,0,12.95
36415,Male,Hyderabad,Tier2,ECE,Embedded,Yes,No,6.34,7.13,6.95,7.08,6.56,6.99,6.76,6.7,6.79,84.4,1,2,1.0,1,1,63.9,2.7,62.3,39.9,0,Mid,1,0,12.83
43916,Male,Kolkata,Tier2,Mechanical,DataScience,Yes,No,5.56,5.94,4.98,5.54,5.77,5.48,5.57,5.93,5.53,83.9,0,2,1.0,2,1,67.5,2.0,51.3,53.1,1,Low,0,0,0.0
14698,Male,Delhi,Tier2,EE,DataScience,Yes,No,7.73,7.18,6.38,6.96,7.08,7.26,7.64,7.01,7.16,85.5,1,1,3.0,2,0,67.9,3.0,52.7,64.9,0,Mid,1,0,8.32
49925,Male,Bangalore,Tier1,CS,Networking,No,No,9.04,8.77,8.96,8.78,9.01,9.22,8.97,9.41,8.99,89.0,0,4,3.0,2,3,93.6,4.2,78.3,80.4,1,High,1,0,22.01
49960,Male,Mumbai,Tier3,ECE,Networking,Yes,No,8.94,9.14,8.45,7.85,8.53,8.53,8.32,8.14,8.52,76.8,0,2,1.0,1,0,67.6,1.5,62.9,57.1,0,High,1,0,18.17
47577,Male,Mumbai,Tier2,ECE,Networking,No,No,8.5,8.59,8.7,8.7,8.35,8.52,9.38,8.57,8.55,78.2,1,4,3.0,2,2,75.5,4.5,81.5,79.8,0,High,1,0,18.6
34859,Male,Pune,Tier2,CS,DataScience,No,Yes,5.95,5.96,5.28,6.16,6.02,6.2,5.83,5.59,5.85,69.6,0,1,1.0,2,1,86.9,2.8,55.5,47.4,0,Low,0,0,0.0
12806,Male,Kolkata,Tier3,CS,Networking,No,No,6.51,6.94,6.45,6.37,6.33,6.26,5.82,5.77,6.32,60.0,0,0,0.0,0,0,56.1,2.5,28.8,26.4,0,Low,0,0,0.0
12423,Female,Mumbai,Tier2,ECE,Embedded,Yes,No,9.23,9.1,9.15,9.1,9.18,9.4,9.13,9.01,9.2,81.2,2,3,3.0,3,2,77.6,3.7,61.7,77.1,1,High,1,0,25.07
28237,Female,Kolkata,Tier3,Civil,Networking,No,No,7.24,7.25,6.73,7.02,6.72,7.22,7.08,7.11,6.94,67.0,1,0,0.0,0,0,48.2,1.3,30.2,26.9,0,Mid,0,0,0.0
14712,Male,Bangalore,Tier1,EE,DataScience,Yes,No,7.01,7.15,7.01,7.32,6.67,6.89,7.7,7.43,7.09,68.9,1,3,2.0,3,1,91.6,3.5,83.9,75.3,1,Mid,1,0,8.8
6889,Male,Delhi,Tier1,Civil,Embedded,No,No,8.98,8.66,8.34,9.0,8.93,8.48,8.71,8.84,9.79,82.7,3,5,3.0,5,2,96.5,4.6,98.4,72.5,1,High,1,1,25.54
772,Male,Chennai,Tier3,Mechanical,Embedded,Yes,No,4.06,4.45,4.33,4.26,4.41,4.32,4.07,4.0,4.05,60.4,0,1,0.0,1,0,48.9,1.4,28.1,24.2,0,Low,0,0,0.0
33763,Male,Bangalore,Tier2,CS,Networking,Yes,No,6.61,6.3,6.07,6.81,6.26,6.38,6.48,5.32,6.28,75.6,1,2,2.0,1,0,67.5,2.8,57.6,45.1,0,Low,0,0,0.0
44157,Male,Chennai,Tier2,Civil,Embedded,No,No,6.76,5.66,6.17,6.4,6.04,6.23,6.29,6.37,6.27,72.8,2,3,3.0,2,0,76.2,2.1,61.1,56.8,1,Low,1,0,5.5
24514,Male,Bangalore,Tier2,EE,Networking,No,No,7.86,8.69,8.82,8.67,8.72,8.58,8.55,8.22,8.54,73.8,2,3,3.0,3,1,86.9,4.8,98.0,68.1,1,High,1,0,22.87
38235,Male,Kochi,Tier1,ECE,AI,No,No,8.14,7.88,8.45,8.24,7.96,8.23,7.93,8.46,8.21,100.0,1,1,4.0,4,1,77.2,4.2,78.8,76.0,1,High,1,0,22.09
26935,Male,Kochi,Tier2,CS,DataScience,No,No,7.54,7.38,6.69,7.17,7.74,7.7,7.8,7.97,7.43,88.2,2,3,2.0,2,2,93.8,3.3,71.1,82.8,1,Mid,1,0,8.62
32641,Male,Mumbai,Tier2,EE,Networking,Yes,No,8.85,9.0,8.74,8.66,9.16,8.91,8.93,8.66,8.75,82.2,1,1,2.0,1,0,62.9,3.2,50.6,41.8,0,High,1,0,18.66
46346,Female,Hyderabad,Tier2,IT,Embedded,Yes,No,8.1,8.33,7.73,7.66,7.87,7.93,7.67,7.99,7.88,71.3,1,1,1.0,1,1,86.5,2.3,59.2,57.5,0,Mid,1,0,12.76
22573,Male,Kochi,Tier1,Mechanical,Networking,Yes,No,5.46,5.13,5.31,5.22,5.03,6.07,5.88,5.31,5.44,84.8,0,2,2.0,2,1,58.3,3.3,43.4,61.1,0,Low,0,0,0.0
31855,Female,Kochi,Tier3,Mechanical,AI,Yes,Yes,4.32,4.17,4.59,4.34,4.0,4.28,4.15,4.16,4.24,60.4,0,1,0.0,1,0,40.1,3.1,30.7,34.6,0,Low,0,0,0.0
5224,Female,Hyderabad,Tier2,CS,AI,No,No,7.44,7.77,7.11,7.32,8.06,8.14,7.86,7.84,7.78,71.4,0,2,2.0,2,0,56.7,2.5,50.7,51.3,1,Mid,1,0,8.58
13180,Male,Pune,Tier2,Mechanical,Embedded,No,No,7.5,7.09,7.15,7.37,7.32,6.83,7.6,6.58,7.13,90.4,0,2,2.0,1,0,55.1,3.4,67.0,53.7,1,Mid,0,0,0.0
17124,Male,Hyderabad,Tier2,Mechanical,Embedded,No,No,6.23,5.9,5.68,5.89,5.58,5.79,5.97,5.95,5.7,55.5,0,0,1.0,0,0,48.1,2.6,30.2,25.4,0,Low,0,0,0.0
20090,Female,Hyderabad,Tier2,EE,Networking,No,No,4.73,5.2,5.4,5.41,5.64,5.47,4.58,5.23,5.23,73.0,0,2,2.0,1,0,64.9,3.9,60.1,52.2,1,Low,0,0,0.0
36448,Male,Chennai,Tier1,CS,Networking,No,No,8.48,9.01,8.73,8.0,8.68,8.48,9.38,8.57,8.62,77.1,1,3,2.0,3,0,72.2,2.7,63.5,57.4,1,High,1,0,18.87
3781,Male,Kolkata,Tier2,CS,AI,Yes,No,8.26,7.48,7.54,7.54,7.86,8.05,7.44,7.43,7.5,71.5,1,2,1.0,1,1,71.8,3.4,62.0,44.0,1,Mid,1,0,8.12
20232,Female,Chennai,Tier1,Civil,Embedded,Yes,No,9.73,9.51,9.57,9.54,9.77,9.5,9.75,10.0,9.68,84.7,1,4,3.0,2,2,89.1,5.0,81.7,64.5,1,High,1,0,25.98
19264,Male,Ahmedabad,Tier1,CS,AI,No,No,8.01,8.39,8.12,7.85,8.06,8.05,8.91,8.2,8.13,92.7,3,3,3.0,3,2,72.7,3.9,65.6,80.9,1,High,1,0,22.96
17161,Male,Pune,Tier3,CS,AI,Yes,Yes,4.96,6.12,6.22,6.27,5.84,5.12,5.81,5.55,5.77,82.0,1,1,2.0,0,0,77.9,3.7,49.7,42.1,0,Low,0,0,0.0
19736,Female,Pune,Tier2,CS,AI,No,No,8.18,8.1,8.26,8.15,8.41,8.09,7.95,8.15,8.08,68.3,1,1,2.0,2,1,76.5,3.3,57.0,56.8,1,High,1,0,22.65
38060,Male,Delhi,Tier2,CS,AI,Yes,No,7.83,9.27,8.27,8.74,8.51,9.19,8.36,9.17,8.68,82.0,2,2,2.0,1,2,80.8,4.8,85.7,68.8,1,High,1,0,22.68
430,Male,Hyderabad,Tier2,Mechanical,Networking,Yes,No,6.87,7.03,7.44,7.33,7.24,7.61,7.62,7.4,7.23,96.5,3,2,4.0,4,1,79.3,4.7,82.0,60.6,1,Mid,1,0,8.47
9912,Female,Delhi,Tier3,Civil,Embedded,Yes,No,7.08,7.64,6.46,6.83,6.72,6.85,6.88,6.7,6.82,56.5,0,1,1.0,0,0,42.1,1.4,28.6,29.5,1,Mid,0,0,0.0
4017,Female,Chennai,Tier3,CS,Networking,Yes,No,5.68,6.79,6.35,5.57,5.79,5.85,5.88,5.41,6.12,57.0,0,2,1.0,1,0,42.0,2.7,24.1,31.2,0,Low,0,0,0.0
2976,Female,Chennai,Tier1,Mechanical,Embedded,Yes,No,9.57,9.42,9.24,9.73,9.06,9.63,9.47,9.75,9.45,96.7,1,2,4.0,4,2,85.5,2.7,78.5,69.1,1,High,1,0,18.4
22228,Male,Kochi,Tier2,EE,Embedded,No,Yes,8.97,9.3,8.88,8.78,8.48,8.93,8.81,8.73,8.79,80.2,1,1,2.0,2,1,52.5,2.9,48.0,45.9,0,High,0,0,0.0
31428,Male,Jaipur,Tier2,CS,AI,Yes,No,9.93,9.73,10.0,9.96,10.0,10.0,10.0,10.0,10.0,86.6,1,3,2.0,4,2,77.4,3.8,65.3,78.1,1,High,1,0,25.43
32234,Male,Hyderabad,Tier2,IT,DataScience,Yes,No,8.4,8.16,8.67,8.41,9.16,8.67,8.79,8.85,8.67,100.0,2,3,3.0,3,2,81.5,4.3,75.2,69.9,0,High,1,0,18.75
37011,Male,Jaipur,Tier3,Civil,Networking,No,Yes,4.61,5.11,4.14,4.64,4.51,4.47,4.63,5.0,4.57,74.9,0,2,2.0,1,1,60.8,3.3,43.0,55.6,1,Low,0,0,0.0
18751,Male,Hyderabad,Tier1,CS,AI,Yes,No,8.67,9.81,8.61,8.83,9.39,8.91,9.43,8.8,9.12,82.2,2,3,3.0,2,2,100.0,4.8,81.7,83.6,1,High,1,0,25.73
46249,Male,Bangalore,Tier3,EE,Networking,No,No,6.29,5.75,6.05,5.98,6.52,6.34,5.63,6.21,6.02,70.3,2,2,3.0,1,0,65.6,3.7,38.3,45.0,0,Low,1,0,3.46
10407,Male,Pune,Tier1,IT,Embedded,No,No,6.51,6.66,6.4,6.18,6.5,6.86,6.63,6.85,6.51,79.8,1,4,3.0,3,1,84.2,5.0,78.2,65.1,0,Mid,1,0,8.28
23042,Female,Delhi,Tier1,ECE,DataScience,No,No,9.14,8.63,9.19,8.96,8.34,9.14,8.97,9.4,9.14,86.3,2,3,3.0,2,2,87.6,4.0,70.4,70.4,1,High,1,0,25.3
19834,Female,Bangalore,Tier3,Mechanical,Networking,Yes,No,7.08,7.09,6.91,7.06,6.83,6.33,6.67,6.34,6.86,62.3,0,1,1.0,0,0,42.4,2.0,23.3,35.0,0,Mid,0,0,0.0
48428,Male,Chennai,Tier3,Mechanical,AI,Yes,Yes,5.32,4.98,5.35,4.44,5.06,4.87,4.46,5.56,4.89,64.2,1,0,0.0,1,1,49.5,1.9,30.5,25.0,0,Low,0,0,0.0
7269,Male,Mumbai,Tier2,IT,AI,No,No,6.71,6.13,6.11,6.56,6.72,6.39,6.75,6.77,6.44,74.8,0,2,1.0,2,0,70.1,2.8,51.9,49.2,0,Low,0,0,0.0
2886,Female,Hyderabad,Tier3,EE,DataScience,Yes,Yes,5.2,4.72,5.38,5.65,5.55,5.19,4.29,5.09,5.2,60.7,0,1,0.0,1,0,44.5,2.1,25.3,29.4,0,Low,0,0,0.0
14978,Female,Bangalore,Tier2,Mechanical,Embedded,No,No,8.85,9.09,8.68,8.97,9.22,9.2,8.82,9.16,9.16,87.1,2,2,3.0,3,2,82.9,5.0,74.6,60.8,0,High,1,0,18.64
23792,Male,Bangalore,Tier2,Civil,Networking,No,No,6.66,6.49,6.05,6.57,6.54,6.47,6.63,6.98,6.5,77.2,1,2,1.0,2,1,51.7,3.4,51.7,53.8,1,Low,1,0,6.21
10994,Female,Bangalore,Tier2,ECE,DataScience,No,Yes,6.86,6.47,7.15,6.71,6.61,6.57,6.65,6.54,6.67,64.9,1,2,1.0,1,1,70.3,4.1,58.2,58.0,1,Mid,1,0,8.51
44422,Female,Kochi,Tier2,IT,DataScience,No,No,9.45,9.29,9.29,8.69,9.14,9.35,8.86,9.09,8.95,77.2,1,2,2.0,2,0,77.9,2.8,58.3,51.7,1,High,1,0,18.6
26582,Male,Mumbai,Tier1,ECE,Embedded,Yes,Yes,7.89,7.9,7.37,7.84,8.14,7.78,7.45,7.88,7.86,100.0,2,4,3.0,4,1,74.7,3.4,75.7,77.8,1,Mid,1,0,8.57
3121,Male,Mumbai,Tier2,ECE,AI,Yes,No,8.94,9.51,9.92,10.0,9.78,9.97,9.9,10.0,9.9,85.5,2,3,4.0,2,2,83.2,2.9,64.1,56.5,0,High,1,0,18.29
37448,Male,Bangalore,Tier2,CS,AI,No,No,8.87,8.99,8.9,9.35,8.68,9.39,9.28,9.17,8.92,88.2,1,4,3.0,2,1,82.2,4.9,81.3,75.2,1,High,1,0,22.05
31986,Male,Pune,Tier2,Mechanical,AI,Yes,No,7.88,7.0,7.85,7.82,7.41,7.64,7.77,7.5,7.46,85.2,1,2,1.0,3,0,75.8,2.7,58.9,51.0,1,Mid,1,0,8.01
49292,Male,Chennai,Tier3,Mechanical,DataScience,Yes,No,6.33,5.94,6.65,6.63,6.28,6.79,7.18,6.57,6.68,69.3,1,2,1.0,2,0,64.7,2.9,55.9,43.8,0,Mid,1,0,8.37
27740,Male,Mumbai,Tier2,IT,AI,No,No,6.84,6.69,6.91,7.22,7.17,7.06,7.13,6.55,6.98,73.9,2,3,3.0,3,1,84.2,4.1,71.0,80.1,0,Mid,1,0,8.55
33875,Male,Pune,Tier2,ECE,Networking,Yes,No,8.01,7.76,7.18,7.7,7.37,8.29,7.8,7.43,7.71,85.2,1,3,3.0,3,1,86.7,4.1,61.5,71.6,1,Mid,1,0,8.29
29559,Male,Delhi,Tier2,CS,Networking,Yes,No,5.26,5.01,5.08,5.0,4.93,5.39,4.83,5.41,5.01,74.7,1,0,0.0,0,0,42.3,2.9,22.2,27.4,0,Low,0,0,0.0
17584,Male,Hyderabad,Tier3,ECE,Embedded,Yes,No,8.82,8.65,8.67,8.28,9.19,8.26,8.98,8.84,8.62,66.3,1,2,1.0,1,0,61.9,3.1,56.2,52.6,1,High,1,0,22.4
18584,Male,Hyderabad,Tier2,CS,AI,Yes,No,4.47,5.15,4.25,5.04,4.66,4.94,4.55,4.58,4.75,76.2,0,0,0.0,1,0,52.0,2.0,25.2,26.2,0,Low,0,0,0.0
13459,Female,Hyderabad,Tier3,Mechanical,Networking,No,No,7.05,7.25,6.67,7.2,7.14,7.15,6.99,7.09,6.94,53.3,0,1,1.0,1,0,45.4,1.6,27.3,32.3,1,Mid,0,0,0.0
31514,Female,Ahmedabad,Tier2,Mechanical,Networking,Yes,No,7.44,8.62,8.52,8.21,8.6,8.79,8.58,8.49,8.36,83.1,2,2,3.0,1,0,73.4,2.6,58.4,49.0,1,High,1,0,18.66
21497,Male,Bangalore,Tier2,Mechanical,AI,No,No,7.68,7.22,6.99,8.08,8.22,8.01,8.26,7.88,7.9,84.8,3,4,3.0,3,2,86.0,3.2,77.0,87.6,1,Mid,1,0,12.09
18176,Male,Mumbai,Tier2,ECE,Embedded,No,Yes,5.33,5.74,5.12,5.24,4.94,4.92,5.04,4.96,5.18,67.4,0,1,0.0,0,0,44.2,2.1,25.5,28.9,1,Low,0,0,0.0
14875,Male,Ahmedabad,Tier2,Civil,DataScience,Yes,No,7.44,7.78,7.97,8.11,7.9,7.58,7.96,7.65,7.83,89.0,1,2,1.0,3,1,63.9,2.6,62.1,42.1,1,Mid,0,0,0.0
47442,Female,Jaipur,Tier3,IT,AI,Yes,Yes,8.47,8.5,8.59,8.32,8.45,8.78,8.66,8.01,8.62,72.3,0,2,2.0,2,1,70.8,2.9,58.4,52.0,1,High,1,0,18.85
30147,Male,Delhi,Tier2,IT,Networking,Yes,No,8.22,8.06,8.61,8.69,8.14,8.32,8.12,8.69,8.4,79.9,1,2,2.0,1,1,61.3,1.8,59.3,61.1,1,High,1,0,18.29
49347,Male,Delhi,Tier2,CS,DataScience,No,No,8.95,9.38,9.56,9.38,9.35,10.0,9.38,9.4,9.35,86.1,1,2,2.0,3,0,75.0,2.7,56.1,52.9,1,High,1,0,18.88
199,Female,Hyderabad,Tier2,ECE,Embedded,Yes,Yes,5.16,5.37,5.4,5.39,5.08,4.88,4.72,5.28,5.27,58.6,0,0,0.0,0,0,37.3,1.2,22.6,33.3,0,Low,0,0,0.0
1449,Female,Mumbai,Tier2,IT,AI,Yes,Yes,4.9,4.9,4.64,4.75,4.5,4.66,4.69,4.51,4.66,64.5,0,0,1.0,1,0,42.4,1.4,31.5,29.9,0,Low,0,0,0.0
17758,Male,Delhi,Tier2,CS,AI,No,No,6.72,6.86,6.99,7.3,6.76,6.6,7.11,7.21,6.94,70.2,1,2,2.0,2,1,64.0,3.0,57.7,42.0,0,Mid,1,0,8.45
44012,Female,Pune,Tier2,CS,DataScience,Yes,No,6.18,6.82,7.33,6.64,6.9,7.24,6.63,6.94,6.8,81.8,1,2,3.0,4,1,70.8,2.3,87.3,75.9,1,Mid,1,0,8.17
10269,Male,Chennai,Tier1,ECE,Networking,No,No,6.75,7.19,7.12,6.85,6.81,6.79,7.6,7.07,7.08,81.7,2,3,2.0,3,2,99.4,3.2,71.7,72.1,1,Mid,1,0,8.01
20834,Female,Hyderabad,Tier2,CS,Embedded,Yes,Yes,9.14,8.41,8.88,8.53,9.11,8.36,8.45,8.73,8.7,69.5,1,2,1.0,1,0,67.8,2.2,59.1,58.2,0,High,1,0,18.4
8660,Male,Pune,Tier2,ECE,AI,Yes,No,6.16,6.36,6.02,6.25,6.67,6.05,6.33,6.36,6.36,61.5,0,0,0.0,1,1,54.0,1.7,27.6,25.5,1,Low,0,0,0.0
16380,Male,Pune,Tier3,CS,AI,Yes,No,5.96,6.0,6.05,5.96,5.54,5.37,5.55,5.41,5.74,52.8,0,1,1.0,0,0,53.1,2.0,24.2,32.6,0,Low,0,0,0.0
17245,Female,Bangalore,Tier1,CS,Networking,Yes,Yes,7.81,7.43,7.2,7.44,8.24,7.8,7.36,7.82,7.57,82.1,1,1,2.0,2,1,65.6,3.7,54.9,55.0,0,Mid,1,0,8.01
31571,Female,Pune,Tier3,Mechanical,AI,Yes,No,5.77,6.1,6.14,6.28,5.98,6.37,6.15,5.99,6.05,53.2,1,1,1.0,1,0,51.0,2.4,31.6,33.5,0,Low,0,0,0.0
19724,Male,Chennai,Tier3,CS,Networking,No,No,7.21,7.09,7.02,6.91,7.13,6.77,7.29,6.87,7.09,81.7,2,2,2.0,1,0,77.4,3.7,62.4,45.8,0,Mid,1,0,12.12
40337,Male,Mumbai,Tier2,ECE,DataScience,Yes,No,6.34,6.76,6.33,6.76,6.58,6.62,6.53,6.73,6.55,75.9,1,2,2.0,3,1,65.8,2.9,57.0,41.6,1,Mid,1,0,8.51
12619,Female,Delhi,Tier2,Civil,Embedded,No,No,7.08,7.42,7.39,6.7,7.22,7.41,7.04,7.57,7.33,85.0,2,4,3.0,4,2,74.6,3.9,72.7,56.5,1,Mid,1,0,9.19
23576,Male,Delhi,Tier3,ECE,DataScience,Yes,No,7.22,7.64,7.68,7.73,7.44,7.22,7.22,6.83,7.32,59.6,0,1,0.0,0,0,46.0,1.0,29.0,18.3,0,Mid,0,0,0.0
47224,Male,Kochi,Tier1,ECE,AI,No,No,6.64,6.79,6.44,6.3,6.58,6.48,6.63,7.14,6.63,70.5,1,1,2.0,2,1,61.9,3.8,48.5,52.3,1,Mid,1,0,12.58
25327,Female,Hyderabad,Tier1,CS,AI,No,No,8.56,8.85,8.83,9.23,8.91,8.97,9.06,8.79,8.81,89.4,2,5,3.0,4,1,80.6,4.0,87.4,66.3,1,High,1,0,22.23
19820,Male,Bangalore,Tier2,CS,Networking,Yes,No,6.22,5.24,5.92,5.13,5.31,5.14,5.38,5.74,9.95,56.0,3,5,1.0,0,0,98.3,1.7,96.8,31.9,0,Low,0,1,0.0
47714,Male,Hyderabad,Tier2,Civil,DataScience,Yes,No,5.7,6.0,5.92,5.97,5.69,5.89,6.42,6.18,6.1,84.2,2,2,3.0,3,1,87.9,4.0,58.9,73.1,0,Low,1,0,3.11
3841,Female,Kolkata,Tier2,Civil,Embedded,No,No,7.4,7.79,8.12,7.83,7.87,7.77,8.19,8.24,8.02,84.4,1,2,2.0,2,1,68.9,1.3,44.1,54.2,0,High,1,0,18.91
34966,Female,Kolkata,Tier3,Mechanical,AI,Yes,No,5.23,5.0,5.4,4.91,5.38,5.25,5.21,5.65,5.28,63.3,0,1,0.0,0,0,47.7,2.4,33.9,34.2,0,Low,0,0,0.0
5646,Male,Bangalore,Tier1,ECE,DataScience,No,No,7.58,6.84,8.14,7.85,7.62,8.07,7.81,7.0,7.69,89.6,2,4,3.0,2,1,95.9,4.1,78.6,77.6,1,Mid,1,0,8.44
33932,Female,Delhi,Tier2,EE,DataScience,No,No,9.59,9.47,9.7,9.51,10.0,9.57,9.73,10.0,9.75,80.9,2,2,2.0,3,2,82.8,2.7,68.4,72.2,1,High,1,0,18.26
25316,Male,Kolkata,Tier1,CS,DataScience,Yes,No,8.95,9.17,8.76,8.78,9.22,9.22,8.76,9.0,8.87,92.7,3,3,3.0,4,1,83.3,4.3,83.9,78.2,1,High,1,0,22.37
23047,Female,Bangalore,Tier2,Civil,DataScience,Yes,No,8.05,7.19,7.95,7.04,8.15,7.75,6.93,7.39,7.65,79.5,1,1,2.0,2,0,61.8,3.9,53.4,56.9,1,Mid,1,0,8.27
9673,Male,Chennai,Tier2,Mechanical,Embedded,No,No,6.05,6.35,6.78,6.34,6.85,6.88,6.8,6.49,6.66,84.4,2,3,2.0,1,0,81.9,1.4,52.9,51.1,1,Mid,1,0,8.85
45834,Male,Jaipur,Tier2,CS,AI,Yes,Yes,4.83,4.46,4.84,5.1,4.74,4.88,4.21,4.85,4.48,56.3,0,1,1.0,0,0,42.5,1.0,25.7,29.1,0,Low,0,0,0.0
9243,Female,Bangalore,Tier2,Mechanical,Embedded,No,No,5.07,6.04,5.69,5.93,5.74,5.98,5.38,5.46,5.67,76.5,1,2,2.0,2,0,74.8,3.2,50.5,43.0,1,Low,1,0,4.37
35275,Female,Kochi,Tier2,CS,Networking,Yes,No,8.29,8.33,8.91,9.2,8.83,8.64,9.77,8.56,8.68,93.3,0,3,3.0,3,1,90.1,5.0,83.8,73.9,1,High,1,0,22.46
32447,Male,Chennai,Tier1,CS,AI,Yes,No,7.97,7.58,8.13,8.1,7.83,8.35,8.3,8.11,8.23,80.5,1,3,3.0,3,2,71.5,4.3,77.8,72.4,1,High,1,0,22.7
682,Male,Bangalore,Tier2,Civil,Embedded,Yes,No,8.2,7.88,7.96,8.47,8.04,8.9,8.41,8.65,8.33,91.6,2,4,2.0,3,1,91.1,4.0,88.3,65.6,1,High,1,0,22.73
45180,Female,Kochi,Tier2,Mechanical,AI,No,No,7.3,7.52,7.21,6.71,6.55,7.13,7.22,7.17,7.05,68.5,0,2,2.0,2,1,63.9,3.3,51.7,51.1,0,Mid,1,0,8.23
8813,Male,Bangalore,Tier3,Civil,AI,No,No,6.22,5.78,6.04,5.75,5.78,6.04,5.56,4.93,5.81,61.7,1,0,0.0,0,0,37.8,1.2,26.6,35.1,1,Low,0,0,0.0
40265,Male,Kolkata,Tier3,Mechanical,DataScience,Yes,No,6.71,6.69,6.98,6.68,6.78,6.83,6.42,6.61,6.74,80.3,0,2,2.0,2,0,63.7,3.9,58.7,51.1,0,Mid,0,0,0.0
25267,Female,Delhi,Tier3,IT,Networking,Yes,No,6.37,6.25,6.77,7.09,6.21,6.43,6.78,6.81,6.44,74.6,0,3,2.0,2,0,70.2,2.3,42.7,48.3,0,Low,0,0,0.0
49380,Female,Jaipur,Tier1,ECE,Networking,Yes,No,5.84,5.36,6.3,5.83,6.15,6.11,5.79,5.77,5.95,82.6,1,3,2.0,2,0,67.3,2.5,48.5,46.8,1,Low,0,0,0.0
28592,Female,Kochi,Tier2,EE,Networking,No,No,8.15,7.54,7.46,7.12,7.58,7.19,7.37,7.29,7.32,74.8,1,2,1.0,2,0,66.4,3.4,58.2,40.9,0,Mid,1,0,8.23
12759,Male,Mumbai,Tier2,Mechanical,Embedded,No,No,9.25,9.81,9.47,10.0,9.71,9.33,9.98,9.55,9.59,100.0,3,3,4.0,3,2,81.4,4.4,71.0,64.9,0,High,1,0,18.53
8475,Male,Kochi,Tier3,Mechanical,AI,No,No,6.23,5.73,5.43,5.57,5.47,5.16,5.24,5.77,5.62,53.9,0,1,0.0,1,0,46.8,2.5,26.4,23.9,0,Low,0,0,0.0
24803,Male,Mumbai,Tier3,ECE,Embedded,No,No,4.02,4.12,4.0,4.0,4.0,4.0,4.0,4.0,4.0,72.7,0,0,1.0,0,0,46.2,2.5,27.4,31.2,0,Low,0,0,0.0
18216,Male,Mumbai,Tier1,CS,Networking,No,No,8.53,8.13,7.86,7.96,8.87,8.58,8.39,8.59,8.39,91.2,2,3,3.0,3,1,95.8,5.0,85.2,80.6,1,High,1,0,22.85
44985,Male,Hyderabad,Tier2,CS,Embedded,Yes,No,9.92,9.55,9.62,10.0,10.0,9.73,9.75,9.98,9.69,83.6,1,3,3.0,3,2,81.8,3.3,60.0,64.6,1,High,1,0,25.36
6225,Male,Jaipur,Tier1,ECE,Embedded,No,No,9.96,9.64,10.0,10.0,10.0,10.0,10.0,10.0,10.0,100.0,2,3,3.0,4,2,81.6,2.8,83.4,73.0,1,High,1,0,18.26
33323,Female,Hyderabad,Tier1,ECE,DataScience,No,No,7.02,7.08,7.51,7.22,7.01,7.66,7.49,7.19,9.88,82.4,3,5,3.0,3,1,99.7,3.7,95.8,78.2,1,Mid,1,1,12.02
32157,Female,Pune,Tier2,CS,Embedded,Yes,No,6.3,5.94,6.2,6.29,6.08,6.69,6.19,6.47,6.22,75.3,1,2,2.0,2,0,71.0,3.3,63.6,50.6,0,Low,0,0,0.0
45144,Male,Pune,Tier2,CS,AI,No,No,6.79,6.85,6.9,7.22,6.99,6.61,7.18,6.62,6.95,56.6,0,1,1.0,0,0,50.6,1.5,22.9,31.4,1,Mid,0,0,0.0
10461,Female,Kochi,Tier3,ECE,Embedded,Yes,No,7.23,7.78,7.88,7.76,8.5,7.83,7.97,8.17,7.92,74.3,2,2,2.0,2,1,74.2,3.1,50.6,52.0,0,Mid,1,0,8.02
36901,Female,Hyderabad,Tier2,CS,AI,Yes,Yes,5.6,5.54,6.21,5.62,5.82,5.79,5.48,5.74,5.82,62.3,1,0,1.0,0,0,52.7,1.2,34.6,27.5,1,Low,0,0,0.0
36463,Female,Hyderabad,Tier2,CS,DataScience,Yes,No,9.37,9.86,9.84,9.96,10.0,9.42,10.0,10.0,9.73,100.0,2,3,3.0,3,2,84.4,4.0,76.9,81.1,1,High,1,0,25.09
586,Male,Jaipur,Tier2,IT,DataScience,Yes,No,7.17,6.52,6.95,7.6,7.31,7.47,7.2,7.7,7.47,72.2,1,2,2.0,4,1,83.1,4.4,77.0,88.6,0,Mid,1,0,8.09
26502,Male,Bangalore,Tier3,IT,DataScience,No,No,7.18,6.57,6.8,6.11,6.69,6.8,6.6,7.21,6.87,83.1,1,2,2.0,1,1,59.3,3.3,67.1,53.8,0,Mid,1,0,8.53
39110,Male,Kolkata,Tier3,EE,Networking,No,No,6.46,6.76,7.09,6.36,6.82,6.64,6.44,6.06,6.43,64.6,0,1,1.0,1,0,52.6,1.9,34.7,29.4,0,Low,0,0,0.0
23585,Male,Mumbai,Tier2,ECE,Embedded,Yes,No,7.15,6.99,6.94,7.4,7.26,6.6,6.93,7.19,7.23,81.4,1,1,3.0,2,1,71.7,4.7,52.0,59.9,0,Mid,1,0,8.38
47911,Female,Pune,Tier2,CS,Networking,Yes,No,6.25,6.04,5.75,5.67,5.36,5.75,5.93,4.92,5.56,75.0,1,2,2.0,2,1,60.1,3.5,56.5,44.0,0,Low,0,0,0.0
40552,Female,Bangalore,Tier2,CS,AI,Yes,No,6.88,6.46,6.4,6.61,6.93,7.13,6.69,7.37,6.9,78.5,2,1,2.0,2,1,68.0,3.5,52.3,42.1,0,Mid,1,0,8.45
13485,Female,Chennai,Tier3,IT,AI,No,No,5.18,5.4,5.26,5.55,5.33,5.95,5.51,4.98,9.92,84.4,3,5,2.0,1,0,98.7,2.7,97.5,59.5,0,Low,0,1,0.0
2464,Female,Chennai,Tier2,CS,AI,No,No,7.02,8.09,7.94,7.5,6.96,7.68,7.61,7.58,7.47,73.0,1,1,2.0,2,1,77.2,2.7,44.7,53.7,1,Mid,1,0,8.41
9830,Female,Mumbai,Tier3,EE,Networking,Yes,Yes,6.03,6.43,6.52,6.51,6.8,6.98,6.13,5.81,6.49,68.1,2,2,2.0,2,1,70.8,3.6,68.1,53.1,0,Low,1,0,3.07
31685,Male,Hyderabad,Tier2,ECE,Embedded,No,No,10.0,10.0,10.0,9.74,10.0,10.0,10.0,10.0,9.93,88.6,2,4,3.0,3,2,87.6,4.8,82.7,79.5,0,High,1,0,18.39
37429,Female,Hyderabad,Tier1,Mechanical,Networking,Yes,No,8.45,8.64,9.16,9.17,9.08,9.1,8.45,8.6,8.88,82.5,1,3,4.0,4,2,75.9,3.7,83.1,68.5,1,High,1,0,22.16
47408,Male,Delhi,Tier2,CS,Networking,No,No,9.05,9.98,10.0,10.0,10.0,10.0,10.0,10.0,9.72,100.0,1,4,3.0,3,2,71.6,4.3,78.4,63.7,1,High,1,0,25.88
27507,Male,Chennai,Tier3,IT,AI,Yes,No,8.21,8.05,7.75,8.33,7.98,8.29,7.8,8.13,8.09,73.0,1,2,2.0,2,0,61.3,2.7,42.3,53.0,0,High,1,0,18.37
17553,Female,Chennai,Tier1,ECE,Embedded,No,No,6.81,7.26,6.88,6.98,7.45,7.18,6.93,6.48,7.03,72.7,1,2,2.0,2,0,74.1,2.9,57.5,53.3,0,Mid,1,0,9.54
26007,Male,Mumbai,Tier1,Civil,Embedded,No,No,7.74,8.31,7.51,8.25,7.95,7.72,8.51,8.71,9.85,79.1,3,5,3.0,4,1,96.3,4.6,100.0,76.0,1,High,1,1,25.75
46860,Female,Kochi,Tier2,CS,Embedded,Yes,No,4.0,4.0,4.16,4.0,4.0,4.02,4.0,4.0,4.0,54.0,0,1,1.0,1,0,48.7,2.0,19.0,29.1,0,Low,0,0,0.0
29597,Male,Chennai,Tier1,Mechanical,Embedded,No,No,8.97,8.69,8.77,9.37,9.65,9.53,9.32,9.35,9.22,90.4,2,3,3.0,2,1,71.7,4.1,89.5,65.1,0,High,1,0,18.04
18047,Female,Jaipur,Tier3,Civil,AI,No,Yes,6.8,6.61,6.22,6.48,6.65,6.84,6.6,6.69,6.59,53.6,0,1,0.0,0,0,51.4,1.8,30.0,33.4,1,Mid,0,0,0.0
44419,Female,Mumbai,Tier2,IT,Embedded,No,No,8.39,8.39,7.94,7.79,8.17,8.08,8.06,7.67,8.07,61.2,0,2,3.0,2,0,75.3,3.0,51.4,59.5,1,High,1,0,18.81
31563,Male,Hyderabad,Tier1,CS,DataScience,No,No,9.42,9.73,9.34,9.52,9.84,9.7,10.0,10.0,9.91,88.5,1,3,3.0,3,1,81.9,3.8,78.0,46.0,1,High,1,0,18.86
34963,Male,Chennai,Tier1,CS,AI,Yes,Yes,6.72,6.48,6.93,7.2,6.97,7.29,7.06,7.36,6.95,79.9,1,1,1.0,2,1,64.9,2.7,57.2,48.8,0,Mid,1,0,12.16
7056,Female,Kochi,Tier1,IT,Networking,Yes,No,6.49,6.66,6.98,6.68,7.23,6.83,7.83,6.81,7.02,96.5,1,3,2.0,3,2,81.6,2.9,63.1,91.2,0,Mid,1,0,8.79
7647,Female,Chennai,Tier2,CS,DataScience,Yes,No,8.43,8.99,8.34,8.51,8.04,8.37,8.06,8.2,8.51,69.8,1,2,2.0,2,0,62.4,3.7,70.0,51.1,1,High,1,0,22.07
43936,Female,Ahmedabad,Tier3,EE,Embedded,Yes,Yes,8.09,8.47,7.91,7.83,8.2,7.66,8.02,8.16,7.96,77.5,0,1,2.0,3,0,56.7,3.2,61.5,57.8,0,Mid,1,0,8.26
27720,Male,Chennai,Tier2,ECE,Embedded,No,No,8.13,8.55,8.15,8.28,8.43,8.6,8.98,8.58,8.46,92.3,2,4,3.0,3,1,88.7,4.5,55.8,76.3,1,High,1,0,22.97
24385,Male,Kochi,Tier1,EE,AI,No,No,7.38,7.34,7.39,6.84,7.02,7.38,7.52,7.32,7.42,71.6,1,2,2.0,2,0,77.1,2.3,49.7,63.4,0,Mid,1,0,8.63
38940,Female,Pune,Tier2,Civil,AI,Yes,No,5.16,5.19,5.49,5.54,5.41,5.19,5.11,5.31,5.46,75.9,0,2,1.0,2,0,69.4,2.7,50.7,52.0,1,Low,0,0,0.0
36466,Female,Bangalore,Tier1,IT,Embedded,No,No,6.39,6.82,6.78,6.79,7.17,6.66,7.52,7.9,6.89,94.9,2,3,3.0,3,1,72.7,4.1,81.7,74.2,1,Mid,1,0,8.8
10928,Male,Pune,Tier3,CS,AI,Yes,No,7.15,7.66,7.1,7.17,7.77,7.14,7.3,7.47,7.27,75.8,1,1,2.0,2,0,71.8,3.0,49.7,62.0,0,Mid,1,0,9.89
42424,Male,Mumbai,Tier1,ECE,Embedded,Yes,No,10.0,10.0,10.0,10.0,10.0,10.0,9.69,10.0,9.92,91.7,2,3,3.0,4,1,88.8,3.3,72.1,77.7,1,High,1,0,25.06
41068,Male,Bangalore,Tier3,Mechanical,Networking,No,No,7.43,7.69,7.38,8.01,7.89,7.48,7.47,8.0,7.57,81.7,0,2,2.0,1,0,65.9,3.3,55.1,46.2,1,Mid,0,0,0.0
26107,Male,Pune,Tier2,EE,Embedded,Yes,No,8.42,8.04,8.57,8.16,8.25,8.59,8.7,8.0,8.1,87.7,2,3,2.0,4,1,77.9,3.5,75.4,78.2,1,High,1,0,22.33
45575,Female,Jaipur,Tier1,Mechanical,Embedded,No,No,8.35,8.65,8.49,8.55,8.83,8.65,9.05,8.62,8.67,80.3,2,3,3.0,3,2,69.0,3.6,67.4,69.7,1,High,1,0,22.41
34118,Female,Mumbai,Tier2,Civil,DataScience,No,No,9.9,9.97,9.95,10.0,10.0,10.0,10.0,10.0,9.91,94.8,2,4,2.0,3,1,87.5,4.1,75.4,68.5,1,High,1,0,25.54
11428,Female,Chennai,Tier2,CS,AI,Yes,No,4.0,4.0,4.0,4.0,4.0,4.39,4.0,4.44,4.26,73.4,1,2,1.0,2,0,72.4,1.2,44.9,57.5,1,Low,0,0,0.0
15055,Male,Pune,Tier2,Civil,Networking,No,No,8.54,8.73,8.22,8.78,9.45,8.98,9.17,8.66,8.73,70.0,1,3,3.0,1,1,61.4,3.1,53.6,45.7,1,High,1,0,18.91
19475,Female,Delhi,Tier1,IT,DataScience,No,No,9.51,9.49,9.73,9.52,9.68,10.0,9.78,10.0,9.74,88.9,1,3,3.0,4,1,85.2,4.8,91.4,91.6,1,High,1,0,25.35
3495,Female,Ahmedabad,Tier3,EE,AI,Yes,Yes,6.35,6.82,6.95,5.81,6.93,6.62,6.55,6.7,6.64,87.9,1,1,1.0,2,1,64.9,3.6,60.1,44.4,1,Mid,0,0,0.0
5265,Female,Jaipur,Tier3,ECE,AI,Yes,Yes,6.69,6.63,6.24,6.64,6.56,6.3,6.46,5.92,6.3,50.3,1,1,1.0,0,0,43.0,1.5,27.7,35.1,0,Low,0,0,0.0
12378,Female,Kolkata,Tier3,CS,AI,No,No,8.53,8.08,8.26,8.7,7.88,8.47,8.35,8.54,8.18,89.6,1,0,1.0,3,0,70.7,3.1,53.8,53.1,1,High,1,0,22.56
45678,Female,Kolkata,Tier3,CS,Embedded,Yes,Yes,5.39,4.78,4.79,4.8,5.46,5.35,4.78,4.63,5.15,62.6,0,1,0.0,1,0,40.5,1.2,29.4,32.1,1,Low,0,0,0.0
6917,Female,Jaipur,Tier1,Civil,Networking,Yes,No,6.71,6.9,6.82,6.94,6.84,7.42,6.74,6.98,7.16,74.9,1,1,1.0,0,1,71.7,2.5,48.2,48.4,1,Mid,1,0,8.43
37746,Female,Chennai,Tier3,CS,DataScience,No,Yes,5.45,5.54,5.56,6.35,6.21,6.28,5.67,5.48,5.63,55.0,0,1,1.0,1,0,50.6,1.5,32.6,35.0,0,Low,0,0,0.0
21329,Female,Chennai,Tier2,ECE,Embedded,Yes,No,7.02,6.44,6.77,7.03,6.47,7.29,7.11,6.92,6.91,72.6,1,3,1.0,2,1,79.3,3.0,49.9,53.1,1,Mid,1,0,8.58
20280,Male,Chennai,Tier1,CS,DataScience,No,No,8.05,7.99,8.1,8.42,8.58,8.39,7.96,8.35,8.32,70.8,2,4,2.0,3,1,72.6,4.1,64.8,62.5,1,High,1,0,22.42
41886,Male,Mumbai,Tier2,ECE,Embedded,Yes,No,7.99,8.43,8.18,7.88,7.94,8.55,8.49,8.15,8.24,75.9,1,3,2.0,2,0,63.1,2.9,49.7,45.4,1,High,1,0,18.09
14068,Male,Mumbai,Tier1,EE,Embedded,No,No,7.57,7.96,7.45,7.95,7.91,7.61,8.09,7.91,4.23,50.5994234,2,3,2.0,3,2,35.9,4.7,9.0,74.2,1,Mid,1,1,8.61
21240,Male,Kolkata,Tier3,ECE,Networking,Yes,No,6.11,6.48,6.17,6.15,5.74,6.09,6.27,6.28,6.23,76.1,1,2,1.0,2,1,66.7,3.6,50.7,62.0,1,Low,1,0,5.79
27153,Male,Chennai,Tier2,Mechanical,Networking,Yes,No,7.13,7.66,7.73,7.55,8.08,7.58,8.18,8.27,7.79,85.0,3,3,3.0,2,1,59.6,4.4,58.9,60.6,0,Mid,1,0,8.39
26635,Female,Delhi,Tier2,ECE,DataScience,No,Yes,6.84,6.16,6.03,5.67,6.58,6.36,6.38,6.65,4.24,52.72579989,0,0,1.0,0,1,33.5,2.3,8.7,30.3,0,Low,0,1,0.0
10822,Female,Chennai,Tier1,ECE,DataScience,Yes,No,9.45,10.0,9.9,9.87,9.82,10.0,10.0,10.0,10.0,88.9,2,4,4.0,3,2,78.2,3.9,79.0,69.2,1,High,1,0,25.07
18120,Male,Hyderabad,Tier3,CS,DataScience,No,No,7.24,7.11,7.43,6.52,6.04,6.76,6.9,7.45,6.84,66.0,1,1,1.0,1,0,37.6,1.0,26.3,25.3,1,Mid,0,0,0.0
42882,Female,Hyderabad,Tier3,Mechanical,Embedded,Yes,Yes,7.75,8.43,7.93,8.01,7.75,8.21,8.47,7.53,7.98,73.5,1,3,3.0,0,1,66.7,2.3,56.4,50.5,1,Mid,1,0,8.75
1825,Female,Ahmedabad,Tier1,EE,Networking,Yes,Yes,7.66,7.38,7.16,7.87,7.2,7.94,7.73,7.53,7.56,62.7,1,2,1.0,1,1,55.9,2.7,52.4,49.5,1,Mid,0,0,0.0
46195,Male,Chennai,Tier1,Mechanical,DataScience,No,No,7.57,6.96,7.89,7.05,8.07,7.46,7.58,7.65,7.48,88.3,2,5,3.0,4,1,77.0,2.9,77.4,74.8,0,Mid,1,0,12.6
25435,Male,Jaipur,Tier1,Mechanical,DataScience,No,Yes,4.47,5.06,5.66,4.77,4.65,4.87,4.3,5.49,5.01,73.2,1,2,2.0,2,0,73.5,2.5,47.8,54.1,1,Low,0,0,0.0
40079,Male,Pune,Tier2,CS,DataScience,No,No,6.85,6.62,6.83,7.25,6.96,7.71,6.72,7.46,6.97,97.7,2,3,3.0,3,1,82.7,5.0,83.0,67.0,1,Mid,1,0,8.65
8910,Male,Delhi,Tier3,EE,DataScience,No,No,6.58,6.83,6.67,6.45,5.79,6.24,6.25,5.72,6.14,56.9,1,0,1.0,1,0,43.1,1.5,19.5,24.1,0,Low,0,0,0.0
27451,Female,Chennai,Tier2,Civil,Embedded,Yes,No,8.08,8.31,8.69,9.02,8.77,8.15,8.46,8.62,8.44,84.2,1,3,4.0,4,2,55.8,4.6,80.0,83.1,1,High,1,0,22.58
6947,Male,Hyderabad,Tier2,IT,DataScience,Yes,Yes,8.21,7.7,7.51,7.8,8.6,8.58,8.67,8.89,8.13,77.2,1,3,4.0,3,1,90.1,3.1,67.1,80.2,1,High,1,0,22.47
9686,Male,Hyderabad,Tier3,Mechanical,AI,No,No,7.1,7.39,6.9,7.32,6.95,7.5,7.29,7.28,7.34,83.4,1,2,1.0,2,0,65.3,3.6,60.5,55.8,1,Mid,1,0,8.51
34335,Male,Delhi,Tier3,CS,AI,Yes,No,6.64,6.92,7.01,7.1,7.13,6.97,6.95,7.64,7.09,76.0,1,2,1.0,1,0,61.5,3.1,54.3,45.3,1,Mid,1,0,8.1
46759,Male,Hyderabad,Tier1,IT,AI,Yes,No,7.0,7.16,6.71,6.16,6.92,7.2,7.08,7.21,6.99,79.0,2,4,3.0,3,1,72.6,3.0,73.6,78.4,1,Mid,1,0,10.65
37157,Female,Kochi,Tier3,CS,AI,Yes,No,6.54,7.26,7.17,7.31,6.43,6.98,6.73,6.44,4.38,51.38311177,1,2,1.0,2,0,32.3,2.3,3.1,40.5,1,Mid,1,1,10.86
28080,Female,Pune,Tier3,EE,AI,No,Yes,5.4,4.38,4.84,4.81,4.75,4.84,4.63,4.39,4.77,66.2,1,0,1.0,0,0,56.2,2.6,29.3,35.5,1,Low,0,0,0.0
28533,Female,Mumbai,Tier3,EE,Networking,Yes,No,4.4,4.52,4.57,4.42,4.54,4.22,4.06,4.51,4.22,66.6,0,1,1.0,0,1,54.5,2.0,25.9,28.2,0,Low,0,0,0.0
21421,Male,Delhi,Tier2,CS,DataScience,Yes,No,8.18,8.73,8.49,8.4,7.96,8.2,8.34,8.97,8.35,72.2,1,1,1.0,2,1,67.1,2.7,42.7,51.1,0,High,1,0,18.55
323,Male,Jaipur,Tier1,ECE,Networking,Yes,Yes,7.21,7.8,7.21,7.23,7.36,7.25,7.18,7.15,7.32,77.4,1,2,1.0,3,0,60.9,2.8,59.7,53.9,0,Mid,0,0,0.0
19346,Male,Hyderabad,Tier2,IT,Networking,Yes,No,7.92,7.67,7.82,7.8,7.15,7.38,7.71,7.79,7.74,76.7,1,1,1.0,2,0,68.7,3.0,57.8,49.3,1,Mid,1,0,8.32
14805,Female,Delhi,Tier1,ECE,DataScience,Yes,No,9.76,9.38,8.77,9.5,9.59,9.81,9.61,9.78,9.56,97.6,2,2,4.0,3,2,91.7,3.6,92.5,83.4,1,High,1,0,25.03
45620,Male,Pune,Tier1,ECE,DataScience,Yes,No,6.58,6.56,6.22,6.62,6.84,6.53,6.62,7.34,6.66,91.8,2,4,3.0,3,1,70.5,4.5,70.1,70.2,1,Mid,1,0,8.53
49166,Male,Delhi,Tier2,CS,Networking,Yes,No,6.06,6.31,6.37,5.7,5.79,6.17,5.64,6.1,6.02,67.1,1,2,1.0,2,1,68.7,3.0,48.6,51.3,1,Low,1,0,5.65
28280,Male,Chennai,Tier2,ECE,Networking,Yes,No,5.38,5.37,5.16,5.17,5.09,5.18,5.44,4.82,5.24,90.9,1,1,2.0,2,0,81.8,3.5,60.7,50.6,0,Low,0,0,0.0
38832,Female,Ahmedabad,Tier2,CS,Networking,No,Yes,6.92,6.68,6.14,6.25,6.2,6.69,6.72,6.28,6.59,69.4,0,2,1.0,2,1,67.4,2.5,62.3,55.2,0,Mid,0,0,0.0
27489,Male,Pune,Tier2,ECE,Networking,No,No,7.89,7.56,8.28,8.17,8.0,8.1,8.33,7.72,8.06,93.0,0,2,1.0,2,1,76.2,2.3,56.9,53.8,1,High,1,0,18.17
10497,Male,Bangalore,Tier2,EE,Networking,Yes,Yes,7.35,7.47,7.99,7.47,8.11,7.79,8.0,7.6,7.74,89.1,0,2,2.0,3,1,73.3,3.2,55.0,52.8,1,Mid,1,0,8.47
42663,Male,Mumbai,Tier2,IT,DataScience,Yes,No,6.29,5.75,6.1,5.48,5.33,5.64,5.87,5.92,5.88,65.9,0,1,0.0,0,0,40.4,1.6,23.4,25.2,0,Low,0,0,0.0
5529,Male,Bangalore,Tier3,CS,Networking,No,No,7.43,7.5,7.58,7.46,7.0,7.42,7.13,7.81,4.1,51.89051019,1,2,2.0,2,0,36.9,3.2,9.9,57.3,0,Mid,1,1,8.22
31209,Female,Jaipur,Tier1,EE,Networking,No,No,9.55,9.3,9.03,8.91,9.69,8.62,9.4,9.61,9.46,83.6,2,3,3.0,3,2,97.8,3.4,72.6,54.1,1,High,1,0,25.94
40988,Male,Chennai,Tier2,ECE,Networking,Yes,Yes,8.33,8.12,8.53,7.79,8.48,9.0,8.89,8.06,8.32,77.6,1,1,2.0,2,0,71.8,2.3,49.0,57.4,0,High,1,0,18.71
21333,Male,Bangalore,Tier1,Civil,DataScience,Yes,No,6.36,6.77,6.99,6.68,6.72,7.06,6.78,6.95,6.85,90.5,2,4,1.0,3,1,72.0,4.1,85.0,72.5,0,Mid,1,0,8.05
3403,Male,Bangalore,Tier2,CS,DataScience,No,No,5.43,5.21,5.54,5.35,5.04,4.96,5.43,4.87,5.04,57.5,0,1,0.0,1,0,54.5,1.5,28.4,30.6,1,Low,0,0,0.0
27136,Male,Pune,Tier2,IT,AI,No,No,5.44,5.86,5.37,5.73,4.85,4.84,5.6,5.19,5.25,56.2,0,1,1.0,0,0,52.6,1.9,23.6,27.6,0,Low,0,0,0.0
25716,Female,Pune,Tier2,ECE,Networking,Yes,Yes,4.52,4.31,4.0,4.18,4.0,4.0,4.0,4.05,4.02,52.6,0,1,1.0,0,0,42.0,2.1,29.7,24.4,1,Low,0,0,0.0
483,Male,Chennai,Tier1,CS,AI,No,No,7.64,7.33,7.24,7.81,7.76,7.48,7.48,7.55,7.48,78.6,1,1,2.0,1,1,65.7,3.9,64.3,50.1,0,Mid,1,0,8.53
28662,Male,Kolkata,Tier2,EE,AI,No,No,7.72,7.78,7.86,7.94,7.9,8.73,7.97,9.0,7.84,77.2,3,4,2.0,3,1,92.3,4.5,66.6,81.3,1,Mid,1,0,8.92
14182,Female,Chennai,Tier1,EE,Embedded,Yes,No,5.69,5.7,5.99,5.94,6.12,6.77,6.78,6.13,6.2,100.0,1,4,3.0,3,2,83.5,3.3,87.4,78.6,1,Low,1,0,5.98
8791,Male,Bangalore,Tier2,CS,Embedded,No,No,5.47,5.31,5.45,5.96,5.27,5.13,5.69,5.24,5.41,60.2,0,0,1.0,0,0,51.5,1.7,29.3,27.8,1,Low,0,0,0.0
38979,Male,Chennai,Tier3,CS,AI,Yes,No,6.31,6.87,6.51,6.45,6.48,6.4,6.45,6.28,6.35,50.0,1,0,0.0,0,0,46.2,1.2,31.3,23.9,0,Low,0,0,0.0
22604,Male,Kolkata,Tier3,ECE,AI,Yes,No,6.46,6.14,6.51,6.43,6.52,6.16,6.39,6.36,6.38,75.7,1,2,2.0,2,0,74.8,3.0,59.2,51.3,0,Low,1,0,3.55
37028,Female,Bangalore,Tier1,IT,Networking,Yes,No,9.75,9.99,9.58,10.0,9.8,9.81,10.0,10.0,9.82,90.8,2,3,4.0,3,1,81.9,5.0,86.7,71.8,1,High,1,0,25.49
33068,Male,Chennai,Tier1,IT,Networking,Yes,Yes,7.89,7.41,7.06,7.01,7.08,7.78,7.56,7.09,7.31,72.9,1,2,1.0,1,1,57.1,3.7,51.2,55.2,0,Mid,1,0,8.06
374,Male,Jaipur,Tier2,Mechanical,DataScience,No,No,4.69,5.81,4.98,4.68,5.21,4.72,4.61,5.31,5.05,73.8,1,2,1.0,2,1,70.5,3.1,50.6,52.1,0,Low,0,0,0.0
39617,Male,Delhi,Tier2,ECE,DataScience,Yes,No,8.42,9.03,8.54,9.17,9.09,9.35,8.92,9.08,8.79,88.1,2,4,3.0,3,1,75.3,4.4,70.7,78.9,1,High,1,0,22.42
32025,Female,Bangalore,Tier1,Mechanical,DataScience,No,No,9.94,9.98,9.36,9.93,10.0,9.92,10.0,10.0,9.88,100.0,2,2,3.0,3,1,77.8,3.5,89.5,84.0,0,High,1,0,18.32
21635,Male,Hyderabad,Tier1,CS,Embedded,Yes,No,9.44,9.67,9.95,9.91,9.66,10.0,9.41,10.0,9.92,90.5,2,3,3.0,3,2,87.8,4.0,80.6,77.3,1,High,1,0,25.02
4580,Male,Hyderabad,Tier2,Mechanical,Embedded,Yes,No,8.02,7.45,7.51,7.7,7.89,7.41,7.42,7.43,7.75,86.1,0,2,2.0,2,1,54.9,3.7,53.4,49.2,0,Mid,0,0,0.0
17783,Female,Hyderabad,Tier1,CS,Networking,No,No,8.16,7.18,8.31,7.27,7.86,8.0,8.16,7.48,7.78,83.1,1,1,2.0,2,0,60.9,2.4,51.9,51.3,1,Mid,1,0,8.02
40303,Male,Kolkata,Tier2,Mechanical,DataScience,No,No,8.11,8.39,7.94,8.6,9.11,8.59,8.3,8.78,8.59,61.5,0,2,2.0,3,0,78.6,3.5,71.4,46.3,1,High,1,0,18.29
19517,Female,Delhi,Tier3,ECE,Embedded,No,Yes,5.1,5.59,5.14,5.12,5.49,5.36,5.23,4.62,5.33,70.0,0,0,0.0,0,0,41.1,2.2,26.8,27.7,0,Low,0,0,0.0
12618,Male,Pune,Tier2,CS,Embedded,No,No,9.76,10.0,9.57,9.58,10.0,9.88,10.0,10.0,9.87,93.0,1,4,3.0,3,2,69.7,4.2,98.0,76.7,1,High,1,0,25.6
48721,Male,Bangalore,Tier2,IT,AI,Yes,No,10.0,10.0,10.0,10.0,10.0,9.94,9.9,10.0,9.84,85.0,1,4,2.0,3,2,84.8,3.8,83.6,80.7,1,High,1,0,25.82
13912,Female,Chennai,Tier1,Mechanical,AI,No,No,8.61,8.51,7.83,8.93,8.76,9.17,8.73,8.86,8.84,92.0,2,4,3.0,3,2,100.0,3.6,94.1,72.1,1,High,1,0,22.75
7095,Male,Bangalore,Tier2,Mechanical,Embedded,Yes,No,8.54,8.46,9.14,9.16,8.73,8.41,8.51,8.35,8.62,78.9,1,2,1.0,1,0,60.2,2.6,49.3,60.0,0,High,1,0,18.78
15401,Male,Hyderabad,Tier2,CS,DataScience,No,No,8.27,8.0,8.43,8.04,8.02,8.47,8.57,8.49,8.26,68.9,0,2,2.0,1,0,65.5,2.7,54.4,52.3,1,High,1,0,18.14
29298,Female,Kochi,Tier2,IT,AI,No,No,7.6,8.03,8.31,7.83,8.37,8.3,8.29,7.67,8.02,81.2,2,4,3.0,3,2,86.1,4.8,87.3,70.9,1,High,1,0,22.69
33130,Male,Delhi,Tier3,ECE,Embedded,No,No,5.33,5.67,5.34,6.29,5.86,5.11,5.62,5.93,5.48,64.6,1,0,0.0,0,0,47.4,2.4,34.9,28.3,0,Low,0,0,0.0
29117,Male,Mumbai,Tier3,ECE,DataScience,Yes,No,7.65,6.81,7.87,6.29,7.35,7.46,7.11,6.83,7.09,78.4,0,2,2.0,1,1,61.5,2.1,60.2,50.8,0,Mid,1,0,10.41
45115,Female,Hyderabad,Tier3,ECE,Embedded,Yes,Yes,5.75,5.8,6.14,5.11,6.01,5.32,5.36,4.91,5.38,50.5,0,0,1.0,1,0,49.2,1.9,26.6,28.2,0,Low,0,0,0.0
63,Female,Pune,Tier3,Civil,Embedded,No,No,6.15,6.48,6.43,5.86,6.4,6.16,6.56,5.9,6.37,54.9,0,1,0.0,0,1,53.2,2.5,28.9,26.2,0,Low,0,0,0.0
25110,Male,Bangalore,Tier2,ECE,AI,Yes,No,9.81,9.98,9.85,9.81,10.0,9.97,10.0,10.0,10.0,90.5,2,4,3.0,2,2,78.4,3.6,94.9,84.0,1,High,1,0,25.99
12025,Male,Chennai,Tier2,EE,AI,Yes,No,7.88,7.67,8.22,7.92,7.76,7.84,7.9,7.99,7.87,86.2,1,1,2.0,2,0,72.5,3.2,58.8,49.8,1,Mid,1,0,12.44
37596,Female,Hyderabad,Tier1,ECE,Networking,Yes,No,9.76,9.76,9.82,9.6,9.94,9.63,10.0,10.0,9.82,88.1,1,3,3.0,3,1,89.8,4.4,67.3,75.5,0,High,1,0,18.66
47293,Male,Delhi,Tier1,Mechanical,Embedded,No,No,10.0,10.0,10.0,9.94,10.0,9.87,10.0,10.0,10.0,100.0,2,5,3.0,4,2,91.6,3.6,80.1,84.7,1,High,1,0,25.19
22682,Male,Chennai,Tier2,ECE,Embedded,No,No,6.62,7.05,7.13,6.7,7.18,7.11,7.32,7.28,7.19,75.4,2,2,2.0,3,1,84.5,3.8,90.6,80.2,0,Mid,1,0,8.54
29910,Male,Jaipur,Tier2,CS,Networking,Yes,No,7.44,7.06,7.47,7.71,8.07,8.3,7.84,7.29,7.74,91.1,2,4,2.0,4,1,83.0,4.0,61.0,58.0,0,Mid,1,0,8.97
25885,Male,Hyderabad,Tier1,Mechanical,AI,No,No,6.7,6.27,6.98,6.26,6.67,6.64,7.33,6.66,6.77,64.0,1,2,2.0,1,0,64.6,4.1,55.4,48.3,1,Mid,1,0,8.34
8359,Female,Hyderabad,Tier2,CS,Networking,No,No,8.17,8.91,8.29,8.94,9.06,8.63,8.75,8.65,8.6,80.3,1,4,4.0,3,1,94.5,4.3,74.6,76.2,0,High,1,0,18.09
4996,Female,Ahmedabad,Tier2,CS,AI,No,No,4.76,4.99,4.67,5.1,5.12,4.72,4.76,4.68,4.93,58.3,0,1,0.0,0,0,46.4,1.1,26.5,31.8,0,Low,0,0,0.0
37219,Female,Pune,Tier1,Mechanical,Networking,Yes,No,8.41,8.81,8.91,8.38,8.44,8.47,8.6,9.01,8.42,85.9,3,3,3.0,4,2,70.0,4.5,96.5,64.5,1,High,1,0,22.19
45048,Female,Bangalore,Tier3,ECE,DataScience,Yes,No,6.52,6.77,6.57,6.5,6.7,6.14,5.71,6.5,6.49,66.4,0,0,0.0,0,0,51.9,1.0,30.2,29.5,1,Low,0,0,0.0
13735,Male,Ahmedabad,Tier2,Mechanical,Embedded,No,No,4.41,4.43,5.1,4.49,4.69,4.8,5.11,5.34,4.68,76.0,1,2,2.0,2,1,73.2,2.3,56.4,51.6,0,Low,0,0,0.0
42275,Male,Chennai,Tier2,Civil,DataScience,Yes,Yes,7.65,7.8,8.03,7.87,8.21,8.07,8.16,8.49,8.16,75.8,0,3,2.0,2,1,75.3,4.0,54.7,56.5,1,High,1,0,22.18
12432,Male,Hyderabad,Tier1,Civil,DataScience,No,No,7.7,7.71,7.17,8.32,7.74,8.34,8.42,7.53,7.94,93.0,2,2,4.0,2,2,75.7,4.2,79.8,89.8,1,Mid,1,0,10.74
7919,Male,Kochi,Tier1,ECE,Embedded,Yes,No,5.71,6.29,6.08,5.69,7.09,6.95,6.82,6.74,6.5,79.0,1,4,2.0,4,1,87.4,4.1,84.5,71.4,1,Low,1,0,5.88
9646,Female,Ahmedabad,Tier2,CS,DataScience,Yes,No,5.51,5.22,5.52,5.52,5.33,5.44,5.24,5.26,5.43,93.6,1,1,1.0,1,0,75.7,3.4,52.1,50.7,0,Low,1,0,3.89
38770,Female,Hyderabad,Tier3,CS,AI,Yes,No,5.31,5.58,4.75,5.72,4.77,4.86,4.95,4.57,5.17,55.9,0,0,0.0,0,0,55.9,2.7,24.3,31.3,1,Low,0,0,0.0
22446,Male,Mumbai,Tier1,IT,AI,Yes,No,8.85,9.24,9.18,9.48,9.29,9.31,9.35,8.92,9.22,91.8,1,5,3.0,3,1,94.0,4.2,96.3,80.0,1,High,1,0,25.33
10325,Male,Kolkata,Tier1,Civil,Networking,No,No,8.58,8.52,8.42,9.17,8.57,8.66,8.34,8.65,8.51,85.0,2,2,2.0,3,2,96.8,5.0,72.8,71.1,1,High,1,0,22.94
37747,Female,Kolkata,Tier2,IT,Embedded,Yes,No,8.23,7.77,8.05,8.2,8.27,8.04,8.16,7.9,8.08,77.3,0,1,3.0,1,0,77.0,2.7,60.5,52.6,1,High,1,0,18.24
41365,Male,Mumbai,Tier2,IT,AI,Yes,No,9.86,9.84,9.7,9.81,9.87,10.0,10.0,10.0,9.94,87.5,1,4,2.0,3,2,90.7,2.3,83.3,80.0,0,High,1,0,18.75
3181,Male,Bangalore,Tier2,Mechanical,DataScience,Yes,No,8.73,9.12,8.69,8.72,8.15,8.97,8.64,9.58,8.73,99.2,1,4,2.0,4,1,80.6,3.9,70.2,61.9,1,High,1,0,22.65
29110,Female,Hyderabad,Tier2,CS,DataScience,Yes,No,6.12,5.28,5.94,6.05,6.01,5.85,5.72,6.27,5.86,100.0,2,3,3.0,4,0,86.5,3.8,80.0,74.0,1,Low,1,0,5.98
17021,Male,Ahmedabad,Tier1,EE,DataScience,Yes,No,10.0,9.76,9.66,10.0,10.0,10.0,10.0,10.0,9.9,74.7,3,3,3.0,4,2,81.8,5.0,91.6,71.8,1,High,1,0,25.76
30559,Female,Mumbai,Tier1,Mechanical,Networking,Yes,No,10.0,10.0,10.0,10.0,10.0,10.0,9.85,10.0,10.0,94.6,2,3,3.0,2,1,67.1,3.8,82.7,66.7,1,High,1,0,25.46
429,Male,Ahmedabad,Tier3,CS,DataScience,Yes,No,7.32,7.5,7.86,6.91,7.31,7.71,7.41,7.72,7.45,68.4,1,1,2.0,1,0,80.0,2.2,50.9,56.6,0,Mid,1,0,8.89
45145,Male,Delhi,Tier1,Mechanical,Embedded,No,No,7.71,8.0,7.95,8.45,8.55,8.68,8.65,9.0,8.46,80.6,2,4,2.0,3,1,65.1,4.5,57.2,63.6,1,High,1,0,22.84
36166,Male,Ahmedabad,Tier2,CS,AI,No,No,6.36,6.72,6.19,6.2,6.55,7.01,6.47,6.65,6.55,72.6,1,3,2.0,2,1,59.2,3.1,54.8,54.7,0,Mid,1,0,8.41
43339,Female,Bangalore,Tier1,Mechanical,Networking,No,No,8.89,8.51,8.05,8.36,8.59,9.17,9.16,8.95,8.66,81.1,2,3,3.0,3,2,75.4,4.6,82.0,66.0,0,High,1,0,18.53
24212,Male,Bangalore,Tier2,CS,AI,No,Yes,4.0,4.48,4.38,4.0,4.0,4.0,4.0,4.0,4.14,58.0,0,1,0.0,1,0,47.6,1.4,27.7,31.1,0,Low,0,0,0.0
10366,Male,Mumbai,Tier2,IT,Networking,Yes,No,6.5,6.83,6.96,6.68,6.36,7.05,6.73,6.92,6.95,67.1,1,2,3.0,1,1,60.5,2.8,51.7,53.2,0,Mid,1,0,8.17
39273,Male,Chennai,Tier2,ECE,DataScience,Yes,No,9.2,8.71,9.13,8.67,9.5,8.91,9.49,8.96,9.0,78.5,1,1,2.0,2,1,67.3,2.8,40.9,53.5,1,High,1,0,18.71
20850,Male,Pune,Tier2,EE,AI,No,No,10.0,10.0,10.0,10.0,10.0,10.0,10.0,10.0,10.0,86.1,2,2,3.0,4,1,71.1,5.0,59.7,76.0,1,High,1,0,25.03
16843,Male,Pune,Tier3,CS,DataScience,No,No,5.79,5.78,5.45,5.06,5.22,5.2,5.28,5.26,5.53,58.8,0,0,1.0,0,0,45.1,2.4,34.6,32.1,0,Low,0,0,0.0
9999,Female,Bangalore,Tier2,EE,Networking,No,No,5.93,6.22,5.94,5.83,6.43,6.61,6.43,5.99,6.15,84.9,1,2,1.0,1,1,54.7,3.1,43.9,61.1,0,Low,1,0,5.67
7498,Male,Ahmedabad,Tier3,CS,DataScience,Yes,No,4.8,5.29,5.38,4.84,4.93,5.09,5.2,4.38,4.94,62.4,0,1,0.0,1,0,54.7,2.6,35.6,28.7,0,Low,0,0,0.0
5460,Female,Mumbai,Tier2,CS,AI,No,Yes,5.33,5.12,5.3,5.9,4.87,4.87,5.7,4.6,5.29,63.7,0,1,0.0,1,1,55.2,2.4,27.7,31.5,1,Low,0,0,0.0
4574,Male,Bangalore,Tier2,CS,DataScience,Yes,No,8.4,8.28,7.71,8.07,8.39,8.11,8.31,7.97,8.21,72.0,1,2,3.0,1,1,56.2,2.5,54.2,59.4,0,High,1,0,18.99
33840,Male,Kochi,Tier2,CS,Embedded,Yes,No,4.56,4.61,4.61,4.98,4.79,4.35,4.38,4.72,4.68,66.6,0,0,0.0,1,0,52.3,1.5,33.5,32.2,0,Low,0,0,0.0
23589,Male,Jaipur,Tier3,CS,DataScience,Yes,No,5.57,5.0,5.27,4.78,4.89,4.77,4.82,4.8,4.93,67.0,0,1,1.0,0,0,48.6,2.7,25.7,28.5,1,Low,0,0,0.0
7295,Female,Bangalore,Tier1,Civil,Networking,No,No,7.39,7.37,6.78,7.36,6.94,7.7,7.74,7.32,7.35,97.4,3,2,3.0,3,1,93.5,3.7,70.9,86.9,1,Mid,1,0,9.93
25914,Male,Ahmedabad,Tier2,CS,AI,Yes,Yes,7.08,7.49,7.68,7.67,7.35,7.13,6.91,7.12,7.25,93.1,2,2,2.0,3,1,66.0,3.0,55.4,44.7,0,Mid,1,0,12.68
16358,Male,Bangalore,Tier1,ECE,Networking,Yes,No,6.22,4.83,5.33,5.25,5.61,5.32,5.79,5.58,5.45,67.7,1,2,1.0,2,0,59.0,2.4,48.0,46.1,0,Low,0,0,0.0
36330,Female,Hyderabad,Tier3,ECE,AI,No,No,4.04,4.18,4.0,4.0,4.0,4.0,4.0,4.0,4.09,57.9,1,1,1.0,0,0,54.1,1.6,25.4,31.6,1,Low,0,0,0.0
46763,Male,Hyderabad,Tier1,Mechanical,DataScience,No,No,8.84,9.58,9.91,9.96,9.77,9.93,9.91,9.76,9.71,100.0,2,4,2.0,4,1,70.7,5.0,66.0,77.0,0,High,1,0,18.03
11193,Male,Pune,Tier1,CS,DataScience,No,No,8.04,8.32,8.7,8.34,8.43,8.84,9.03,8.37,8.69,88.4,2,3,2.0,3,1,81.6,5.0,75.5,61.9,1,High,1,0,22.13
27639,Male,Bangalore,Tier2,EE,Embedded,No,Yes,5.73,5.34,5.44,5.36,4.86,4.99,5.13,4.93,5.21,53.5,0,1,0.0,0,0,35.7,1.3,31.3,29.6,0,Low,0,0,0.0
35306,Male,Pune,Tier2,CS,AI,No,No,7.12,7.41,7.98,7.35,7.99,7.77,7.92,7.94,7.58,78.2,0,2,2.0,1,1,65.2,2.6,49.3,63.0,0,Mid,1,0,12.06
17715,Male,Kolkata,Tier1,Civil,DataScience,Yes,No,8.24,8.26,8.08,8.51,8.99,8.36,8.53,8.57,8.5,98.6,1,2,2.0,3,1,100.0,4.1,95.1,59.1,1,High,1,0,22.97
32664,Female,Kolkata,Tier2,CS,AI,No,No,6.6,6.83,7.09,7.3,7.25,6.4,6.88,6.68,9.74,69.9,3,5,0.0,2,0,96.7,3.2,98.7,62.2,0,Mid,1,1,8.42
13168,Male,Delhi,Tier1,CS,Networking,No,No,9.72,9.49,9.24,9.7,9.81,9.99,10.0,10.0,9.66,93.4,2,3,2.0,2,2,73.5,2.6,89.7,73.8,1,High,1,0,18.16
27402,Male,Pune,Tier3,CS,AI,No,No,5.82,5.75,6.13,5.94,5.7,6.07,5.95,6.56,6.1,70.2,1,2,3.0,2,0,76.9,3.0,47.6,54.0,0,Low,1,0,3.81
12458,Female,Ahmedabad,Tier2,EE,Networking,No,No,8.33,8.55,8.21,8.26,8.07,7.75,8.12,8.3,8.01,74.6,1,1,2.0,1,0,59.1,3.8,44.8,51.4,1,High,0,0,18.02
37088,Male,Chennai,Tier2,IT,Embedded,No,No,10.0,10.0,10.0,10.0,10.0,10.0,10.0,10.0,9.93,87.8,2,5,3.0,3,1,93.6,3.6,88.6,69.3,0,High,1,0,18.59
21359,Male,Kochi,Tier1,Mechanical,Embedded,No,Yes,8.93,9.16,8.91,9.12,9.51,9.59,9.18,9.15,9.15,98.0,2,4,3.0,4,1,85.8,3.8,83.3,86.2,0,High,1,0,18.57
40554,Male,Bangalore,Tier3,ECE,AI,No,No,5.42,5.41,5.33,5.96,6.25,5.8,5.29,6.19,5.6,71.3,1,1,2.0,2,0,68.8,2.6,43.5,37.4,1,Low,1,0,4.09
25254,Male,Mumbai,Tier1,ECE,Networking,No,No,6.96,6.72,7.41,7.7,6.62,6.96,7.33,7.07,7.23,84.2,1,1,2.0,2,0,65.6,2.0,55.0,63.7,1,Mid,1,0,8.18
41258,Male,Kolkata,Tier3,Mechanical,Networking,Yes,Yes,7.05,6.6,7.05,6.96,7.09,7.19,6.42,6.12,6.74,73.0,0,0,0.0,1,0,48.3,1.7,24.9,28.5,0,Mid,0,0,0.0
5236,Female,Kochi,Tier2,CS,Embedded,Yes,No,7.81,8.54,8.7,8.38,9.16,8.42,8.77,9.18,4.41,52.58510929,2,3,3.0,3,0,35.5,3.6,5.2,75.3,1,High,1,1,18.01
5764,Male,Delhi,Tier1,Civil,Networking,No,No,6.73,6.84,6.75,7.61,6.46,7.07,7.58,7.76,7.21,93.2,1,5,4.0,3,1,54.3,4.4,78.0,62.1,1,Mid,1,0,8.6
19733,Male,Bangalore,Tier2,CS,DataScience,Yes,No,6.32,6.31,5.9,5.53,6.06,6.38,6.08,5.88,5.96,69.4,1,2,1.0,2,0,69.8,2.8,58.9,62.4,1,Low,1,0,6.38
39018,Male,Kolkata,Tier3,IT,DataScience,Yes,Yes,7.56,7.99,7.59,6.78,7.75,7.61,7.41,7.4,7.39,57.0,0,0,0.0,1,0,42.1,2.2,28.8,26.0,0,Mid,0,0,0.0
36079,Male,Ahmedabad,Tier2,Mechanical,DataScience,Yes,Yes,7.73,7.7,7.44,7.7,7.44,7.18,7.11,7.06,7.39,69.5,2,3,2.0,1,0,67.9,2.3,52.5,63.5,0,Mid,0,0,0.0
44768,Female,Bangalore,Tier3,IT,AI,Yes,Yes,4.38,5.47,5.31,5.26,5.17,4.57,5.15,5.13,5.02,54.8,1,0,1.0,0,0,47.9,1.5,26.3,36.2,0,Low,0,0,0.0
46355,Male,Hyderabad,Tier2,ECE,Networking,No,Yes,4.74,4.98,5.12,4.62,5.28,4.63,4.19,4.0,4.58,59.3,0,1,1.0,1,0,50.5,1.7,32.2,34.1,0,Low,0,0,0.0
42759,Female,Hyderabad,Tier1,ECE,DataScience,No,No,8.52,8.23,8.82,8.09,8.48,8.82,8.69,8.23,8.65,93.1,2,2,2.0,2,1,81.5,4.4,66.8,78.2,1,High,1,0,22.11
47079,Female,Pune,Tier3,ECE,Networking,No,Yes,5.22,6.0,5.37,5.49,5.18,4.63,5.39,4.67,5.17,58.5,0,0,1.0,0,1,44.8,1.4,21.9,38.9,0,Low,0,0,0.0
41441,Male,Kochi,Tier3,Mechanical,Networking,No,No,4.52,5.24,5.0,4.37,5.19,4.41,4.9,4.29,4.84,56.2,0,1,1.0,0,0,52.3,2.1,28.7,31.2,0,Low,0,0,0.0
21523,Female,Pune,Tier2,IT,Networking,Yes,Yes,6.76,5.98,6.18,6.93,6.87,6.69,6.41,6.71,6.64,92.1,2,2,2.0,4,2,85.0,4.1,74.0,72.2,1,Mid,1,0,9.96
39093,Female,Mumbai,Tier3,CS,DataScience,Yes,Yes,4.37,4.0,4.28,4.28,4.27,4.0,4.0,4.0,4.26,70.8,0,1,0.0,0,0,48.9,2.1,28.7,26.5,0,Low,0,0,0.0
19137,Male,Bangalore,Tier2,ECE,Networking,No,No,8.48,7.97,8.19,8.25,8.58,8.53,8.19,8.62,8.23,92.6,2,3,2.0,3,1,68.7,3.9,73.8,77.9,1,High,1,0,22.26
9385,Male,Pune,Tier3,ECE,Embedded,No,Yes,6.79,6.22,6.64,6.76,6.71,6.35,5.96,7.0,6.52,71.5,1,2,3.0,2,1,72.7,3.5,56.5,56.7,1,Mid,0,0,0.0
21113,Male,Pune,Tier3,Civil,Networking,Yes,No,5.37,5.4,5.51,6.11,5.18,5.72,5.49,5.34,5.59,81.2,2,2,2.0,2,1,60.2,1.7,54.9,50.6,1,Low,0,0,0.0
43031,Male,Chennai,Tier3,ECE,AI,Yes,Yes,5.72,5.59,5.82,5.46,5.72,5.35,5.97,6.3,5.69,67.9,2,3,2.0,3,0,66.7,3.2,55.3,43.5,1,Low,0,0,0.0
24593,Female,Bangalore,Tier3,ECE,Networking,Yes,Yes,5.47,5.32,5.33,4.69,4.95,4.8,5.26,4.7,5.14,59.2,0,0,0.0,0,0,46.7,1.5,26.6,28.8,0,Low,0,0,0.0
27462,Female,Bangalore,Tier1,ECE,Embedded,No,No,8.92,9.45,9.31,8.75,9.32,9.02,9.45,9.04,9.23,86.5,2,3,3.0,4,1,95.1,4.1,73.5,88.7,1,High,1,0,25.77
34138,Male,Bangalore,Tier1,IT,DataScience,Yes,No,7.7,6.98,7.48,7.41,7.38,7.67,8.08,8.22,7.58,90.0,2,3,3.0,3,3,91.4,5.0,70.5,60.2,1,Mid,1,0,9.0
31231,Male,Kochi,Tier3,CS,Networking,Yes,No,8.4,8.7,8.6,8.41,8.79,8.66,8.47,8.0,8.49,77.4,1,2,2.0,2,1,72.1,3.6,54.2,44.2,1,High,1,0,18.41
44958,Male,Hyderabad,Tier2,Mechanical,Embedded,Yes,No,9.3,8.81,9.23,8.52,9.11,9.02,9.61,9.55,9.21,84.5,1,3,3.0,4,1,88.8,3.4,89.3,70.7,0,High,1,0,18.57
31461,Male,Mumbai,Tier2,EE,Networking,Yes,No,7.59,7.36,6.82,7.3,7.37,8.09,7.39,7.32,7.42,89.5,2,4,2.0,2,2,83.9,3.3,71.3,66.4,1,Mid,1,0,8.01
43706,Female,Chennai,Tier1,IT,AI,Yes,No,7.64,7.82,8.21,8.63,8.05,8.47,7.89,8.58,8.1,87.3,2,4,4.0,4,1,91.9,3.8,99.6,69.3,1,High,1,0,22.11
28615,Male,Mumbai,Tier1,CS,DataScience,Yes,No,8.35,8.1,8.22,7.87,7.58,8.05,7.88,7.82,8.14,82.8,2,4,1.0,4,0,87.7,2.8,85.3,81.6,1,High,1,0,18.13
30871,Male,Kolkata,Tier2,CS,Networking,Yes,Yes,5.18,5.14,4.64,5.14,5.52,5.14,5.33,5.03,4.09,53.40633255,1,1,1.0,2,1,32.7,2.5,7.6,62.0,1,Low,0,1,0.0
9069,Female,Delhi,Tier2,Civil,Networking,Yes,No,9.73,9.18,9.64,9.28,8.82,9.45,9.43,9.27,9.32,83.3,1,4,3.0,4,1,88.7,4.4,78.1,62.2,1,High,1,0,25.91
22922,Female,Chennai,Tier3,CS,AI,Yes,Yes,6.8,6.03,6.3,5.86,5.87,5.95,6.23,6.34,6.04,62.2,0,0,0.0,1,0,53.7,2.3,25.7,29.7,0,Low,0,0,0.0
36212,Male,Kochi,Tier2,Civil,Embedded,Yes,No,6.44,6.48,6.5,6.24,6.12,6.34,6.5,5.93,9.77,72.0,3,5,1.0,2,0,97.5,3.1,95.7,48.2,1,Low,1,1,4.81
3228,Male,Bangalore,Tier3,ECE,Embedded,Yes,No,5.67,5.92,6.2,6.23,6.05,5.96,5.82,6.01,5.98,79.1,0,2,2.0,2,1,62.3,3.1,52.6,65.3,0,Low,0,0,0.0
44490,Female,Delhi,Tier2,IT,DataScience,Yes,No,9.08,8.88,9.01,8.86,8.55,8.95,9.15,8.97,8.8,69.9,2,3,4.0,3,2,87.4,4.8,70.7,58.8,0,High,1,0,18.05
25420,Male,Ahmedabad,Tier3,Civil,Networking,Yes,Yes,5.4,5.27,5.33,5.95,5.22,5.32,4.73,5.4,5.44,73.2,0,1,1.0,1,0,44.6,2.0,33.0,25.4,0,Low,0,0,0.0
32344,Female,Pune,Tier2,ECE,DataScience,Yes,No,9.62,9.36,8.78,9.02,9.21,9.39,9.2,8.88,9.44,84.0,2,4,4.0,3,1,84.3,3.4,98.8,78.5,1,High,1,0,25.67
30373,Female,Bangalore,Tier3,EE,Embedded,Yes,No,7.16,6.52,6.42,6.55,7.16,6.34,6.55,6.4,6.7,63.6,1,1,1.0,1,0,44.8,1.9,24.3,32.2,0,Mid,0,0,0.0
35716,Female,Chennai,Tier2,ECE,Embedded,Yes,No,8.26,8.34,8.25,8.79,8.36,7.96,9.09,8.66,8.36,97.3,2,2,3.0,3,2,64.3,4.6,96.6,75.6,1,High,1,0,22.26
43932,Male,Delhi,Tier1,ECE,Networking,No,Yes,6.21,6.68,6.59,6.69,6.69,7.25,6.69,6.6,6.73,87.7,1,1,1.0,1,0,73.9,3.2,46.9,44.7,0,Mid,1,0,8.07
49578,Female,Hyderabad,Tier1,CS,AI,Yes,No,6.56,5.78,6.24,6.49,6.08,6.36,6.13,6.96,6.36,72.4,1,2,3.0,4,1,77.5,4.9,81.1,90.9,1,Low,1,0,5.51
26773,Male,Chennai,Tier2,ECE,Networking,No,No,4.79,5.11,5.14,5.4,5.38,4.77,4.73,4.11,4.83,60.9,1,1,1.0,0,0,44.0,1.3,29.5,30.6,0,Low,0,0,0.0
37655,Male,Delhi,Tier2,ECE,Embedded,Yes,No,6.73,7.6,7.71,6.84,7.55,8.18,7.72,7.81,7.49,93.0,2,4,2.0,3,1,84.0,3.8,77.5,78.2,0,Mid,1,0,8.81
39191,Female,Jaipur,Tier3,ECE,DataScience,No,No,4.78,4.86,4.55,4.62,4.0,4.56,4.0,5.12,4.55,59.6,0,0,1.0,0,0,46.5,2.1,18.8,33.4,0,Low,0,0,0.0
3376,Female,Chennai,Tier2,EE,Embedded,Yes,No,8.0,8.22,8.39,8.07,7.77,8.31,8.0,8.09,8.09,73.9,1,2,2.0,1,1,60.8,2.7,53.1,55.4,1,High,1,0,18.35
18893,Female,Pune,Tier2,IT,Networking,No,No,7.9,8.21,7.29,7.67,7.93,7.46,7.68,8.14,7.88,81.4,1,1,1.0,2,1,49.6,2.5,50.1,50.6,1,Mid,0,0,0.0
3864,Female,Hyderabad,Tier2,Mechanical,DataScience,Yes,No,8.85,9.11,9.12,8.71,9.29,9.21,9.15,9.04,9.01,93.0,2,2,4.0,3,1,82.1,4.1,70.7,66.8,1,High,1,0,25.39
7210,Male,Bangalore,Tier2,Mechanical,DataScience,Yes,No,6.77,6.93,6.96,6.89,7.01,6.2,6.29,7.53,6.84,76.5,1,2,2.0,2,0,74.8,2.9,47.8,63.3,1,Mid,1,0,8.16
15971,Male,Kolkata,Tier3,CS,Networking,Yes,No,5.63,6.15,6.38,5.63,6.12,5.53,5.62,5.54,5.91,50.0,1,1,0.0,1,0,48.1,1.4,34.0,28.4,1,Low,0,0,0.0
47849,Male,Ahmedabad,Tier1,ECE,Networking,No,No,7.38,6.89,7.28,7.54,7.23,7.37,7.25,7.35,7.18,73.6,2,3,3.0,4,2,90.8,3.6,74.9,75.9,0,Mid,1,0,12.83
38202,Male,Jaipur,Tier2,EE,AI,No,No,6.99,7.61,7.45,7.59,7.23,7.32,7.54,7.55,7.29,88.7,1,3,4.0,3,1,90.1,3.7,77.5,68.9,0,Mid,1,0,8.01
2096,Female,Kochi,Tier3,Civil,AI,No,No,6.11,5.78,6.1,6.26,6.75,6.02,5.57,5.88,5.94,77.6,1,3,2.0,1,0,58.9,3.0,52.5,50.4,0,Low,0,0,0.0
28781,Female,Kolkata,Tier2,ECE,DataScience,No,No,6.44,5.62,6.4,5.57,5.71,5.87,5.74,5.45,5.75,58.7,0,1,2.0,2,1,63.5,4.0,58.3,53.1,1,Low,0,0,0.0
42963,Male,Pune,Tier3,Civil,DataScience,No,Yes,5.78,6.24,6.08,5.85,5.73,5.54,5.21,5.44,5.67,54.3,0,0,0.0,0,0,46.8,1.8,25.8,29.2,1,Low,0,0,0.0
31466,Male,Kochi,Tier1,Mechanical,Embedded,Yes,No,5.04,5.9,5.14,5.69,5.46,5.77,4.99,5.24,5.49,87.1,1,2,0.0,2,0,59.5,3.1,56.6,40.1,1,Low,0,0,0.0
3759,Male,Pune,Tier1,Civil,Networking,Yes,No,8.04,8.39,7.83,9.11,9.04,8.56,7.92,8.47,8.44,67.1,2,3,2.0,2,1,59.7,3.9,55.8,46.6,1,High,1,0,18.66
30137,Female,Mumbai,Tier3,IT,Embedded,No,No,4.15,4.53,4.49,4.52,4.19,4.57,4.34,4.37,4.42,60.5,1,1,0.0,0,0,41.4,2.0,25.8,24.9,0,Low,0,0,0.0
13343,Male,Mumbai,Tier1,EE,Networking,No,No,10.0,9.8,10.0,9.8,10.0,10.0,10.0,10.0,10.0,93.9,2,3,3.0,4,1,90.4,3.5,84.4,71.5,1,High,1,0,25.67
37834,Male,Hyderabad,Tier1,ECE,DataScience,No,No,7.36,8.17,7.96,7.85,8.21,8.23,8.57,8.76,8.17,75.8,2,4,3.0,3,2,83.0,2.7,69.7,82.7,1,High,1,0,18.65
16919,Female,Bangalore,Tier2,CS,DataScience,No,No,4.24,4.63,4.42,4.0,4.36,4.2,4.12,4.7,4.17,63.4,0,1,0.0,0,0,52.4,1.9,25.7,31.6,0,Low,0,0,0.0
26793,Male,Kochi,Tier2,Civil,Embedded,Yes,No,10.0,10.0,10.0,10.0,10.0,10.0,10.0,10.0,10.0,74.4,2,4,3.0,3,1,92.9,3.4,83.6,82.0,1,High,1,0,25.2
28792,Female,Mumbai,Tier2,CS,AI,No,No,6.75,6.61,7.01,6.92,6.44,6.68,7.4,6.78,6.89,76.3,1,2,2.0,1,1,82.6,2.5,55.9,64.6,0,Mid,1,0,8.74
47795,Male,Kolkata,Tier2,IT,Embedded,No,No,5.83,6.15,6.57,6.54,6.48,6.51,6.64,6.7,6.45,87.8,1,4,3.0,2,2,80.9,3.9,70.2,78.3,1,Low,1,0,6.28
13675,Male,Hyderabad,Tier2,EE,Networking,Yes,Yes,5.61,5.55,5.41,4.95,6.02,5.38,5.67,4.95,5.35,52.3,0,1,0.0,0,0,55.5,1.6,33.8,30.1,0,Low,0,0,0.0
11314,Male,Bangalore,Tier2,EE,Networking,No,No,5.12,4.26,4.55,4.29,4.39,4.0,4.18,4.7,9.9,51.5,3,5,1.0,1,0,97.6,1.6,98.6,37.5,0,Low,0,1,0.0
46457,Male,Pune,Tier2,IT,AI,Yes,No,8.26,8.63,8.73,9.07,9.06,8.72,8.85,8.37,8.72,83.2,2,4,3.0,4,1,70.9,3.1,62.8,58.7,1,High,1,0,22.91
8921,Female,Bangalore,Tier2,EE,AI,Yes,No,8.16,7.7,6.79,7.22,7.57,7.01,7.51,7.04,7.42,76.8,1,3,2.0,2,0,68.5,3.5,57.0,48.6,1,Mid,1,0,8.84
1282,Female,Delhi,Tier2,CS,Embedded,Yes,No,7.57,7.63,7.82,7.62,7.83,7.9,7.81,7.89,7.85,78.8,1,0,2.0,2,0,59.4,3.4,51.8,63.3,0,Mid,1,0,8.28
33864,Male,Hyderabad,Tier3,ECE,Networking,Yes,No,5.3,5.49,5.54,5.23,5.61,5.13,4.93,5.88,5.43,77.6,1,2,2.0,2,1,61.2,2.6,44.9,58.3,1,Low,0,0,0.0
39822,Female,Chennai,Tier2,CS,Embedded,No,No,6.2,6.7,7.06,7.05,7.27,7.04,7.48,7.6,7.09,83.3,3,4,2.0,3,2,79.0,4.0,74.7,69.6,1,Mid,1,0,8.06
24066,Male,Kochi,Tier2,ECE,Networking,Yes,No,6.42,6.22,6.55,6.27,6.9,6.05,6.86,6.49,6.3,79.8,1,1,2.0,2,1,70.6,3.4,62.1,57.7,0,Low,1,0,3.28
915,Male,Mumbai,Tier3,EE,Embedded,No,Yes,6.5,7.02,7.11,6.7,6.78,6.42,7.41,6.93,6.72,84.6,1,2,2.0,1,0,62.4,4.4,48.7,45.4,0,Mid,1,0,8.95
22126,Male,Kolkata,Tier1,CS,Embedded,Yes,Yes,9.54,9.24,8.87,9.66,9.61,9.62,9.78,9.68,9.45,84.6,2,3,3.0,3,2,100.0,3.5,67.8,74.0,1,High,1,0,25.37
23365,Male,Hyderabad,Tier3,CS,DataScience,No,Yes,4.41,4.27,4.36,4.34,4.31,4.39,4.24,4.0,4.27,64.6,1,1,0.0,0,0,52.9,2.5,31.0,35.6,0,Low,0,0,0.0
31432,Male,Bangalore,Tier2,ECE,Networking,No,Yes,6.92,6.91,6.91,7.34,7.55,6.75,6.75,6.95,6.97,68.2,1,2,2.0,1,1,69.8,3.2,55.9,50.3,1,Mid,0,0,0.0
26750,Male,Kolkata,Tier2,CS,Embedded,No,No,8.1,7.98,7.84,7.72,7.84,7.93,8.34,8.53,8.06,76.1,2,3,2.0,3,1,74.9,3.5,87.5,73.0,1,High,1,0,22.56
33780,Male,Hyderabad,Tier2,Civil,DataScience,Yes,No,5.4,4.83,4.16,4.61,4.89,4.57,4.74,5.12,4.86,75.6,1,2,0.0,1,1,61.6,3.6,49.6,38.5,1,Low,0,0,0.0
41928,Male,Bangalore,Tier2,ECE,AI,Yes,No,5.85,6.12,5.8,5.91,5.85,6.02,5.78,5.82,5.9,82.0,1,2,3.0,3,0,74.8,2.8,54.3,52.8,0,Low,0,0,0.0
17472,Male,Chennai,Tier2,CS,DataScience,No,No,7.72,7.99,8.11,8.0,8.06,8.48,8.5,8.27,7.88,100.0,1,3,3.0,3,1,66.5,4.5,90.2,78.9,1,Mid,1,0,8.93
44429,Female,Chennai,Tier2,CS,Networking,No,No,7.12,7.06,7.35,6.83,7.39,7.79,7.66,7.81,7.35,85.6,3,3,3.0,3,1,78.6,3.5,65.3,73.7,1,Mid,1,0,8.11
32657,Male,Mumbai,Tier3,Civil,Embedded,No,No,6.21,6.0,6.18,6.13,6.21,6.32,6.33,6.11,6.18,85.6,1,3,1.0,3,1,73.4,3.1,57.2,49.1,0,Low,1,0,3.98
36918,Female,Hyderabad,Tier3,Civil,Networking,Yes,No,6.96,7.09,7.26,7.18,6.8,7.2,7.15,7.27,7.15,64.7,0,2,1.0,2,1,68.5,2.5,48.0,52.1,0,Mid,1,0,12.87
23559,Female,Jaipur,Tier3,Mechanical,Networking,Yes,No,6.09,6.6,5.87,6.67,6.42,6.87,6.27,6.94,6.64,77.5,1,2,1.0,1,0,65.0,3.3,62.8,54.9,0,Mid,1,0,8.15
23308,Female,Kolkata,Tier1,Mechanical,AI,Yes,No,8.49,8.06,7.96,8.08,8.33,8.47,8.51,8.65,8.39,80.9,1,3,2.0,5,0,62.8,4.3,91.5,87.9,1,High,1,0,22.83
17629,Female,Mumbai,Tier3,Mechanical,DataScience,Yes,No,7.57,7.74,7.43,7.05,7.51,7.8,7.39,7.72,7.53,66.7,1,2,2.0,1,1,74.7,3.3,47.3,49.1,1,Mid,1,0,8.43
17519,Male,Pune,Tier3,CS,AI,Yes,No,4.54,4.59,4.63,5.1,4.55,4.2,4.34,4.13,4.45,53.9,0,1,0.0,0,0,51.0,1.2,27.2,29.3,0,Low,0,0,0.0
35853,Female,Ahmedabad,Tier3,ECE,Embedded,No,No,4.85,5.15,4.08,4.77,4.72,4.89,4.64,4.51,4.66,63.6,0,0,0.0,0,0,49.2,2.7,27.3,30.2,0,Low,0,0,0.0
12131,Female,Mumbai,Tier2,IT,AI,Yes,No,6.96,7.29,6.79,6.37,6.83,7.2,6.45,6.4,6.7,84.7,1,2,0.0,1,0,78.3,3.2,49.0,55.9,1,Mid,1,0,8.09
11462,Male,Kolkata,Tier1,CS,AI,No,No,10.0,9.71,10.0,10.0,10.0,10.0,10.0,10.0,10.0,83.9,0,3,3.0,4,1,76.7,4.7,59.5,76.1,1,High,1,0,25.32
18695,Male,Mumbai,Tier1,CS,Embedded,No,No,8.29,7.91,8.51,7.88,8.39,8.43,7.82,8.37,8.36,82.6,1,2,2.0,1,1,61.1,2.9,52.2,50.9,1,High,1,0,18.75
44136,Male,Chennai,Tier2,CS,DataScience,Yes,No,7.61,7.64,7.43,7.53,7.47,8.11,7.84,7.82,7.72,77.6,1,2,2.0,1,0,72.3,3.2,66.8,54.5,1,Mid,1,0,8.53
6527,Male,Jaipur,Tier2,ECE,Embedded,No,No,8.42,8.4,7.7,7.72,8.52,8.11,8.25,8.36,8.17,100.0,2,3,4.0,3,1,71.6,4.3,78.3,86.4,0,High,1,0,18.02
35963,Female,Pune,Tier1,CS,AI,Yes,No,10.0,10.0,9.9,9.92,10.0,10.0,10.0,10.0,4.43,51.19721468,2,3,2.0,3,1,35.2,3.1,4.9,75.8,0,High,1,1,18.0
11225,Male,Kochi,Tier1,CS,DataScience,Yes,No,6.26,6.12,6.19,6.33,6.11,6.29,5.8,6.26,6.14,89.1,2,1,2.0,1,1,70.9,3.3,56.1,51.2,0,Low,1,0,6.23
19000,Female,Chennai,Tier3,IT,DataScience,Yes,Yes,6.45,6.02,6.33,6.28,6.28,5.76,5.77,5.59,6.01,51.1,0,1,0.0,0,0,46.4,1.3,33.2,27.8,0,Low,0,0,0.0
18254,Male,Hyderabad,Tier3,IT,Networking,Yes,No,6.83,7.03,7.49,7.47,7.33,7.49,7.38,7.05,7.4,67.8,1,2,1.0,2,0,66.7,3.9,59.3,48.1,0,Mid,1,0,12.09
38924,Male,Bangalore,Tier3,IT,AI,Yes,No,5.44,5.57,5.4,5.5,5.27,5.87,5.36,6.38,5.5,87.2,2,2,2.0,1,1,64.2,2.6,61.0,54.2,1,Low,0,0,0.0
8616,Male,Mumbai,Tier3,ECE,DataScience,Yes,No,6.0,5.77,5.99,6.03,5.9,6.19,5.69,5.36,5.94,52.3,0,1,0.0,0,0,53.4,2.6,30.1,38.8,0,Low,0,0,0.0
36524,Male,Jaipur,Tier2,Mechanical,Embedded,No,No,7.8,7.63,7.43,7.92,7.78,8.06,7.4,7.55,7.7,80.2,1,2,2.0,2,1,81.5,3.1,53.8,51.2,1,Mid,1,0,8.07
8579,Female,Bangalore,Tier1,Mechanical,Networking,No,No,9.66,9.64,9.49,9.72,10.0,9.95,9.72,9.11,9.71,86.0,2,5,4.0,3,2,73.1,4.2,78.0,83.7,0,High,1,0,18.36
42514,Male,Mumbai,Tier3,IT,DataScience,No,No,4.48,4.4,4.25,4.34,4.41,4.49,4.06,4.29,4.3,65.0,1,1,1.0,1,0,45.7,1.1,26.0,28.1,0,Low,0,0,0.0
8021,Female,Chennai,Tier3,Civil,DataScience,No,No,6.07,5.76,5.61,5.62,6.08,6.44,6.05,6.3,5.93,80.9,2,3,1.0,2,0,68.6,3.0,51.3,48.1,0,Low,1,0,5.62
39101,Female,Hyderabad,Tier3,ECE,DataScience,Yes,No,7.73,7.82,8.02,8.09,7.76,7.53,8.26,7.6,7.82,59.0,1,2,1.0,2,0,50.8,2.4,54.8,53.7,1,Mid,1,0,10.93
1013,Male,Delhi,Tier3,ECE,Embedded,No,No,5.24,5.28,5.09,4.64,4.84,4.33,4.6,4.53,4.83,63.8,0,1,0.0,1,0,46.6,2.1,28.7,30.4,1,Low,0,0,0.0
21318,Male,Hyderabad,Tier1,Civil,Embedded,Yes,No,6.93,6.57,6.84,6.53,6.34,6.24,6.95,7.0,6.75,86.9,3,4,4.0,4,1,88.8,4.6,65.0,69.8,0,Mid,1,0,8.56
44843,Female,Kolkata,Tier2,ECE,Networking,Yes,Yes,9.9,9.65,9.43,9.68,10.0,9.98,9.99,10.0,9.76,80.6,2,3,3.0,3,1,100.0,4.3,68.2,49.9,1,High,1,0,18.25
37639,Female,Bangalore,Tier2,EE,Embedded,No,No,8.33,8.02,8.25,8.37,8.65,8.84,8.11,8.19,8.45,93.2,3,3,3.0,2,2,70.8,3.4,55.5,72.1,1,High,1,0,22.68
41587,Female,Mumbai,Tier2,ECE,Networking,No,No,8.26,8.16,7.68,8.36,7.58,7.09,7.76,7.69,7.83,78.9,1,1,2.0,3,0,74.7,3.0,58.7,44.9,1,Mid,1,0,8.25
44020,Female,Chennai,Tier1,ECE,DataScience,No,No,9.91,9.74,9.45,10.0,10.0,10.0,10.0,10.0,9.82,82.2,1,3,2.0,3,1,91.2,4.1,68.8,66.8,1,High,1,0,25.55
20496,Male,Ahmedabad,Tier3,ECE,Networking,Yes,Yes,5.28,5.67,4.92,5.8,5.94,5.32,5.98,5.2,5.55,67.2,0,1,0.0,0,0,50.0,3.0,22.7,32.6,1,Low,0,0,0.0
11833,Female,Mumbai,Tier2,CS,DataScience,No,No,7.62,7.49,7.53,7.8,7.37,7.11,7.03,7.39,7.37,65.8,1,2,2.0,2,0,72.8,3.8,58.7,48.6,1,Mid,1,0,8.96
38331,Male,Delhi,Tier3,Mechanical,Networking,Yes,No,5.19,5.67,5.05,4.9,5.2,5.1,5.93,5.56,5.26,63.7,0,1,0.0,1,0,50.4,2.1,28.7,30.2,0,Low,0,0,0.0
25616,Female,Hyderabad,Tier1,CS,AI,Yes,No,6.22,5.75,6.25,6.21,6.12,6.36,5.86,6.36,6.11,80.1,0,2,1.0,2,0,58.0,2.8,47.2,61.7,1,Low,0,0,0.0
44932,Male,Chennai,Tier2,IT,AI,Yes,No,6.83,6.86,7.18,6.91,6.73,6.99,6.9,7.02,6.8,73.0,1,2,1.0,1,0,66.9,2.9,55.1,56.1,0,Mid,1,0,8.22
232,Female,Mumbai,Tier3,Mechanical,DataScience,No,No,5.19,5.4,5.38,5.0,5.58,5.0,5.37,5.48,5.48,83.6,0,3,2.0,1,0,66.4,2.8,61.2,53.1,1,Low,0,0,0.0
41664,Female,Bangalore,Tier2,IT,DataScience,No,No,8.06,7.47,8.14,7.62,7.71,7.82,7.92,8.04,7.89,74.7,1,1,3.0,1,0,60.0,3.0,37.1,57.3,0,Mid,1,0,10.55
5978,Female,Hyderabad,Tier1,Mechanical,Networking,Yes,No,9.0,9.57,9.57,9.18,10.0,10.0,9.94,10.0,9.53,100.0,1,4,3.0,3,2,75.5,3.2,78.2,69.6,1,High,1,0,25.35
6649,Male,Bangalore,Tier2,CS,Networking,Yes,No,7.28,6.39,6.74,6.67,6.9,6.39,7.03,6.26,6.83,76.8,2,2,2.0,2,1,86.9,3.8,39.9,48.2,0,Mid,1,0,8.74
37519,Female,Bangalore,Tier2,IT,DataScience,No,No,8.89,8.95,9.08,9.22,7.81,9.03,8.67,8.9,8.71,73.1,1,2,1.0,3,1,73.0,3.0,59.2,47.2,0,High,1,0,18.85
17610,Male,Bangalore,Tier3,Mechanical,Embedded,Yes,No,7.58,7.56,7.79,6.94,7.0,7.29,7.53,7.18,7.49,75.9,0,2,2.0,2,0,67.8,3.5,61.5,58.8,0,Mid,1,0,8.23
28060,Female,Kochi,Tier2,IT,Embedded,Yes,No,5.83,5.68,6.19,5.65,6.27,6.15,6.31,5.81,5.97,76.1,1,1,1.0,2,0,73.7,2.6,48.1,55.9,1,Low,0,0,0.0
23746,Male,Kolkata,Tier1,ECE,DataScience,Yes,No,8.04,7.88,7.59,7.95,7.52,7.64,8.14,7.98,7.67,86.2,2,3,2.0,3,2,78.6,3.2,90.3,77.5,0,Mid,1,0,8.41
21357,Male,Chennai,Tier2,Civil,Networking,Yes,No,5.75,6.21,6.31,6.59,6.63,5.84,6.33,5.7,6.19,75.8,1,2,2.0,1,0,81.1,1.9,62.1,57.4,0,Low,1,0,3.56
2894,Male,Kochi,Tier3,ECE,Embedded,Yes,No,7.33,7.21,6.58,6.93,7.59,7.1,6.95,7.17,6.99,68.6,1,1,2.0,1,1,79.9,3.1,63.2,59.5,0,Mid,1,0,8.85
14230,Female,Delhi,Tier1,ECE,Embedded,Yes,No,8.21,8.27,8.01,8.1,8.33,9.0,8.51,8.06,8.27,90.4,1,4,2.0,4,1,74.4,4.1,81.9,89.9,1,High,1,0,22.02
23400,Male,Jaipur,Tier1,CS,AI,Yes,No,5.93,5.41,6.14,6.39,6.13,6.48,6.5,6.14,6.04,94.2,1,4,2.0,3,2,86.6,5.0,77.4,88.2,1,Low,1,0,6.03
2639,Female,Chennai,Tier3,CS,Networking,Yes,No,4.13,4.0,4.19,4.31,4.0,4.0,4.0,4.0,4.0,64.0,0,1,1.0,0,0,54.7,2.1,31.2,30.6,0,Low,0,0,0.0
47262,Female,Chennai,Tier2,Civil,DataScience,Yes,No,9.67,10.0,9.73,10.0,10.0,10.0,10.0,10.0,9.72,91.8,2,3,3.0,2,1,74.1,3.6,85.2,73.2,1,High,1,0,26.0
10152,Female,Hyderabad,Tier1,CS,AI,Yes,No,10.0,10.0,10.0,9.49,10.0,10.0,10.0,9.83,9.84,84.5,1,3,1.0,4,1,70.3,4.9,87.6,66.9,1,High,1,0,25.08
45311,Male,Delhi,Tier2,Mechanical,DataScience,No,No,5.5,5.36,5.61,5.62,5.87,5.88,6.02,5.07,5.52,83.8,1,2,1.0,1,1,68.3,3.0,54.4,49.0,1,Low,0,0,0.0
14418,Male,Pune,Tier2,IT,AI,Yes,Yes,6.32,6.42,6.39,6.52,6.48,6.88,6.86,6.69,6.66,67.7,1,2,2.0,2,0,72.5,3.0,58.0,48.0,1,Mid,0,0,0.0
28593,Male,Kolkata,Tier1,EE,AI,Yes,No,8.36,8.29,7.87,8.5,8.31,8.17,8.69,8.74,8.36,89.8,1,3,4.0,3,2,76.8,4.5,78.1,81.4,0,High,1,0,18.47
10971,Male,Ahmedabad,Tier2,CS,Networking,No,No,6.93,6.74,6.44,7.34,6.71,6.21,7.62,6.76,6.81,75.2,1,2,2.0,2,0,65.8,3.5,56.9,56.7,0,Mid,1,0,8.91
31538,Male,Hyderabad,Tier2,CS,Networking,Yes,No,5.86,5.12,4.48,4.95,4.64,5.06,5.0,5.28,4.82,90.3,2,1,1.0,1,1,67.8,2.3,67.9,59.8,1,Low,1,0,6.45
26534,Male,Hyderabad,Tier2,CS,AI,No,No,6.06,6.62,6.15,6.65,5.98,6.17,5.97,6.11,5.92,79.9,1,1,2.0,2,1,84.1,3.6,52.9,52.1,1,Low,1,0,5.94
29312,Female,Chennai,Tier3,ECE,AI,Yes,No,8.12,7.88,7.62,7.61,7.41,8.12,7.71,7.86,7.69,75.2,1,2,2.0,2,0,59.9,4.1,58.5,56.2,0,Mid,1,0,12.63
36836,Male,Bangalore,Tier2,ECE,Networking,Yes,Yes,6.36,7.1,6.82,6.7,7.28,7.1,6.94,6.93,7.03,67.5,1,0,1.0,3,0,71.5,2.8,52.7,47.2,0,Mid,0,0,0.0
3805,Female,Bangalore,Tier1,CS,AI,Yes,No,5.59,6.05,6.39,5.37,6.09,6.82,6.25,6.27,6.04,89.3,1,3,4.0,3,1,96.1,3.8,64.6,83.6,1,Low,1,0,5.55
30203,Female,Pune,Tier3,Mechanical,Networking,No,No,4.95,4.94,4.41,4.94,4.69,5.5,4.72,4.47,4.83,66.2,1,1,0.0,0,0,49.4,1.0,30.3,29.6,1,Low,0,0,0.0
33212,Male,Kolkata,Tier3,CS,Networking,No,Yes,7.29,6.53,6.94,6.71,6.68,7.0,6.92,7.26,9.82,90.0,3,5,2.0,1,0,98.7,2.3,97.9,54.5,1,Mid,0,1,0.0
2981,Male,Ahmedabad,Tier2,Mechanical,Embedded,Yes,No,10.0,10.0,9.88,9.76,9.86,10.0,9.78,10.0,9.91,73.4,1,2,1.0,2,0,75.9,3.0,65.7,58.4,0,High,1,0,18.8
25498,Female,Bangalore,Tier1,CS,DataScience,No,No,9.04,9.04,9.17,9.06,8.86,9.48,10.0,9.45,9.47,84.1,1,4,3.0,4,1,79.9,4.1,79.5,69.8,1,High,1,0,25.6
3738,Male,Pune,Tier2,Mechanical,Embedded,Yes,No,10.0,10.0,10.0,9.33,10.0,9.65,9.86,9.61,9.71,81.2,0,3,2.0,2,0,69.3,2.8,62.0,58.8,1,High,1,0,18.11
31467,Male,Kolkata,Tier3,Civil,Networking,Yes,No,6.93,7.22,6.5,7.09,7.18,6.7,6.88,6.7,6.82,62.7,1,0,1.0,0,0,44.9,2.5,29.3,35.9,0,Mid,0,0,0.0
21681,Male,Delhi,Tier3,CS,DataScience,Yes,No,7.04,7.41,6.76,6.66,7.22,6.59,6.93,7.18,6.88,79.6,1,2,1.0,2,1,69.5,3.2,60.0,42.2,1,Mid,1,0,9.37
23410,Male,Mumbai,Tier2,IT,AI,Yes,No,7.28,7.01,7.21,6.87,7.24,6.79,6.74,6.69,6.96,82.4,1,2,1.0,1,1,78.1,3.4,39.7,47.8,1,Mid,0,0,0.0
4378,Female,Hyderabad,Tier3,CS,DataScience,Yes,No,4.93,4.81,5.2,5.26,4.59,4.72,4.29,4.38,4.74,68.4,0,0,0.0,1,0,56.1,2.5,29.7,31.2,0,Low,0,0,0.0
45656,Male,Bangalore,Tier2,IT,DataScience,No,Yes,8.0,7.8,7.61,7.54,7.89,7.31,8.03,8.46,7.87,85.9,1,2,2.0,2,0,71.5,2.7,62.9,50.6,0,Mid,1,0,8.12
36268,Female,Jaipur,Tier2,CS,Networking,Yes,Yes,8.46,7.22,7.75,8.27,7.77,7.69,7.64,7.38,7.8,71.2,1,1,1.0,1,1,62.3,2.4,54.8,53.0,0,Mid,0,0,0.0
14278,Male,Mumbai,Tier1,ECE,Networking,No,No,6.76,7.11,7.64,7.14,6.84,6.68,7.27,6.6,7.06,86.8,1,2,2.0,2,0,67.5,3.8,54.2,43.2,1,Mid,1,0,8.24
11592,Male,Hyderabad,Tier2,Mechanical,AI,No,No,4.57,4.53,4.26,4.08,4.26,4.7,4.66,4.13,4.45,59.5,1,2,0.0,1,0,46.0,1.1,30.4,30.8,1,Low,0,0,0.0
44476,Female,Jaipur,Tier3,Civil,Networking,Yes,No,4.4,4.84,4.38,4.79,4.63,4.48,4.33,4.0,4.46,57.3,0,1,0.0,1,0,44.4,2.1,30.0,31.4,1,Low,0,0,0.0
46566,Female,Kochi,Tier1,EE,Networking,Yes,No,6.46,6.92,7.2,7.24,6.94,7.03,6.15,7.29,6.98,86.5,1,3,3.0,4,0,75.0,4.2,85.9,88.5,1,Mid,1,0,8.06
43711,Female,Hyderabad,Tier2,Mechanical,Networking,No,No,6.97,6.34,6.58,6.33,6.2,6.18,6.36,6.68,6.6,73.7,1,2,2.0,3,0,60.6,4.1,57.9,36.6,1,Mid,1,0,8.1
38692,Male,Chennai,Tier2,ECE,Embedded,Yes,No,8.15,8.52,8.43,8.24,8.55,8.88,8.18,8.59,8.31,83.3,1,2,1.0,2,0,59.1,3.3,61.3,52.4,0,High,1,0,18.72
38845,Female,Bangalore,Tier1,Mechanical,Networking,Yes,No,7.55,7.59,7.86,7.92,7.86,7.5,8.2,8.21,7.92,80.4,2,4,3.0,3,1,94.3,4.3,76.1,81.3,1,Mid,1,0,8.96
30142,Male,Delhi,Tier2,ECE,Embedded,Yes,Yes,4.29,4.33,4.1,4.02,4.0,4.5,4.0,4.29,4.26,50.8,0,1,0.0,0,0,51.4,1.2,30.6,26.0,0,Low,0,0,0.0
8395,Male,Chennai,Tier1,CS,DataScience,Yes,Yes,7.26,8.12,8.21,6.99,7.27,7.65,7.19,7.21,7.57,79.2,1,2,2.0,1,1,63.1,3.0,59.0,48.5,0,Mid,1,0,8.26
4606,Male,Kochi,Tier3,Mechanical,Networking,No,No,4.32,4.0,4.0,4.4,4.0,4.0,4.0,4.0,4.01,61.6,0,1,0.0,0,0,47.8,1.6,19.5,23.5,0,Low,0,0,0.0
16696,Female,Bangalore,Tier2,Civil,Embedded,No,No,9.11,8.78,9.02,8.61,9.22,9.05,9.26,9.01,8.98,70.4,1,3,2.0,2,1,75.3,3.0,62.6,57.4,1,High,1,0,18.76
18984,Female,Delhi,Tier3,Civil,AI,Yes,No,7.04,6.39,6.95,6.83,7.14,6.64,7.01,6.12,6.77,57.5,1,2,2.0,2,1,70.3,3.5,47.7,60.8,0,Mid,1,0,8.41
5716,Male,Ahmedabad,Tier2,Mechanical,DataScience,Yes,No,6.53,6.56,6.83,7.02,6.96,6.46,6.54,7.71,6.88,100.0,1,4,3.0,4,1,79.9,3.7,91.3,76.1,0,Mid,1,0,8.73
41052,Male,Delhi,Tier1,Civil,DataScience,No,No,8.65,8.81,9.07,8.38,9.09,9.42,8.5,8.86,8.83,90.6,2,2,3.0,3,1,82.0,4.7,82.4,76.7,0,High,1,0,18.01
22740,Female,Mumbai,Tier3,CS,DataScience,Yes,No,6.45,5.88,6.15,6.18,6.31,6.3,5.9,5.81,6.05,56.3,0,1,1.0,1,0,58.9,1.6,27.9,30.0,0,Low,0,0,0.0
32477,Male,Jaipur,Tier1,IT,Embedded,Yes,No,8.87,8.64,8.66,9.0,8.07,8.65,8.93,9.27,8.55,88.4,2,2,3.0,4,1,89.9,4.2,85.1,98.1,1,High,1,0,22.97
42199,Male,Hyderabad,Tier3,EE,Embedded,No,No,7.12,6.47,6.48,6.63,6.39,6.46,5.91,6.33,6.25,50.0,1,0,1.0,0,1,39.7,2.4,25.8,27.0,0,Low,0,0,0.0
42085,Female,Mumbai,Tier3,ECE,DataScience,No,No,7.44,7.33,7.03,7.11,7.54,7.32,7.18,7.34,7.38,63.9,0,0,0.0,1,0,50.5,1.0,26.1,30.5,0,Mid,0,0,0.0
1877,Female,Mumbai,Tier2,CS,DataScience,Yes,No,6.25,6.21,6.82,5.88,6.72,6.36,6.7,6.99,6.3,73.2,1,1,1.0,2,0,67.3,2.8,49.4,61.3,1,Low,0,0,0.0
7790,Female,Jaipur,Tier1,Mechanical,Embedded,No,No,9.13,9.29,9.01,9.21,9.52,9.14,10.0,8.86,9.34,62.6,1,2,2.0,2,1,76.3,3.3,61.9,45.6,1,High,1,0,18.51
4306,Male,Delhi,Tier2,Civil,Embedded,No,No,7.95,7.96,7.87,7.71,7.23,8.18,8.35,7.85,7.87,88.9,2,3,3.0,3,1,74.1,4.0,80.0,67.8,1,Mid,1,0,8.92
626,Female,Bangalore,Tier3,ECE,DataScience,Yes,No,6.12,6.03,5.43,5.38,6.38,5.72,5.92,6.25,5.76,66.8,2,2,2.0,2,0,79.9,2.6,59.4,61.4,1,Low,0,0,0.0
39756,Male,Chennai,Tier1,Civil,Embedded,No,Yes,10.0,9.41,10.0,10.0,10.0,9.88,10.0,10.0,4.26,53.57579397,2,3,3.0,3,1,33.5,2.8,5.9,45.3,0,High,1,1,18.26
15001,Male,Ahmedabad,Tier1,Mechanical,DataScience,Yes,No,9.09,8.98,8.79,8.72,8.56,9.35,8.82,8.9,8.97,76.7,1,2,2.0,2,1,61.1,2.5,48.7,67.1,0,High,1,0,18.43
15645,Female,Chennai,Tier2,CS,AI,No,No,7.01,6.99,7.39,6.93,7.01,7.3,7.46,7.64,7.17,91.9,2,3,2.0,4,1,78.7,3.2,61.8,77.1,0,Mid,1,0,10.41
30603,Female,Delhi,Tier2,Civil,AI,Yes,No,7.37,6.89,7.33,7.19,7.09,6.96,7.31,7.79,7.15,84.5,1,1,2.0,3,1,72.2,3.0,61.6,67.6,1,Mid,1,0,8.91
29898,Female,Hyderabad,Tier2,CS,Embedded,Yes,No,8.15,7.6,8.67,7.09,7.71,7.54,7.91,8.09,7.97,80.1,1,4,3.0,3,2,76.2,4.6,78.5,72.1,0,Mid,1,0,8.58
34420,Female,Ahmedabad,Tier2,CS,DataScience,Yes,No,6.13,6.31,7.11,6.41,7.42,6.51,6.48,6.45,6.61,66.7,1,2,1.0,2,0,72.1,2.6,56.6,46.9,1,Mid,1,0,8.9
41101,Male,Hyderabad,Tier3,ECE,Networking,Yes,No,5.3,5.1,4.51,4.91,4.87,5.17,4.64,4.34,4.91,65.0,0,1,1.0,1,1,46.5,2.2,26.8,25.6,0,Low,0,0,0.0
14033,Male,Ahmedabad,Tier2,ECE,DataScience,No,No,6.0,5.97,5.38,5.25,5.6,5.83,5.77,4.93,5.74,65.6,0,1,1.0,1,0,49.0,2.3,29.7,31.0,0,Low,0,0,0.0
19141,Female,Bangalore,Tier3,Mechanical,Networking,No,Yes,6.16,5.58,5.92,5.58,6.09,6.04,5.45,5.89,5.71,66.0,0,1,0.0,1,0,59.4,1.5,35.8,30.2,0,Low,0,0,0.0
35023,Male,Hyderabad,Tier2,ECE,Networking,Yes,No,9.78,9.81,10.0,9.84,10.0,10.0,10.0,10.0,9.98,100.0,2,3,2.0,4,2,91.8,4.3,78.3,59.9,1,High,1,0,25.06
46127,Female,Kolkata,Tier2,Mechanical,AI,Yes,No,8.15,8.35,8.22,8.0,8.79,8.35,8.66,8.72,8.55,73.5,2,3,3.0,3,2,88.8,3.7,69.1,87.1,1,High,1,0,22.29
39232,Male,Hyderabad,Tier1,ECE,Embedded,Yes,No,6.46,6.19,6.83,6.66,6.48,6.31,5.97,5.96,9.81,80.3,3,5,1.0,1,0,98.6,3.2,99.2,53.9,1,Low,1,1,5.75
49989,Male,Delhi,Tier1,EE,Networking,No,No,5.74,5.57,5.68,6.05,6.08,5.91,6.4,6.17,5.79,93.2,2,4,2.0,3,2,79.2,4.1,66.4,69.8,0,Low,1,0,3.45
35076,Male,Pune,Tier2,CS,DataScience,No,No,6.04,6.44,6.32,6.84,6.45,7.32,7.14,6.27,6.77,100.0,1,4,3.0,3,1,73.6,4.5,59.7,78.0,0,Mid,1,0,8.2
45172,Male,Bangalore,Tier2,IT,Embedded,Yes,Yes,5.2,4.88,5.55,5.02,5.26,5.35,4.66,4.97,5.08,53.9,0,1,1.0,1,0,50.4,2.4,30.4,35.4,0,Low,0,0,0.0
4385,Male,Bangalore,Tier3,CS,Networking,No,Yes,4.26,4.22,4.59,4.61,4.32,4.77,4.24,4.15,4.38,59.2,1,1,1.0,1,0,45.7,1.7,25.4,34.8,0,Low,0,0,0.0
16477,Female,Ahmedabad,Tier2,Mechanical,Networking,No,No,9.02,8.8,9.57,9.17,8.74,9.0,9.18,8.7,9.03,93.1,2,3,2.0,3,2,78.7,4.4,77.6,74.2,0,High,1,0,18.71
20454,Male,Delhi,Tier2,CS,Networking,Yes,No,8.64,8.26,8.44,8.32,8.25,8.98,8.06,8.01,8.45,72.2,2,2,1.0,1,1,60.6,2.2,71.4,53.3,0,High,1,0,18.44
37869,Male,Kolkata,Tier3,CS,AI,Yes,No,8.48,8.59,8.81,8.93,8.38,8.61,8.59,8.77,8.79,85.5,1,1,2.0,2,1,73.5,3.7,58.2,47.1,1,High,1,0,18.34
42002,Female,Ahmedabad,Tier3,IT,Embedded,Yes,Yes,6.26,5.96,5.92,6.04,6.3,5.88,6.08,5.8,6.05,56.4,0,1,1.0,0,0,51.6,2.0,24.5,33.3,0,Low,0,0,0.0
42704,Male,Mumbai,Tier3,Mechanical,AI,Yes,No,8.28,8.39,8.13,8.06,8.71,8.54,8.41,7.97,8.22,77.5,1,2,2.0,2,1,67.8,1.8,62.7,52.6,1,High,1,0,18.05
38466,Male,Delhi,Tier1,IT,Networking,No,Yes,6.6,6.44,6.15,6.49,6.53,7.07,6.17,6.45,6.53,80.7,1,3,2.0,2,0,72.6,1.9,54.0,44.0,0,Mid,0,0,0.0
12981,Male,Jaipur,Tier2,CS,Networking,Yes,Yes,8.65,8.58,8.98,8.94,8.79,9.0,8.74,9.15,8.73,77.8,2,4,2.0,3,2,77.5,5.0,82.5,73.6,1,High,1,0,22.03
9734,Male,Jaipur,Tier2,CS,Embedded,No,No,9.91,10.0,9.74,10.0,9.69,9.48,10.0,10.0,9.85,82.4,1,2,2.0,3,1,58.3,3.7,59.2,50.6,0,High,1,0,18.56
26183,Male,Mumbai,Tier3,CS,AI,No,Yes,7.47,7.17,7.2,6.97,7.74,7.28,7.39,7.28,7.28,65.8,1,2,2.0,1,0,68.9,3.6,70.3,48.0,0,Mid,0,0,0.0
28681,Female,Hyderabad,Tier3,CS,AI,No,No,7.35,7.66,7.37,7.6,7.45,7.5,6.62,7.22,7.34,86.1,0,3,1.0,2,1,65.5,3.5,49.4,47.5,1,Mid,0,0,0.0
15190,Female,Delhi,Tier2,CS,AI,Yes,No,5.74,5.32,4.97,5.31,4.93,5.99,4.99,5.73,5.34,72.2,1,2,1.0,2,1,64.5,3.4,54.0,62.4,0,Low,0,0,0.0
45947,Male,Hyderabad,Tier1,CS,AI,No,No,6.69,6.36,6.12,7.22,6.3,6.81,6.47,6.55,6.48,88.8,2,3,1.0,2,1,72.7,4.6,80.6,62.4,1,Low,1,0,6.22
36080,Male,Chennai,Tier1,CS,DataScience,No,No,7.93,8.07,8.18,8.38,8.66,8.87,8.0,8.62,8.26,89.4,2,4,3.0,4,2,77.3,4.3,81.3,77.6,0,High,1,0,18.97
31256,Female,Hyderabad,Tier1,ECE,Networking,Yes,No,7.64,7.97,7.63,7.61,8.55,8.6,8.71,8.6,8.31,93.3,3,4,2.0,3,1,71.9,4.5,80.2,66.3,1,High,1,0,22.3
47127,Female,Bangalore,Tier2,ECE,DataScience,Yes,No,10.0,10.0,9.53,10.0,10.0,10.0,10.0,10.0,9.8,93.7,2,3,2.0,4,1,85.2,4.6,73.8,77.6,1,High,1,0,25.28
26493,Male,Mumbai,Tier1,ECE,Networking,Yes,No,6.99,7.72,8.19,7.24,7.21,7.67,7.61,7.07,7.55,93.9,2,4,3.0,3,1,80.8,4.8,85.0,81.7,1,Mid,1,0,8.49
47923,Male,Hyderabad,Tier1,CS,DataScience,Yes,No,10.0,10.0,9.88,10.0,10.0,10.0,10.0,9.71,9.79,75.1,1,3,3.0,3,1,90.6,3.8,81.8,87.9,1,High,1,0,25.38
274,Male,Bangalore,Tier3,CS,DataScience,Yes,Yes,5.88,5.26,5.72,5.23,5.65,5.04,5.43,5.13,5.37,60.4,0,1,0.0,1,0,58.6,2.5,31.5,32.7,0,Low,0,0,0.0
29651,Male,Mumbai,Tier2,Mechanical,Networking,Yes,Yes,7.71,7.92,7.66,7.63,7.4,7.58,8.33,7.65,7.63,69.8,1,1,1.0,2,1,56.8,2.9,47.3,47.2,0,Mid,0,0,0.0
32907,Male,Bangalore,Tier3,CS,AI,No,No,4.0,4.5,4.23,4.12,4.09,4.25,4.05,4.03,4.22,87.5,0,1,2.0,2,0,65.9,2.5,68.4,58.7,0,Low,0,0,0.0
23849,Male,Chennai,Tier3,CS,Networking,Yes,No,5.97,5.73,6.01,6.55,6.22,6.25,6.14,6.09,6.31,50.0,1,1,0.0,0,0,48.0,1.7,27.2,24.1,1,Low,0,0,0.0
15109,Male,Chennai,Tier1,CS,DataScience,Yes,No,7.05,6.89,7.4,7.12,7.45,7.37,7.48,7.02,7.11,80.5,1,2,1.0,1,1,62.1,3.1,54.7,51.7,1,Mid,1,0,8.21
2175,Female,Mumbai,Tier1,CS,AI,Yes,No,5.98,6.41,5.93,6.27,6.04,6.11,5.95,6.27,6.01,86.5,2,4,4.0,3,0,86.1,4.2,89.7,78.8,0,Low,1,0,3.43
43099,Female,Jaipur,Tier3,CS,Networking,No,No,5.86,5.96,5.52,5.64,5.28,5.46,5.79,5.98,5.55,58.6,1,1,0.0,1,0,43.2,1.9,27.4,26.8,1,Low,0,0,0.0
46575,Female,Hyderabad,Tier3,ECE,Embedded,No,No,8.61,8.03,8.21,7.91,8.08,8.03,7.8,8.08,8.03,84.6,1,2,2.0,2,0,63.9,2.1,49.6,52.1,0,High,1,0,18.07
38342,Female,Kolkata,Tier2,EE,DataScience,Yes,Yes,5.68,4.91,5.31,6.07,4.92,5.12,5.24,5.75,5.39,58.0,0,1,1.0,0,0,43.6,1.7,25.4,31.9,0,Low,0,0,0.0
1819,Male,Mumbai,Tier2,Mechanical,DataScience,No,Yes,6.39,6.33,6.39,6.27,6.54,6.39,6.22,6.21,9.91,73.0,3,5,2.0,2,0,98.3,3.4,98.0,53.5,0,Low,0,1,0.0
13820,Female,Jaipur,Tier1,Mechanical,Embedded,No,No,8.43,7.88,8.32,8.1,8.33,8.42,8.09,8.25,8.18,98.4,1,5,3.0,4,2,69.9,3.5,88.4,71.3,1,High,1,0,22.74
46526,Female,Hyderabad,Tier3,CS,Embedded,Yes,No,6.15,6.65,6.15,6.5,6.38,6.18,6.39,6.53,6.38,77.3,1,2,1.0,1,0,64.3,3.0,65.3,39.8,0,Low,1,0,3.11
42048,Male,Hyderabad,Tier3,CS,AI,No,No,5.3,5.05,4.72,4.63,5.66,5.55,4.75,4.93,5.01,62.1,0,1,0.0,0,0,50.8,1.4,23.9,26.0,1,Low,0,0,0.0
27012,Male,Hyderabad,Tier1,ECE,AI,Yes,No,7.2,7.47,7.75,7.49,7.5,7.71,7.7,8.09,7.64,83.8,2,3,2.0,3,2,75.3,3.8,100.0,75.1,1,Mid,1,0,8.61
13905,Female,Hyderabad,Tier2,CS,DataScience,Yes,Yes,6.88,7.42,7.39,7.28,7.92,7.56,7.96,7.89,7.57,76.4,1,1,2.0,2,0,65.7,3.5,57.0,40.4,1,Mid,1,0,8.58
36896,Male,Mumbai,Tier2,CS,DataScience,Yes,No,6.58,5.48,6.11,5.72,6.1,5.77,6.22,5.73,5.77,77.0,1,2,1.0,3,0,60.4,3.5,56.9,55.4,1,Low,1,0,5.76
38798,Female,Chennai,Tier2,CS,Networking,Yes,No,5.86,5.75,5.76,6.45,5.56,5.74,6.27,6.3,6.0,75.9,1,3,1.0,2,1,75.6,2.8,60.1,39.4,1,Low,0,0,0.0
44959,Male,Hyderabad,Tier3,CS,DataScience,No,No,5.34,5.02,5.02,4.67,5.11,4.86,4.88,4.72,5.02,69.9,0,1,0.0,0,0,40.4,2.3,27.7,30.6,1,Low,0,0,0.0
29503,Male,Delhi,Tier3,EE,Networking,Yes,No,6.84,7.25,7.36,7.15,6.94,7.67,7.47,7.27,7.23,78.9,1,3,2.0,1,1,75.6,3.3,60.7,48.6,1,Mid,1,0,8.05
34119,Female,Pune,Tier2,Mechanical,Embedded,Yes,No,8.59,8.16,8.35,8.39,8.84,8.6,8.23,8.11,8.22,92.4,1,2,3.0,3,2,89.5,4.2,55.0,65.3,1,High,1,0,22.11
48787,Male,Pune,Tier1,CS,DataScience,Yes,No,8.88,9.12,8.76,9.41,8.78,8.94,9.06,8.83,4.04,53.19327,2,3,1.0,4,2,35.9,5.0,3.9,72.1,0,High,1,1,18.1
40185,Male,Bangalore,Tier2,Mechanical,AI,No,No,7.5,8.0,7.68,7.55,7.51,8.02,7.47,8.03,7.83,97.5,2,4,3.0,4,2,85.7,3.6,89.0,67.9,0,Mid,1,0,8.12
17594,Female,Jaipur,Tier2,ECE,DataScience,No,No,9.45,9.17,9.29,9.75,9.28,9.76,9.55,9.7,9.61,76.0,3,4,3.0,2,2,81.7,3.5,78.2,76.1,1,High,1,0,25.42
22679,Female,Pune,Tier2,CS,AI,Yes,No,6.87,6.65,7.35,6.74,6.91,6.56,6.84,6.94,6.75,78.5,1,2,2.0,1,1,64.0,3.2,57.4,54.2,1,Mid,1,0,8.63
8405,Male,Kochi,Tier2,CS,Embedded,Yes,No,5.95,6.08,6.12,6.23,5.53,5.82,5.16,5.88,5.91,69.9,1,2,2.0,2,0,62.2,2.6,58.7,58.8,0,Low,0,0,0.0
11397,Male,Pune,Tier2,Civil,Embedded,Yes,No,5.74,6.58,5.56,5.76,5.67,5.62,5.69,6.04,6.03,86.3,1,2,2.0,2,0,81.1,4.4,58.3,49.7,0,Low,1,0,6.05
38655,Male,Chennai,Tier3,ECE,AI,No,No,4.78,4.15,4.87,4.57,4.77,4.8,4.6,4.36,4.51,84.1,2,1,2.0,1,0,59.3,3.0,63.0,53.2,1,Low,0,0,0.0
20501,Male,Ahmedabad,Tier1,Mechanical,DataScience,Yes,No,8.73,8.68,8.6,8.63,8.68,8.64,8.66,8.87,8.71,73.4,2,1,1.0,2,0,56.5,3.1,51.7,60.9,0,High,1,0,18.19
17067,Male,Hyderabad,Tier2,IT,AI,No,No,7.05,7.01,6.8,7.35,6.92,6.84,6.9,7.1,6.99,81.5,1,2,1.0,1,1,77.3,2.8,51.2,43.2,0,Mid,1,0,12.23
48546,Female,Mumbai,Tier2,ECE,Embedded,Yes,No,5.56,4.66,5.52,5.67,5.66,5.76,5.41,5.8,5.63,86.5,1,1,2.0,1,1,63.3,3.8,54.0,61.1,0,Low,1,0,3.5
7802,Male,Bangalore,Tier2,Civil,Networking,No,No,7.14,8.31,7.45,7.66,8.03,8.44,7.81,7.6,7.89,100.0,2,3,2.0,3,2,82.9,4.2,82.9,69.9,1,Mid,1,0,8.01
44528,Male,Chennai,Tier2,CS,DataScience,No,No,7.49,7.37,7.52,7.36,7.16,7.34,7.37,7.2,7.48,80.5,1,2,1.0,2,0,65.5,3.7,53.7,37.8,1,Mid,1,0,8.61
46622,Male,Chennai,Tier3,Civil,Embedded,No,No,6.11,5.92,6.19,5.81,6.2,6.2,6.0,5.69,6.05,58.3,0,0,0.0,1,0,46.2,1.7,29.2,30.2,0,Low,0,0,0.0
26507,Female,Delhi,Tier1,ECE,Networking,No,No,8.98,8.83,8.66,8.82,8.44,8.87,8.74,8.59,8.65,83.0,1,3,1.0,1,0,56.9,3.2,56.5,55.5,0,High,1,0,18.6
35760,Male,Mumbai,Tier3,Civil,DataScience,Yes,No,7.54,7.31,7.37,7.69,7.19,7.08,7.12,7.26,7.39,73.0,1,2,0.0,2,0,75.2,2.0,62.9,37.0,1,Mid,1,0,8.42
43568,Female,Ahmedabad,Tier1,CS,Networking,Yes,No,7.41,7.38,7.99,7.29,7.48,7.56,7.88,7.59,7.55,92.8,1,4,4.0,4,1,82.3,3.6,86.2,70.2,1,Mid,1,0,9.72
352,Male,Kolkata,Tier3,Mechanical,DataScience,No,No,4.4,5.27,5.55,4.45,4.55,5.16,4.0,4.62,4.7,71.5,0,1,1.0,1,0,51.5,1.4,27.4,21.7,0,Low,0,0,0.0
5012,Female,Jaipur,Tier2,IT,Networking,No,Yes,6.48,6.42,6.16,6.79,6.91,6.64,6.77,7.18,6.66,91.6,0,3,3.0,2,1,60.4,4.6,57.6,59.3,1,Mid,1,0,8.24
3223,Female,Kolkata,Tier2,EE,Embedded,Yes,No,7.17,7.65,7.88,7.27,8.26,8.39,7.91,7.72,7.96,84.2,2,3,3.0,5,1,88.4,4.4,63.3,73.9,0,Mid,1,0,8.2
1577,Male,Bangalore,Tier2,EE,Embedded,No,No,7.59,7.67,7.97,7.67,7.9,8.35,7.73,8.28,7.83,76.9,2,3,4.0,3,1,87.0,4.5,85.1,81.6,1,Mid,1,0,8.92
3662,Male,Chennai,Tier2,CS,DataScience,Yes,No,5.68,5.83,6.0,6.26,6.11,6.25,5.48,6.26,6.11,76.0,1,3,1.0,2,0,73.5,4.2,45.8,43.6,0,Low,1,0,3.38
16235,Male,Hyderabad,Tier1,CS,Embedded,Yes,No,8.54,9.26,8.41,8.97,8.0,8.36,8.58,8.5,8.94,66.0,2,3,2.0,1,0,80.9,4.0,60.8,50.3,1,High,1,0,22.61
22883,Female,Chennai,Tier1,CS,Networking,No,No,4.83,5.27,5.02,5.22,5.49,5.45,5.47,5.35,5.42,70.6,1,2,2.0,2,1,64.8,3.1,55.1,41.6,1,Low,0,0,0.0
3540,Female,Delhi,Tier2,CS,AI,Yes,No,9.48,9.54,9.51,9.5,9.53,9.71,9.54,9.66,9.64,72.3,1,4,3.0,3,1,80.6,4.7,73.5,71.1,1,High,1,0,25.14
11043,Female,Bangalore,Tier3,EE,Embedded,Yes,Yes,5.3,5.85,5.46,5.2,5.17,4.75,4.57,5.31,5.22,55.4,0,0,0.0,1,0,45.4,1.8,28.8,34.3,0,Low,0,0,0.0
21164,Male,Kolkata,Tier2,ECE,AI,Yes,No,8.69,9.19,8.49,8.83,8.58,8.6,8.91,8.39,8.59,100.0,1,4,2.0,4,1,78.6,4.7,91.9,72.6,0,High,1,0,18.4
10825,Male,Pune,Tier3,IT,AI,No,Yes,8.09,7.93,7.89,7.81,8.18,7.91,8.43,8.13,8.03,87.3,1,2,1.0,3,1,66.6,2.6,56.1,58.4,0,High,1,0,18.43
13587,Male,Jaipur,Tier3,EE,Embedded,Yes,Yes,5.39,4.76,4.87,5.37,4.75,5.48,4.72,5.44,5.07,65.0,0,1,0.0,1,0,55.7,2.9,30.4,32.6,0,Low,0,0,0.0
31850,Male,Ahmedabad,Tier2,ECE,AI,Yes,No,7.76,8.31,7.41,7.94,7.86,7.72,7.71,7.96,7.75,79.9,1,1,1.0,2,1,66.4,3.0,58.1,63.1,1,Mid,1,0,8.68
18125,Male,Bangalore,Tier2,ECE,Embedded,No,Yes,6.91,6.89,6.73,6.77,6.41,7.01,6.62,7.18,6.91,82.0,1,2,2.0,2,0,60.2,3.0,45.8,41.1,1,Mid,1,0,8.95
44360,Male,Hyderabad,Tier2,Mechanical,DataScience,Yes,No,5.35,5.14,5.46,4.9,5.11,5.35,5.45,5.53,5.2,68.4,0,1,1.0,1,0,55.3,2.1,37.0,24.8,1,Low,0,0,0.0
25609,Female,Kochi,Tier2,CS,DataScience,Yes,No,5.81,6.69,6.23,6.34,6.52,6.9,6.21,6.32,6.39,74.6,1,2,1.0,2,0,71.9,2.6,56.6,60.7,0,Low,1,0,3.4
35066,Female,Delhi,Tier3,CS,Embedded,Yes,No,5.62,5.51,5.29,5.55,5.5,5.36,4.43,4.98,5.33,75.3,1,1,1.0,1,0,58.1,1.3,21.7,28.3,0,Low,0,0,0.0
38939,Female,Hyderabad,Tier1,CS,DataScience,Yes,No,8.38,7.7,8.2,7.62,8.03,8.3,8.04,8.75,8.28,93.1,1,3,3.0,3,2,90.7,3.9,77.4,62.6,1,High,1,0,22.87
13487,Male,Kolkata,Tier1,ECE,DataScience,Yes,No,6.27,6.35,5.88,5.93,6.39,6.01,6.06,6.35,6.19,78.3,1,2,2.0,1,0,59.1,2.7,51.8,53.5,0,Low,1,0,3.06
40379,Female,Delhi,Tier2,CS,DataScience,No,Yes,6.88,6.8,6.45,6.61,6.44,6.89,6.35,7.15,6.83,85.2,1,2,2.0,2,1,65.1,2.7,52.6,50.1,1,Mid,0,0,0.0
46315,Male,Kochi,Tier3,CS,DataScience,No,No,8.02,8.14,8.32,8.58,8.26,8.37,8.63,8.16,8.25,78.0,1,2,1.0,1,0,55.9,4.2,56.4,60.6,1,High,1,0,22.52
38374,Male,Ahmedabad,Tier3,CS,DataScience,Yes,No,4.0,4.0,4.47,4.25,4.0,4.31,4.0,4.0,4.11,61.4,0,0,1.0,1,1,57.0,2.3,30.0,25.3,0,Low,0,0,0.0
33253,Male,Ahmedabad,Tier1,Civil,Embedded,Yes,No,9.61,9.26,9.47,9.7,9.45,9.4,9.81,9.8,9.54,75.8,2,4,3.0,2,1,75.4,3.9,78.4,71.2,1,High,1,0,25.48
41290,Female,Bangalore,Tier3,CS,Embedded,Yes,No,5.96,5.71,5.8,5.91,6.26,6.14,5.49,5.9,5.87,59.4,0,0,0.0,1,0,52.6,1.8,25.9,34.8,1,Low,0,0,0.0
35416,Male,Hyderabad,Tier1,CS,Embedded,No,No,4.58,5.13,5.13,4.94,4.6,5.78,5.02,5.07,4.88,89.4,0,2,1.0,2,0,70.1,4.0,58.2,53.8,1,Low,0,0,0.0
6966,Male,Chennai,Tier1,ECE,Networking,Yes,No,9.02,9.25,9.44,9.33,8.94,9.38,9.44,9.68,9.22,85.1,1,4,3.0,3,1,70.1,3.5,81.0,75.9,0,High,1,0,18.34
39301,Male,Chennai,Tier2,IT,Networking,Yes,No,5.5,5.62,4.77,4.76,4.98,5.49,4.89,5.05,5.33,68.5,1,2,2.0,1,1,81.4,2.7,49.7,50.2,1,Low,0,0,0.0
30104,Male,Bangalore,Tier2,CS,DataScience,Yes,No,8.47,8.28,8.26,7.92,8.31,8.45,8.69,8.57,8.53,96.8,2,3,2.0,2,1,83.1,4.0,69.4,89.8,1,High,1,0,22.2
6789,Female,Bangalore,Tier2,ECE,AI,No,Yes,4.86,5.17,4.88,5.27,5.57,4.36,4.63,4.83,5.1,62.4,1,1,0.0,0,0,49.4,2.4,24.2,17.6,1,Low,0,0,0.0
29667,Female,Bangalore,Tier2,ECE,Networking,Yes,No,6.56,6.04,6.32,5.96,6.36,6.01,5.94,5.94,6.13,79.5,0,2,1.0,2,1,52.9,3.2,53.4,49.1,0,Low,0,0,0.0
18594,Female,Pune,Tier2,CS,AI,No,No,7.64,7.45,8.18,7.97,8.22,7.73,8.1,7.77,7.85,79.5,1,1,2.0,2,1,52.8,3.5,46.3,50.1,0,Mid,0,0,0.0
35449,Male,Pune,Tier2,Mechanical,Embedded,Yes,No,9.06,8.89,8.76,9.61,9.03,8.33,8.61,9.14,8.94,68.6,1,3,2.0,2,0,46.0,4.2,47.3,43.3,0,High,1,0,18.78
6996,Male,Pune,Tier2,Mechanical,AI,Yes,Yes,5.13,4.47,4.56,4.48,4.84,4.62,4.02,4.72,4.58,72.0,1,2,1.0,2,1,67.1,2.0,63.3,58.7,0,Low,0,0,0.0
36616,Male,Pune,Tier2,CS,AI,Yes,No,5.46,5.61,5.97,5.83,5.39,5.63,5.76,5.87,5.49,72.5,1,2,2.0,2,1,61.5,2.4,59.2,53.6,1,Low,0,0,0.0
43159,Male,Jaipur,Tier3,CS,DataScience,Yes,Yes,5.61,6.71,5.91,6.39,5.72,6.5,6.08,5.89,6.08,76.8,1,2,2.0,2,1,61.9,3.3,52.7,64.3,0,Low,0,0,0.0
16781,Female,Bangalore,Tier3,EE,Networking,Yes,Yes,7.75,8.15,7.72,7.54,8.01,7.72,7.65,8.05,7.82,73.1,1,2,2.0,1,1,75.5,3.2,48.0,57.8,1,Mid,1,0,8.51
13672,Male,Hyderabad,Tier1,Civil,AI,No,No,6.5,6.87,6.47,7.08,6.88,6.28,6.99,6.49,6.76,93.8,2,2,4.0,3,1,88.3,4.2,87.0,89.2,0,Mid,1,0,12.85
49474,Male,Ahmedabad,Tier2,IT,Embedded,Yes,No,8.56,8.52,8.44,8.37,8.59,8.04,8.4,8.21,8.35,76.3,2,2,2.0,2,0,76.1,2.7,64.2,46.1,0,High,1,0,18.64
17420,Male,Kochi,Tier2,CS,DataScience,Yes,No,7.95,7.84,7.87,7.63,8.49,8.0,8.18,7.61,8.01,84.2,1,2,2.0,1,0,62.9,3.8,56.7,44.7,1,High,1,0,18.67
1854,Male,Bangalore,Tier3,CS,AI,Yes,Yes,5.49,5.1,5.27,4.74,5.09,5.24,5.15,4.85,5.1,59.4,0,1,0.0,0,0,42.4,1.0,34.6,22.7,1,Low,0,0,0.0
30046,Male,Pune,Tier1,IT,AI,Yes,No,7.02,7.04,7.06,6.91,6.54,6.6,7.68,7.05,7.02,71.9,0,1,2.0,2,0,66.0,3.4,52.1,57.3,0,Mid,0,0,0.0
27075,Female,Ahmedabad,Tier2,Civil,Networking,No,No,8.4,7.82,7.63,7.84,7.95,7.77,8.21,8.34,7.98,94.7,1,2,2.0,2,2,81.3,3.9,82.8,66.3,1,Mid,1,0,12.65
26896,Female,Ahmedabad,Tier2,Mechanical,DataScience,Yes,Yes,7.35,7.92,7.69,7.78,8.26,8.12,8.38,7.81,9.75,88.3,3,5,3.0,3,1,99.9,4.6,98.8,60.9,1,High,1,1,25.23
39390,Male,Kolkata,Tier2,Civil,DataScience,No,No,5.88,6.61,6.45,5.94,5.86,5.58,6.47,5.99,6.04,73.2,2,2,2.0,2,1,65.2,2.7,63.6,52.9,1,Low,0,0,0.0
46260,Female,Jaipur,Tier2,CS,Embedded,Yes,No,4.67,4.0,4.24,4.5,4.0,4.42,4.0,4.23,4.3,53.4,0,1,0.0,1,0,47.2,1.5,22.8,27.9,1,Low,0,0,0.0
23813,Male,Kochi,Tier1,IT,Networking,Yes,No,7.05,7.55,7.37,6.28,6.88,7.13,7.41,7.37,7.33,71.3,1,2,2.0,2,1,61.4,3.7,48.1,56.3,1,Mid,1,0,9.95
29540,Male,Mumbai,Tier2,IT,Embedded,Yes,No,8.4,8.16,8.13,8.12,7.81,8.09,8.31,8.27,8.08,79.5,1,2,2.0,1,1,73.6,3.5,58.0,45.8,1,High,1,0,18.57
9667,Male,Pune,Tier1,CS,Embedded,No,No,10.0,10.0,10.0,9.67,9.9,10.0,10.0,9.95,9.59,100.0,2,2,4.0,3,2,75.5,4.3,81.7,93.7,1,High,1,0,25.02
21112,Female,Hyderabad,Tier1,Mechanical,Networking,No,No,8.6,8.42,9.16,8.8,8.83,8.13,9.02,9.04,8.58,80.7,2,3,3.0,3,3,87.1,4.4,73.1,88.9,1,High,1,0,22.26
8436,Male,Kochi,Tier1,CS,AI,Yes,No,7.1,7.33,7.35,7.47,7.32,7.29,7.74,7.43,7.54,81.2,3,4,4.0,2,1,95.2,3.9,76.9,74.7,1,Mid,1,0,8.67
9986,Female,Kolkata,Tier2,CS,AI,No,No,7.76,7.34,8.0,8.13,7.8,7.72,8.57,7.83,7.84,67.3,2,2,1.0,1,1,68.0,3.0,56.7,68.6,0,Mid,1,0,8.01
12487,Male,Ahmedabad,Tier2,ECE,Embedded,Yes,No,5.37,6.61,5.88,6.35,6.13,6.4,6.35,6.2,4.43,53.11161973,0,2,2.0,1,1,36.0,4.3,7.8,48.2,0,Low,0,1,0.0
104,Male,Pune,Tier2,Mechanical,Embedded,No,No,5.99,6.28,5.95,6.21,7.26,6.6,6.35,6.31,6.29,81.2,0,1,2.0,2,0,55.0,3.5,59.2,42.8,1,Low,0,0,0.0
48962,Male,Mumbai,Tier3,CS,Embedded,No,No,6.04,6.21,6.15,6.32,5.95,6.38,5.65,6.13,6.18,74.9,1,2,1.0,1,0,68.0,2.8,55.6,52.9,1,Low,1,0,6.09
36814,Male,Hyderabad,Tier3,CS,Embedded,No,No,5.95,5.6,6.09,6.12,4.74,5.91,5.57,5.64,5.6,55.7,1,0,0.0,0,0,44.5,2.3,23.9,23.8,0,Low,0,0,0.0
26138,Male,Delhi,Tier2,ECE,DataScience,Yes,No,6.67,6.09,6.28,6.39,6.47,7.09,5.99,6.41,6.41,73.8,1,2,2.0,2,1,62.5,2.4,53.4,51.9,0,Low,1,0,3.79
16342,Male,Bangalore,Tier3,EE,DataScience,Yes,No,6.63,6.5,6.68,6.65,6.92,6.59,6.42,6.55,6.69,79.3,1,2,1.0,2,1,67.9,2.3,54.5,52.5,1,Mid,0,0,0.0
40021,Female,Chennai,Tier1,CS,DataScience,Yes,No,10.0,9.82,10.0,9.65,10.0,9.73,10.0,10.0,9.97,84.0,0,5,3.0,3,2,82.0,4.5,86.6,76.2,0,High,1,0,19.0
39722,Male,Ahmedabad,Tier3,Mechanical,DataScience,Yes,No,7.94,7.79,8.48,7.54,8.29,8.28,8.19,8.3,8.14,73.4,1,2,1.0,2,0,69.9,2.9,60.4,55.5,0,High,1,0,18.4
14598,Male,Bangalore,Tier3,EE,AI,No,Yes,5.66,4.95,4.84,5.2,5.37,4.86,4.32,5.19,4.95,69.2,1,0,0.0,0,0,59.1,1.7,24.9,28.9,0,Low,0,0,0.0
1481,Male,Bangalore,Tier3,ECE,DataScience,No,No,6.09,6.03,6.66,6.07,6.06,6.0,6.23,6.05,6.11,60.7,0,1,0.0,1,0,50.1,2.5,25.1,34.3,0,Low,0,0,0.0
16691,Male,Hyderabad,Tier2,CS,DataScience,No,No,5.8,5.83,5.79,5.76,5.84,5.87,5.75,5.49,5.87,74.9,0,1,2.0,3,1,59.0,3.5,55.0,45.2,1,Low,0,0,0.0
19636,Male,Mumbai,Tier3,ECE,Embedded,No,No,7.39,7.31,6.9,7.43,7.83,6.87,7.2,7.81,7.24,74.8,1,1,2.0,1,1,56.0,2.1,39.7,50.3,0,Mid,0,0,0.0
24641,Male,Chennai,Tier1,CS,Embedded,No,No,8.86,8.98,9.84,8.93,9.04,9.23,9.23,9.08,9.25,89.4,1,3,3.0,3,1,73.9,4.5,82.3,54.9,1,High,1,0,25.42
7504,Male,Bangalore,Tier1,CS,Networking,Yes,No,6.81,6.55,6.27,6.99,6.78,6.79,6.89,7.45,6.71,75.8,1,3,3.0,3,1,56.6,2.9,75.3,84.5,0,Mid,1,0,8.68
7123,Female,Mumbai,Tier1,CS,Embedded,No,No,7.09,7.57,7.84,7.84,7.56,7.25,6.77,7.8,7.43,68.3,1,1,2.0,1,0,76.3,2.8,48.4,47.1,1,Mid,1,0,8.18
1867,Female,Ahmedabad,Tier1,Civil,DataScience,Yes,No,10.0,9.93,10.0,10.0,10.0,10.0,10.0,10.0,9.88,91.7,1,2,3.0,2,1,73.7,3.6,72.9,64.2,0,High,1,0,18.28
13204,Female,Bangalore,Tier3,IT,AI,No,Yes,7.02,6.71,7.21,7.32,7.01,6.72,7.34,6.66,6.95,61.5,0,0,0.0,0,0,54.7,2.1,27.5,30.5,0,Mid,0,0,0.0
24082,Female,Hyderabad,Tier2,Civil,Networking,No,No,7.63,7.79,7.78,7.71,7.75,8.33,8.29,8.35,7.95,87.0,2,4,4.0,3,2,86.1,3.8,92.0,80.3,1,Mid,1,0,8.7
849,Male,Chennai,Tier2,IT,DataScience,Yes,Yes,7.09,7.05,6.89,7.1,7.05,6.76,6.84,7.64,6.99,89.0,1,1,1.0,1,1,69.3,2.2,55.0,57.6,1,Mid,0,0,0.0
14050,Female,Pune,Tier2,CS,AI,Yes,No,8.37,8.07,8.7,8.37,8.14,8.62,7.97,8.39,8.28,94.7,2,4,2.0,4,1,84.3,3.3,79.0,69.3,0,High,1,0,18.98
47308,Male,Chennai,Tier1,Civil,Embedded,No,No,7.17,6.64,6.55,6.78,6.29,6.86,5.96,6.41,6.48,72.2,1,2,1.0,2,1,69.0,2.0,40.5,48.3,0,Low,1,0,5.3
45634,Female,Ahmedabad,Tier2,CS,AI,No,No,6.88,6.87,7.24,7.74,7.73,7.3,7.88,7.25,7.26,96.4,1,2,2.0,2,1,52.8,3.3,60.0,56.2,1,Mid,1,0,8.8
8659,Male,Ahmedabad,Tier1,Mechanical,AI,Yes,Yes,9.75,10.0,9.81,10.0,10.0,10.0,9.47,10.0,9.86,79.1,2,3,2.0,4,3,80.8,3.5,63.7,71.8,1,High,1,0,25.18
28488,Male,Chennai,Tier1,CS,AI,No,No,6.62,6.14,6.46,6.23,6.15,6.46,6.56,6.83,6.56,79.9,1,2,2.0,2,1,58.9,3.0,60.6,53.1,1,Mid,0,0,0.0
42185,Male,Chennai,Tier2,IT,Embedded,No,No,7.7,8.5,8.34,8.25,8.49,8.29,8.49,8.53,8.38,85.3,2,3,3.0,2,0,69.3,3.5,81.1,76.1,1,High,1,0,22.58
25605,Male,Bangalore,Tier2,EE,DataScience,No,No,6.74,6.34,7.17,7.45,6.8,6.71,7.69,6.99,6.85,62.1,1,2,2.0,1,1,55.3,2.8,45.4,53.0,0,Mid,1,0,8.49
35675,Male,Jaipur,Tier1,CS,AI,No,No,8.89,8.18,8.52,8.76,8.42,8.8,9.07,8.76,8.69,92.7,3,3,4.0,4,2,68.1,3.3,74.5,71.6,1,High,1,0,22.04
4670,Male,Bangalore,Tier2,CS,AI,No,No,8.79,9.28,8.44,9.01,8.8,8.98,9.33,8.55,8.98,71.0,1,2,1.0,2,0,76.4,3.9,51.2,50.4,1,High,1,0,22.96
28049,Male,Ahmedabad,Tier1,ECE,Embedded,Yes,No,8.06,7.07,7.41,7.92,7.8,7.84,8.29,7.94,7.77,88.3,1,3,2.0,4,1,75.5,2.9,75.0,72.8,1,Mid,1,0,8.86
35033,Female,Ahmedabad,Tier3,CS,Networking,No,Yes,7.7,7.29,7.33,7.78,8.4,8.05,7.97,7.69,7.75,79.7,1,2,2.0,1,1,64.6,3.4,47.2,52.4,0,Mid,0,0,0.0
18240,Female,Pune,Tier1,EE,Embedded,Yes,No,7.73,8.54,8.15,8.33,8.33,9.06,8.46,8.39,8.37,80.8,2,4,2.0,3,1,76.6,3.4,93.1,67.9,1,High,1,0,22.98
31334,Female,Hyderabad,Tier2,ECE,DataScience,No,No,10.0,10.0,9.95,10.0,10.0,10.0,10.0,10.0,10.0,89.8,2,4,3.0,3,2,58.7,3.9,82.5,74.8,1,High,1,0,25.61
43186,Male,Delhi,Tier2,CS,AI,Yes,No,10.0,10.0,10.0,10.0,10.0,10.0,10.0,10.0,10.0,71.6,2,3,2.0,5,2,82.6,3.7,80.6,70.3,1,High,1,0,25.72
777,Male,Chennai,Tier1,CS,Embedded,Yes,No,8.53,8.21,8.37,8.52,8.55,8.58,8.86,9.05,8.52,86.1,3,3,4.0,3,2,88.5,3.5,73.5,71.6,0,High,1,0,18.45
20772,Female,Bangalore,Tier1,Mechanical,AI,Yes,No,9.12,9.49,9.68,10.0,9.71,9.97,10.0,9.21,9.58,85.9,1,4,3.0,2,1,85.6,3.3,76.6,72.9,1,High,1,0,25.3
11798,Female,Hyderabad,Tier2,Mechanical,AI,No,No,7.75,7.32,7.29,7.52,7.92,7.61,7.34,8.26,7.64,70.0,2,2,2.0,3,0,71.9,2.9,52.0,44.9,1,Mid,1,0,8.5
8666,Female,Kochi,Tier2,Civil,Networking,Yes,No,6.47,6.97,6.52,6.94,6.7,6.29,6.88,6.64,6.59,77.0,1,3,2.0,2,1,72.6,2.4,47.9,50.4,1,Mid,1,0,8.49
15014,Female,Delhi,Tier2,CS,DataScience,No,No,7.09,7.46,6.77,6.02,7.09,6.8,6.9,7.0,6.75,92.9,1,2,1.0,1,1,52.4,3.1,39.9,54.9,1,Mid,1,0,12.23
14225,Female,Mumbai,Tier2,Civil,Embedded,No,Yes,8.31,7.44,7.48,7.93,7.68,7.34,7.46,7.39,7.64,61.0,1,2,2.0,2,1,64.8,3.7,51.4,47.5,1,Mid,0,0,0.0
12869,Female,Hyderabad,Tier3,Civil,AI,No,Yes,7.51,7.48,8.13,7.65,7.36,8.0,8.32,7.5,7.84,59.5,0,1,2.0,1,1,69.9,3.7,51.7,52.5,1,Mid,0,0,0.0
15046,Female,Jaipur,Tier3,Civil,DataScience,No,No,6.66,6.9,6.81,6.71,6.42,6.75,6.59,6.72,6.56,71.1,1,1,1.0,2,0,66.7,2.5,60.7,48.4,1,Mid,1,0,8.26
7837,Male,Ahmedabad,Tier2,Mechanical,AI,Yes,No,8.07,7.23,8.01,7.51,7.88,7.65,7.93,7.51,4.02,51.74333825,1,2,2.0,3,0,35.7,3.6,4.9,61.8,0,Mid,1,1,8.59
16090,Male,Ahmedabad,Tier3,Civil,Embedded,Yes,No,5.23,5.48,5.23,5.05,4.91,4.96,5.17,4.82,5.06,60.9,0,0,0.0,1,0,44.5,2.2,34.4,29.9,1,Low,0,0,0.0
48553,Female,Kochi,Tier2,CS,Networking,Yes,No,9.77,9.4,9.84,9.37,9.45,9.37,9.48,9.84,9.59,85.6,2,3,3.0,3,1,85.4,3.5,86.9,60.5,1,High,1,0,25.42
6101,Female,Bangalore,Tier1,EE,DataScience,Yes,No,6.54,6.44,6.76,6.51,6.69,6.39,6.93,6.23,6.44,73.2,1,2,1.0,1,0,75.6,3.5,58.1,55.4,0,Low,1,0,6.09
2056,Female,Bangalore,Tier3,CS,Embedded,Yes,Yes,8.41,8.26,8.22,7.95,8.0,8.38,8.34,8.01,8.34,72.2,1,2,2.0,1,0,70.7,2.7,60.1,48.7,0,High,1,0,18.38
746,Female,Kolkata,Tier3,CS,DataScience,No,No,4.45,4.07,4.29,4.49,4.0,4.0,4.09,4.0,4.12,67.0,1,1,0.0,0,0,32.4,1.3,27.8,26.5,0,Low,0,0,0.0
13198,Female,Bangalore,Tier1,Mechanical,DataScience,No,No,5.68,6.03,5.15,5.77,5.81,5.77,5.37,5.39,5.67,92.7,1,1,2.0,2,1,41.3,2.7,55.4,53.8,0,Low,0,0,0.0
20629,Male,Kolkata,Tier2,Civil,Embedded,Yes,No,7.74,6.91,7.13,7.58,7.48,7.32,7.17,7.02,7.27,63.9,0,0,1.0,1,0,49.2,1.7,27.5,41.3,1,Mid,0,0,0.0
39858,Male,Pune,Tier2,ECE,Embedded,Yes,No,7.37,7.75,7.62,7.82,7.85,7.95,7.49,8.05,7.74,78.1,2,2,1.0,2,1,76.4,3.0,61.4,51.3,0,Mid,1,0,8.1
10747,Male,Mumbai,Tier3,EE,AI,Yes,Yes,6.85,6.82,6.37,6.77,6.33,6.64,5.67,5.82,6.25,62.2,0,1,1.0,0,0,44.7,3.0,25.6,32.7,1,Low,0,0,0.0
28151,Male,Hyderabad,Tier2,Mechanical,Networking,No,No,8.1,8.48,8.36,8.26,8.71,8.44,8.33,8.65,8.29,82.6,1,3,2.0,3,2,75.5,3.9,80.0,77.2,1,High,1,0,22.05
3037,Female,Delhi,Tier2,Mechanical,DataScience,No,No,6.94,6.76,6.14,6.81,6.63,6.03,6.57,6.38,6.53,50.3,1,1,2.0,2,1,64.8,4.1,55.3,52.7,0,Mid,1,0,8.79
24114,Male,Bangalore,Tier2,CS,AI,Yes,Yes,6.29,5.49,5.48,6.06,5.54,5.79,5.68,5.72,5.57,50.0,0,1,1.0,1,0,60.6,1.2,26.4,31.7,0,Low,0,0,0.0
22643,Male,Bangalore,Tier2,CS,DataScience,Yes,No,6.77,7.14,7.24,6.69,7.15,7.08,7.34,6.98,9.75,85.4,3,5,3.0,5,1,98.8,4.7,96.6,76.2,1,Mid,1,1,8.48
1683,Female,Bangalore,Tier2,CS,AI,Yes,No,6.07,5.23,6.49,6.2,6.25,6.44,5.64,6.09,5.92,81.2,0,1,2.0,2,1,64.8,3.1,64.8,57.8,1,Low,0,0,0.0
4878,Male,Kolkata,Tier3,EE,DataScience,No,No,7.01,7.44,7.27,7.25,7.54,7.14,7.23,7.15,7.21,72.9,1,2,2.0,1,1,78.7,4.0,59.5,51.8,1,Mid,1,0,8.86
13724,Male,Ahmedabad,Tier2,IT,AI,No,No,10.0,10.0,9.97,10.0,9.96,10.0,10.0,10.0,9.76,84.2,2,3,2.0,3,1,74.1,3.7,80.4,69.1,1,High,1,0,25.11
10902,Male,Bangalore,Tier1,ECE,DataScience,No,No,7.44,7.43,7.31,6.97,7.16,7.27,7.39,6.99,7.19,78.7,1,2,2.0,1,0,62.2,2.7,56.7,44.4,1,Mid,1,0,8.12
49636,Male,Kochi,Tier2,EE,DataScience,No,No,6.79,6.48,7.02,7.82,7.45,7.5,7.13,7.55,7.15,70.4,0,2,1.0,2,1,67.4,3.3,74.7,63.5,0,Mid,1,0,8.28
21740,Female,Bangalore,Tier2,IT,AI,Yes,No,8.94,9.43,9.39,9.35,8.81,9.51,9.1,9.63,9.23,87.5,1,2,3.0,2,1,77.0,4.0,72.1,69.2,1,High,1,0,25.31
36450,Male,Kolkata,Tier1,Mechanical,Embedded,Yes,No,8.63,8.73,8.4,8.76,9.37,8.77,7.68,8.31,8.58,82.1,1,2,1.0,2,0,68.7,3.2,59.6,50.6,0,High,1,0,18.24
7983,Female,Ahmedabad,Tier2,CS,AI,Yes,No,7.32,7.43,6.52,7.14,7.48,7.31,7.52,7.26,7.35,81.4,0,3,2.0,1,0,69.0,2.8,64.5,51.3,0,Mid,1,0,8.78
8181,Female,Jaipur,Tier1,CS,AI,No,No,10.0,10.0,9.94,10.0,9.9,9.98,10.0,10.0,9.98,92.1,2,3,3.0,2,1,82.4,4.4,87.5,84.7,1,High,1,0,25.12
23317,Female,Jaipur,Tier3,Civil,Embedded,Yes,Yes,6.23,5.98,6.45,6.65,6.55,6.0,6.11,6.7,6.37,76.7,1,2,1.0,2,1,69.3,3.1,57.5,44.6,1,Low,0,0,0.0
25892,Male,Jaipur,Tier2,ECE,DataScience,No,No,6.69,6.76,6.42,7.11,7.05,7.09,7.38,7.59,7.01,82.8,1,2,2.0,4,2,89.0,4.5,86.0,72.5,1,Mid,1,0,8.14
20974,Male,Bangalore,Tier3,Civil,Networking,Yes,No,5.42,5.41,4.7,4.95,4.74,4.18,4.38,5.27,4.87,60.9,0,0,1.0,1,0,57.5,1.4,27.8,24.8,0,Low,0,0,0.0
14961,Male,Hyderabad,Tier2,CS,Networking,No,No,4.11,4.31,4.05,4.0,4.2,4.0,4.1,4.0,4.05,68.1,2,1,2.0,2,1,52.1,2.6,62.3,58.3,0,Low,0,0,0.0
4832,Female,Kochi,Tier3,ECE,Networking,Yes,No,9.97,9.39,9.78,10.0,9.31,10.0,9.92,9.78,9.68,71.7,1,2,2.0,1,0,60.0,3.5,60.5,51.4,1,High,1,0,25.48
1001,Female,Kolkata,Tier2,CS,DataScience,Yes,No,10.0,10.0,10.0,10.0,10.0,10.0,10.0,10.0,9.86,80.0,2,2,2.0,3,2,100.0,3.9,53.8,78.0,1,High,1,0,25.8
13115,Female,Bangalore,Tier3,CS,Networking,No,Yes,7.12,7.48,7.02,7.23,7.23,7.09,7.36,7.18,7.22,83.0,1,2,2.0,3,1,78.1,2.2,48.3,59.1,0,Mid,0,0,0.0
12790,Male,Ahmedabad,Tier2,ECE,DataScience,No,Yes,5.56,6.23,6.0,5.88,6.11,5.81,5.88,6.19,5.9,87.4,1,2,2.0,2,0,55.3,3.1,58.6,56.5,0,Low,1,0,5.57
35643,Male,Kolkata,Tier3,CS,Networking,Yes,Yes,5.7,6.28,6.36,6.18,6.55,6.64,6.13,6.41,6.37,91.7,1,1,2.0,3,0,61.3,3.2,52.2,58.3,0,Low,0,0,0.0
13696,Male,Pune,Tier2,CS,AI,Yes,No,7.14,7.04,6.27,6.7,7.08,7.26,7.17,6.78,6.81,92.6,1,3,2.0,4,1,83.1,4.1,100.0,73.2,0,Mid,1,0,8.87
11750,Female,Bangalore,Tier1,EE,Networking,Yes,No,7.29,6.63,7.15,6.97,6.86,7.39,6.9,6.92,6.94,77.5,2,5,3.0,4,2,92.5,4.2,85.7,63.4,0,Mid,1,0,8.62
10593,Male,Chennai,Tier2,ECE,AI,Yes,No,6.6,6.6,6.64,5.82,6.08,6.73,6.16,6.21,6.34,88.4,1,3,2.0,2,1,49.1,2.6,57.3,60.3,1,Low,0,0,0.0
36536,Male,Bangalore,Tier2,ECE,Networking,No,No,6.5,6.97,7.3,7.43,7.34,7.63,6.53,7.27,7.12,71.7,1,2,2.0,2,1,68.8,2.6,52.7,57.5,1,Mid,1,0,8.61
40740,Male,Hyderabad,Tier1,IT,Embedded,No,No,8.02,7.98,8.15,8.19,8.13,8.21,9.02,8.61,8.23,74.2,1,3,3.0,3,2,80.8,3.9,86.3,92.2,0,High,1,0,18.27
45397,Female,Bangalore,Tier2,CS,DataScience,No,No,4.68,4.23,4.95,4.46,4.38,4.71,4.45,4.0,4.51,71.9,0,1,1.0,0,0,47.5,1.0,29.7,27.6,0,Low,0,0,0.0
11873,Male,Jaipur,Tier1,Mechanical,Embedded,Yes,No,8.39,7.46,8.1,8.19,7.96,8.31,8.66,8.3,8.07,86.9,3,3,3.0,2,1,94.8,3.6,75.5,73.8,1,High,1,0,22.93
21082,Male,Mumbai,Tier3,IT,AI,No,No,8.0,8.46,8.69,8.26,8.86,7.78,8.79,8.12,8.46,77.2,1,2,3.0,2,1,67.8,3.7,51.6,49.2,1,High,1,0,18.6
13294,Female,Hyderabad,Tier1,Mechanical,DataScience,Yes,No,7.27,6.85,7.22,7.53,7.24,7.27,7.44,7.4,7.37,94.6,2,3,3.0,4,2,87.9,4.1,86.6,88.4,1,Mid,1,0,8.93
23126,Male,Pune,Tier3,ECE,DataScience,Yes,No,8.0,8.1,7.82,7.72,7.96,8.36,7.67,8.4,8.04,82.6,1,1,2.0,1,1,80.6,2.2,51.2,44.5,1,High,1,0,18.47
11661,Male,Mumbai,Tier3,Mechanical,Embedded,Yes,No,6.39,6.49,6.58,5.66,6.08,6.11,6.24,5.91,6.19,61.4,0,0,1.0,1,0,46.3,1.6,30.6,35.5,0,Low,0,0,0.0
38199,Male,Kolkata,Tier2,Civil,AI,No,No,7.03,6.95,7.28,7.7,7.68,7.21,7.25,7.55,7.39,76.5,1,2,2.0,1,0,83.4,1.8,57.3,49.5,1,Mid,1,0,8.68
6751,Female,Hyderabad,Tier2,CS,AI,No,No,8.49,7.79,8.54,8.18,8.9,8.1,8.65,8.18,8.5,88.0,1,4,2.0,3,2,100.0,4.2,83.4,79.2,1,High,1,0,22.91
48819,Male,Hyderabad,Tier2,CS,Embedded,Yes,Yes,6.23,5.54,5.66,5.72,5.58,5.64,5.71,5.36,5.7,56.4,1,1,0.0,1,0,42.0,1.0,34.5,28.0,0,Low,0,0,0.0
16605,Female,Pune,Tier2,CS,DataScience,Yes,No,9.21,8.8,9.14,8.97,8.87,9.64,9.38,9.49,9.07,97.8,3,3,3.0,3,2,85.0,4.5,64.5,67.2,1,High,1,0,25.8
5368,Female,Bangalore,Tier2,Mechanical,Networking,Yes,No,8.73,8.6,9.27,8.83,8.4,8.59,8.93,8.41,8.64,59.4,1,2,0.0,1,0,82.6,2.5,56.3,39.6,1,High,1,0,18.42
3445,Male,Bangalore,Tier3,ECE,AI,Yes,No,6.14,5.54,5.63,5.49,5.24,5.45,5.44,4.62,5.37,62.2,0,1,0.0,0,0,48.9,1.9,27.7,31.1,0,Low,0,0,0.0
8570,Male,Mumbai,Tier1,IT,DataScience,No,No,8.72,9.23,9.28,9.66,9.23,9.52,9.25,10.0,9.28,73.4,2,3,3.0,4,1,96.0,3.1,76.5,72.9,1,High,1,0,25.88
8930,Female,Pune,Tier3,CS,Networking,Yes,Yes,6.48,5.96,5.55,5.31,5.91,5.3,5.55,5.56,5.79,61.8,0,0,0.0,0,0,40.4,1.3,30.3,31.0,0,Low,0,0,0.0
5349,Female,Chennai,Tier3,CS,DataScience,Yes,No,7.11,7.48,7.15,7.18,7.3,6.7,6.88,6.85,7.28,84.6,1,2,1.0,1,0,67.6,2.0,53.8,44.7,0,Mid,1,0,8.83
32605,Female,Delhi,Tier3,ECE,Networking,Yes,Yes,5.31,5.47,5.49,5.64,5.58,5.03,5.13,5.28,5.21,68.1,0,1,1.0,0,0,45.8,1.0,29.2,28.8,0,Low,0,0,0.0
11536,Male,Ahmedabad,Tier3,Mechanical,AI,No,No,5.21,5.15,5.32,5.5,4.99,5.49,5.33,4.64,5.04,53.0,0,1,1.0,0,0,41.4,2.0,25.9,31.3,0,Low,0,0,0.0
17122,Female,Pune,Tier2,ECE,Networking,No,No,8.02,7.79,7.63,8.14,7.43,7.95,7.7,7.27,7.79,80.6,1,2,1.0,1,0,71.3,3.0,45.3,54.6,1,Mid,1,0,8.24
46474,Male,Mumbai,Tier3,Mechanical,Networking,Yes,No,4.88,5.31,5.38,5.39,4.83,5.34,4.94,5.0,5.2,59.6,0,1,1.0,1,0,46.4,2.2,19.9,28.8,1,Low,0,0,0.0
22349,Male,Kolkata,Tier1,IT,Embedded,No,No,7.28,8.02,8.08,8.22,7.8,8.21,8.08,7.85,7.91,86.3,2,3,3.0,3,2,95.1,3.5,70.8,61.4,1,Mid,1,0,8.42
26261,Male,Hyderabad,Tier3,Civil,Embedded,Yes,No,6.61,6.46,6.39,6.59,6.43,5.96,6.55,6.62,6.45,75.0,1,2,1.0,2,1,57.8,3.0,56.5,57.8,1,Low,1,0,5.7
16136,Male,Pune,Tier2,CS,Embedded,Yes,No,5.11,5.25,4.96,5.56,4.94,5.03,5.08,5.21,5.07,79.9,1,1,2.0,2,1,58.7,3.4,48.1,50.1,1,Low,0,0,0.0
18234,Male,Pune,Tier1,Mechanical,Networking,No,No,9.13,9.43,9.4,9.37,9.96,9.72,10.0,9.82,9.43,84.5,2,2,4.0,5,1,83.1,4.0,73.6,82.1,0,High,1,0,18.34
13296,Female,Jaipur,Tier1,Civil,Networking,Yes,No,5.47,5.51,5.48,5.57,5.23,5.27,5.41,5.29,5.22,71.3,2,3,3.0,4,2,73.1,4.6,80.6,53.4,0,Low,1,0,3.45
28715,Male,Chennai,Tier2,ECE,DataScience,Yes,Yes,7.04,6.22,6.36,6.4,6.15,6.28,6.26,6.38,6.44,76.8,0,2,1.0,1,0,74.4,3.2,66.6,49.3,1,Low,0,0,0.0
27661,Male,Hyderabad,Tier1,CS,AI,Yes,No,7.32,7.28,7.17,6.98,7.61,7.43,7.6,8.35,7.46,68.5,2,3,2.0,4,2,74.4,4.7,85.6,87.1,1,Mid,1,0,8.14
47920,Male,Chennai,Tier2,Mechanical,DataScience,No,Yes,5.12,5.44,5.46,5.43,5.76,5.47,5.9,5.4,5.51,96.4,2,4,3.0,2,2,90.1,4.2,78.7,72.2,1,Low,1,0,6.25
34429,Female,Bangalore,Tier3,CS,Networking,No,No,7.18,6.51,6.66,6.86,6.63,6.48,7.12,6.75,6.83,68.1,0,2,2.0,2,1,73.0,3.4,53.8,52.1,1,Mid,1,0,8.94
45851,Male,Jaipur,Tier3,ECE,DataScience,No,Yes,7.95,7.64,8.37,8.56,7.49,7.67,8.08,8.16,8.01,80.4,1,2,2.0,2,0,69.1,2.6,46.7,55.9,0,High,1,0,18.24
15005,Male,Delhi,Tier1,EE,Embedded,No,No,10.0,9.56,9.43,9.44,10.0,9.8,10.0,9.8,9.92,96.1,3,4,3.0,2,2,77.8,4.4,71.0,60.7,0,High,1,0,18.45
22397,Female,Pune,Tier3,CS,Embedded,Yes,No,6.06,6.4,6.1,6.54,6.2,6.46,5.81,6.17,6.16,69.7,1,1,0.0,1,0,52.5,1.2,26.7,34.8,0,Low,0,0,0.0
44043,Female,Chennai,Tier1,Mechanical,Embedded,No,No,8.82,9.46,9.27,9.03,9.18,9.11,9.14,9.5,9.28,93.5,1,2,3.0,3,2,82.3,4.9,59.8,71.5,1,High,1,0,25.57
6523,Male,Kolkata,Tier2,IT,DataScience,No,No,6.76,5.84,6.71,6.96,6.53,6.72,6.62,6.35,6.46,69.0,1,2,2.0,1,0,67.7,3.3,63.8,51.0,1,Low,1,0,5.99
28633,Female,Bangalore,Tier2,ECE,Networking,No,No,7.56,7.53,7.83,7.55,7.72,7.44,7.31,7.7,7.67,73.3,1,2,2.0,2,1,67.2,3.6,67.0,59.9,1,Mid,1,0,8.53
31723,Male,Delhi,Tier2,EE,Networking,No,No,8.8,8.85,8.17,8.82,9.35,8.99,8.87,8.9,8.78,89.0,2,4,3.0,4,3,61.2,5.0,85.5,57.7,1,High,1,0,22.69
4895,Male,Kochi,Tier1,Mechanical,AI,Yes,No,6.3,6.82,6.87,6.32,7.27,6.89,7.18,6.83,6.85,82.7,0,1,2.0,2,0,71.9,2.2,65.3,49.4,1,Mid,1,0,8.8
15192,Female,Bangalore,Tier1,Mechanical,AI,Yes,No,10.0,9.85,9.74,10.0,10.0,10.0,10.0,10.0,9.93,88.0,2,4,3.0,4,2,76.1,4.9,59.6,67.9,1,High,1,0,25.94
39809,Male,Jaipur,Tier2,ECE,Embedded,Yes,No,9.57,9.9,10.0,9.84,10.0,10.0,10.0,9.8,9.76,66.8,2,2,2.0,3,1,85.9,4.3,84.4,62.1,1,High,1,0,25.64
30546,Male,Kolkata,Tier3,Civil,Embedded,Yes,No,7.54,7.06,7.42,7.86,7.44,7.63,7.86,8.26,4.02,51.02783398,1,2,2.0,2,1,30.5,2.8,8.5,60.0,0,Mid,1,1,8.67
7668,Male,Delhi,Tier3,CS,Embedded,No,Yes,7.66,6.66,8.07,7.61,7.47,7.39,7.7,7.54,7.66,85.4,1,1,1.0,2,0,73.5,3.5,53.3,55.0,0,Mid,1,0,8.32
28074,Female,Mumbai,Tier3,CS,Networking,No,No,6.54,6.28,6.8,6.67,6.2,7.06,6.32,6.97,6.51,68.3,0,3,1.0,2,0,64.0,2.0,54.8,54.6,1,Mid,0,0,0.0
34015,Female,Mumbai,Tier3,EE,Embedded,No,Yes,4.0,4.0,4.0,4.0,4.31,4.0,4.0,4.0,4.04,60.5,0,1,0.0,1,1,50.9,2.2,26.3,29.0,0,Low,0,0,0.0
28187,Male,Chennai,Tier3,EE,Networking,Yes,No,6.67,6.48,5.94,7.05,6.8,6.14,6.49,6.51,6.5,81.3,1,3,2.0,1,0,73.2,2.3,54.1,64.1,0,Low,0,0,0.0
11681,Female,Bangalore,Tier2,IT,AI,Yes,No,5.39,6.19,6.02,5.65,5.88,6.02,5.42,6.34,5.84,72.2,2,5,2.0,4,1,79.3,4.5,88.2,91.9,1,Low,1,0,5.77
7687,Female,Kolkata,Tier3,Mechanical,Networking,Yes,No,5.14,4.69,5.18,5.3,5.28,5.9,5.2,5.81,5.37,88.0,1,2,2.0,2,0,72.2,3.0,46.1,49.8,0,Low,1,0,3.65
46605,Male,Hyderabad,Tier2,ECE,Networking,No,No,7.98,8.4,7.89,8.35,8.75,8.16,9.02,8.32,8.54,79.5,1,2,2.0,1,1,65.8,3.2,61.1,62.4,0,High,1,0,18.83
23443,Female,Delhi,Tier3,CS,AI,No,Yes,4.22,4.0,4.0,4.23,4.03,4.0,4.0,4.0,4.02,66.4,0,1,0.0,1,0,38.4,2.1,29.7,29.9,0,Low,0,0,0.0
9932,Female,Chennai,Tier1,Mechanical,DataScience,Yes,No,7.19,7.75,7.4,7.82,8.75,7.52,7.42,8.08,7.5,80.6,2,4,3.0,4,2,100.0,4.3,74.3,65.3,1,Mid,1,0,10.7
32939,Male,Pune,Tier3,Civil,AI,Yes,No,7.71,7.19,7.86,7.28,7.45,7.76,7.54,7.94,7.73,68.5,0,0,0.0,0,0,54.1,2.5,32.6,25.7,0,Mid,0,0,0.0
28217,Female,Mumbai,Tier1,CS,DataScience,Yes,No,10.0,10.0,10.0,10.0,10.0,10.0,9.63,10.0,10.0,87.3,1,3,4.0,2,1,57.7,4.2,66.8,84.5,1,High,1,0,25.09
13376,Female,Kolkata,Tier2,CS,DataScience,No,Yes,9.05,8.83,9.18,8.65,8.68,8.75,8.83,8.79,8.76,98.2,0,2,1.0,1,0,58.9,2.2,48.1,56.0,1,High,0,0,18.47
37380,Female,Jaipur,Tier1,EE,Networking,No,No,6.74,6.89,7.18,6.41,7.48,6.94,6.56,6.95,6.85,78.5,2,2,2.0,1,1,60.1,4.2,50.5,52.4,0,Mid,1,0,8.48
7818,Male,Mumbai,Tier2,CS,DataScience,No,No,5.43,5.64,5.34,4.88,4.86,5.45,5.08,5.05,5.21,65.5,0,0,1.0,1,0,45.3,2.3,31.0,33.0,0,Low,0,0,0.0
28427,Male,Hyderabad,Tier1,ECE,Networking,No,No,7.85,7.55,8.16,7.39,7.52,8.29,7.85,7.6,7.75,98.1,2,3,3.0,3,2,92.7,3.8,80.6,49.5,1,Mid,1,0,10.64
46128,Male,Kolkata,Tier3,ECE,AI,No,No,7.0,6.27,6.12,6.39,6.6,6.51,6.32,6.38,6.61,67.3,0,1,1.0,0,0,44.6,2.3,28.3,28.2,1,Mid,0,0,0.0
49386,Male,Pune,Tier2,CS,AI,Yes,Yes,4.28,4.48,4.2,4.4,4.67,4.0,4.04,4.28,4.33,58.6,0,0,0.0,0,0,44.4,1.8,29.7,30.4,0,Low,0,0,0.0
47725,Female,Hyderabad,Tier2,Mechanical,Networking,Yes,No,6.36,6.23,6.74,6.66,6.38,6.79,6.22,6.56,6.26,89.6,1,2,1.0,3,1,79.3,3.6,83.8,67.8,1,Low,1,0,6.32
31870,Male,Bangalore,Tier2,IT,Embedded,Yes,No,5.23,4.75,4.51,5.07,4.7,4.84,4.77,4.42,4.65,55.2,0,1,1.0,1,0,42.4,2.3,23.0,29.9,0,Low,0,0,0.0
47877,Male,Ahmedabad,Tier1,ECE,DataScience,Yes,No,8.95,9.0,10.0,9.4,9.31,9.54,10.0,9.58,9.38,76.9,2,4,3.0,5,1,96.1,4.6,83.7,67.0,1,High,1,0,25.59
4257,Male,Bangalore,Tier3,ECE,Embedded,Yes,Yes,5.82,6.47,5.37,6.18,5.81,6.13,6.08,6.07,5.99,64.3,1,1,1.0,0,0,37.1,2.6,31.6,31.6,0,Low,0,0,0.0
29761,Male,Chennai,Tier2,ECE,Networking,Yes,Yes,4.93,4.0,4.67,4.66,4.95,4.27,4.18,4.85,4.48,57.5,1,1,1.0,0,0,45.0,2.4,31.2,22.5,0,Low,0,0,0.0
47836,Female,Pune,Tier3,ECE,DataScience,No,No,5.99,5.95,6.57,5.64,5.89,5.19,5.9,5.57,5.81,58.3,0,0,0.0,0,0,49.8,1.9,25.9,27.6,0,Low,0,0,0.0
6014,Male,Hyderabad,Tier2,EE,Networking,Yes,No,8.14,8.53,7.59,7.96,8.3,8.06,8.64,8.12,8.25,76.9,1,2,1.0,1,1,68.7,3.1,53.9,44.6,1,High,1,0,18.71
3701,Female,Hyderabad,Tier2,IT,DataScience,Yes,No,9.17,8.52,8.56,8.87,9.24,8.96,8.81,8.53,8.76,73.8,1,1,2.0,2,1,51.7,3.0,50.6,58.9,0,High,1,0,18.29
217,Male,Chennai,Tier1,ECE,Embedded,No,No,9.55,9.98,10.0,9.7,10.0,9.84,9.53,10.0,9.85,87.5,1,3,3.0,4,1,89.9,3.8,85.1,60.4,1,High,1,0,25.66
40469,Female,Ahmedabad,Tier3,CS,AI,Yes,No,7.48,7.97,7.61,8.07,7.72,8.4,7.98,7.93,8.01,71.9,1,2,2.0,1,0,71.3,2.9,49.4,60.3,0,High,1,0,18.87
30501,Female,Ahmedabad,Tier2,ECE,Embedded,No,Yes,5.55,5.5,5.99,5.42,5.68,5.37,4.91,5.17,5.42,65.6,0,1,0.0,1,0,48.1,1.9,25.8,27.8,0,Low,0,0,0.0
27238,Male,Delhi,Tier2,ECE,DataScience,Yes,No,7.78,7.96,7.48,8.05,7.82,8.06,8.52,7.79,7.8,65.7,1,2,1.0,1,1,69.5,2.4,51.0,43.5,1,Mid,1,0,8.12
13884,Female,Hyderabad,Tier2,IT,DataScience,No,No,8.13,8.69,8.41,9.58,9.16,8.33,8.11,9.21,8.68,98.5,1,3,4.0,2,1,81.9,5.0,75.4,75.5,1,High,1,0,22.75
21548,Female,Chennai,Tier2,IT,DataScience,Yes,No,5.48,4.8,4.9,4.97,5.55,4.96,5.05,4.26,5.17,66.6,1,0,1.0,1,0,47.3,1.7,33.2,26.9,1,Low,0,0,0.0
22511,Male,Pune,Tier3,Civil,Networking,Yes,No,6.94,6.44,6.16,6.92,6.87,6.32,6.74,6.78,6.54,72.5,0,2,1.0,2,0,59.4,3.5,57.0,42.9,1,Mid,1,0,10.66
11036,Male,Hyderabad,Tier3,Mechanical,AI,Yes,No,4.89,4.55,4.66,4.62,4.83,4.32,4.91,5.31,4.83,56.1,1,0,0.0,0,0,45.0,1.9,30.1,28.8,0,Low,0,0,0.0
35721,Male,Hyderabad,Tier2,CS,DataScience,Yes,No,6.84,7.52,6.78,7.12,8.11,7.37,7.43,7.79,7.39,83.4,1,4,3.0,3,2,82.6,3.4,80.1,63.3,1,Mid,1,0,9.08
14505,Male,Pune,Tier1,Mechanical,Networking,Yes,No,8.46,7.88,8.74,8.16,8.55,9.01,8.71,8.68,8.6,84.2,2,3,2.0,3,1,78.1,4.4,69.9,68.6,0,High,1,0,18.32
27680,Female,Mumbai,Tier1,IT,Networking,No,Yes,7.26,7.02,7.63,7.33,7.58,7.85,7.51,7.79,4.1,50.42397922,1,3,1.0,2,1,33.1,3.0,7.4,44.3,1,Mid,0,1,0.0
5909,Male,Hyderabad,Tier1,ECE,DataScience,Yes,No,9.51,8.87,10.0,9.63,10.0,10.0,9.48,9.7,9.78,88.4,2,3,4.0,4,1,96.7,4.4,73.1,89.4,1,High,1,0,25.1
9087,Female,Ahmedabad,Tier2,CS,DataScience,Yes,Yes,6.11,5.86,6.45,5.95,5.91,5.92,6.11,6.13,6.02,78.2,1,1,2.0,2,0,67.1,4.1,49.4,35.8,1,Low,0,0,0.0
2329,Female,Hyderabad,Tier2,CS,AI,Yes,No,8.65,8.58,8.63,8.76,9.37,8.94,9.21,8.55,8.93,73.6,1,1,2.0,1,0,71.2,3.7,44.4,61.7,1,High,1,0,18.07
47360,Male,Hyderabad,Tier1,CS,DataScience,Yes,No,5.06,5.07,4.84,4.89,4.25,5.27,4.53,5.53,5.15,73.8,2,2,2.0,3,1,67.9,3.1,40.8,61.6,0,Low,1,0,3.1
46675,Male,Ahmedabad,Tier1,Civil,Networking,Yes,No,6.35,6.37,7.28,6.63,6.4,6.64,6.36,6.62,6.57,96.3,2,4,3.0,4,1,74.9,3.9,60.0,79.8,1,Mid,1,0,10.65
42205,Male,Hyderabad,Tier2,Mechanical,Embedded,Yes,No,8.62,8.77,8.66,8.96,9.05,8.44,8.95,8.54,8.81,76.4,2,3,4.0,3,2,86.8,4.1,73.7,64.0,1,High,1,0,22.83
35130,Male,Mumbai,Tier1,Civil,Networking,Yes,No,10.0,10.0,10.0,10.0,9.8,9.67,10.0,10.0,10.0,88.7,2,4,2.0,2,1,89.0,4.3,73.8,77.5,1,High,1,0,25.66
15147,Female,Pune,Tier3,Civil,Embedded,Yes,Yes,10.0,9.72,10.0,10.0,9.62,9.56,10.0,9.88,9.81,79.3,1,2,1.0,3,1,70.0,2.8,58.7,52.4,0,High,1,0,18.66
7415,Male,Chennai,Tier2,CS,DataScience,No,No,6.37,6.73,6.12,6.47,5.96,6.41,6.34,6.85,6.56,71.4,1,2,1.0,2,1,82.9,3.1,55.2,47.7,0,Mid,1,0,8.61
6309,Female,Jaipur,Tier2,CS,AI,No,Yes,6.21,6.04,6.2,6.36,6.04,5.78,6.26,6.4,6.06,79.4,0,2,2.0,2,1,66.3,2.4,54.2,61.5,0,Low,0,0,0.0
27368,Female,Hyderabad,Tier3,ECE,DataScience,Yes,No,4.49,4.0,4.0,4.15,4.02,4.13,4.0,4.0,4.16,59.7,0,0,0.0,1,0,37.5,2.2,31.5,29.6,1,Low,0,0,0.0
33177,Male,Kochi,Tier1,Mechanical,DataScience,No,No,6.92,6.92,6.43,6.87,6.88,6.41,7.1,6.99,6.68,83.0,1,2,2.0,2,0,85.6,3.3,45.9,44.8,1,Mid,1,0,10.02
17213,Male,Mumbai,Tier2,IT,Embedded,No,No,9.38,9.08,9.31,9.17,9.14,8.97,9.0,9.13,9.01,82.1,0,2,1.0,1,1,66.0,2.8,66.7,63.1,0,High,1,0,18.86
24295,Female,Kolkata,Tier2,Civil,DataScience,Yes,Yes,8.86,8.86,8.77,9.07,9.28,8.97,9.31,8.88,8.93,90.4,2,3,2.0,3,1,89.8,4.7,64.4,59.5,1,High,1,0,22.38
2437,Female,Kochi,Tier3,CS,AI,No,Yes,5.03,5.38,4.87,5.36,5.54,4.9,4.8,5.26,5.26,62.7,1,3,2.0,2,0,66.0,4.6,64.0,54.2,0,Low,0,0,0.0
47786,Male,Delhi,Tier2,CS,Networking,Yes,No,8.46,7.94,8.39,7.77,7.98,8.23,7.84,7.71,8.1,63.4,1,2,3.0,1,0,65.3,2.8,61.6,54.9,1,High,1,0,18.24
34895,Female,Mumbai,Tier1,ECE,Networking,No,No,5.95,5.8,6.01,6.03,5.79,6.57,6.05,6.23,5.93,73.5,2,1,1.0,1,0,74.3,3.6,55.8,52.4,1,Low,1,0,5.93
20411,Male,Kochi,Tier2,Mechanical,DataScience,No,No,7.84,7.21,7.8,7.72,7.27,7.66,7.87,7.66,7.64,81.0,2,3,3.0,2,1,76.2,3.7,70.0,64.4,1,Mid,1,0,8.07
30913,Female,Kolkata,Tier3,Mechanical,Embedded,Yes,Yes,6.65,7.03,6.5,6.97,6.4,6.76,6.85,6.62,6.74,92.0,0,1,1.0,2,1,68.2,1.8,52.7,38.5,0,Mid,0,0,0.0
42110,Male,Pune,Tier1,CS,Embedded,Yes,No,7.42,6.82,7.14,6.97,7.06,7.37,7.19,7.35,7.09,88.3,2,3,3.0,3,1,93.3,4.1,78.7,71.3,1,Mid,1,0,8.39
41122,Female,Bangalore,Tier2,CS,AI,No,No,8.77,8.65,8.67,8.08,8.18,8.72,8.5,8.65,8.42,87.9,1,2,2.0,2,1,63.6,3.5,55.6,40.2,1,High,1,0,18.88
33117,Male,Kolkata,Tier2,Civil,AI,Yes,No,8.43,7.63,8.33,8.19,7.8,8.63,8.83,8.55,8.21,76.8,1,3,3.0,3,1,71.1,4.0,77.6,76.4,0,High,1,0,18.93
9350,Male,Bangalore,Tier3,CS,Embedded,Yes,Yes,5.12,5.75,5.54,5.17,5.4,5.08,4.66,5.61,5.26,68.2,1,0,1.0,2,0,60.1,1.7,19.0,33.0,0,Low,0,0,0.0
20841,Female,Hyderabad,Tier1,CS,AI,No,No,9.83,9.86,9.95,10.0,10.0,10.0,9.93,10.0,9.88,100.0,2,4,2.0,3,1,96.5,4.4,76.9,80.1,0,High,1,0,18.35
40354,Female,Bangalore,Tier3,Civil,AI,No,No,7.59,7.28,8.12,7.39,7.83,7.47,7.85,7.68,7.58,86.6,1,2,2.0,1,1,62.2,2.9,55.7,57.7,1,Mid,0,0,0.0
17240,Female,Bangalore,Tier3,Civil,Networking,Yes,No,7.0,5.57,5.8,5.87,5.83,5.94,5.93,5.39,5.97,55.3,1,1,0.0,0,0,44.9,1.5,27.7,33.5,1,Low,0,0,0.0
48606,Female,Hyderabad,Tier2,ECE,AI,Yes,No,5.07,4.49,4.35,4.64,4.7,4.54,4.67,4.79,4.62,76.2,0,2,2.0,2,0,67.8,2.1,42.2,57.5,1,Low,0,0,0.0
16177,Female,Hyderabad,Tier1,Mechanical,Embedded,No,No,7.81,8.17,7.85,7.81,8.52,8.17,8.02,8.62,8.24,69.5,1,1,2.0,2,1,52.4,3.2,41.9,54.3,1,High,1,0,18.51
12832,Female,Jaipur,Tier1,CS,AI,Yes,No,8.4,9.16,8.63,9.12,9.06,8.68,9.27,8.85,8.92,85.9,2,5,2.0,4,2,75.4,3.7,83.7,60.2,0,High,1,0,18.8
38589,Male,Bangalore,Tier1,IT,Networking,No,No,9.89,9.21,9.94,9.96,9.61,9.95,10.0,9.98,9.78,82.1,2,2,3.0,3,2,93.5,3.5,64.3,67.0,1,High,1,0,25.03
45872,Female,Delhi,Tier2,ECE,DataScience,Yes,No,7.06,6.17,6.12,6.56,6.39,6.52,6.76,5.74,6.33,77.8,1,2,1.0,2,1,77.5,3.0,60.7,45.0,0,Low,1,0,3.36
36990,Male,Jaipur,Tier2,CS,Embedded,Yes,Yes,8.31,7.36,7.68,7.68,7.47,7.8,7.71,7.89,7.78,75.5,1,3,2.0,3,1,69.9,2.3,62.9,46.3,0,Mid,0,0,0.0
45963,Male,Chennai,Tier2,ECE,Embedded,Yes,Yes,4.0,4.01,4.0,4.23,4.0,4.0,4.0,4.0,4.03,60.0,0,1,1.0,0,0,44.5,1.0,24.7,27.9,0,Low,0,0,0.0
48015,Male,Mumbai,Tier2,IT,AI,Yes,No,5.04,4.61,5.14,4.89,5.17,4.81,5.18,5.05,4.93,68.3,1,1,2.0,3,0,59.9,3.2,50.4,55.0,0,Low,0,0,0.0
7891,Male,Pune,Tier1,ECE,Embedded,Yes,Yes,9.57,9.59,10.0,9.59,9.76,10.0,9.81,9.68,9.68,90.0,2,3,2.0,3,0,80.4,4.5,84.7,76.5,0,High,1,0,18.35
20400,Female,Kolkata,Tier1,Mechanical,AI,Yes,No,7.31,7.08,7.55,6.69,7.11,7.21,7.26,7.06,7.12,80.4,1,1,1.0,2,0,62.0,2.5,52.8,51.2,1,Mid,0,0,0.0
31163,Male,Delhi,Tier3,IT,AI,No,No,5.4,5.55,4.89,4.99,5.05,5.11,4.94,4.72,5.01,60.8,0,1,0.0,0,0,49.1,1.1,20.9,25.7,0,Low,0,0,0.0
43029,Male,Chennai,Tier3,Civil,DataScience,Yes,Yes,6.12,5.72,5.4,5.12,5.57,5.95,5.4,5.03,5.7,66.7,1,0,1.0,1,0,52.6,2.0,27.1,30.2,0,Low,0,0,0.0
48149,Female,Pune,Tier1,ECE,Embedded,No,No,5.08,5.46,5.44,5.76,5.21,5.34,5.0,5.66,5.24,100.0,2,5,2.0,2,1,67.9,2.9,88.6,77.4,1,Low,1,0,5.8
45402,Male,Hyderabad,Tier3,CS,AI,No,No,7.77,7.77,8.17,7.8,8.53,8.29,8.08,7.75,7.9,69.7,1,2,0.0,1,1,56.8,2.5,51.7,59.7,1,Mid,1,0,8.78
8529,Female,Chennai,Tier2,CS,DataScience,Yes,No,5.87,6.01,6.07,6.34,6.06,6.4,5.77,5.5,6.0,68.9,1,1,2.0,1,1,76.6,3.0,53.3,48.9,1,Low,0,0,0.0
40909,Male,Bangalore,Tier2,Mechanical,DataScience,Yes,No,7.6,7.6,7.24,7.7,7.4,7.34,7.91,7.88,7.54,74.6,2,1,2.0,2,0,65.6,3.4,58.4,56.1,1,Mid,1,0,8.36
652,Female,Ahmedabad,Tier3,CS,DataScience,Yes,No,7.28,7.38,7.39,7.1,6.94,7.36,7.62,7.36,7.25,77.0,1,2,2.0,2,1,68.6,3.1,49.1,60.7,0,Mid,0,0,0.0
13907,Male,Bangalore,Tier3,EE,Embedded,No,Yes,7.45,7.63,7.61,7.16,8.18,7.53,7.64,7.4,7.53,65.0,1,0,0.0,0,0,46.7,2.4,29.4,33.9,1,Mid,0,0,0.0
23232,Female,Hyderabad,Tier1,CS,Embedded,Yes,No,8.28,8.5,8.47,8.64,8.61,8.39,9.16,8.76,8.61,100.0,1,3,4.0,3,1,94.4,4.0,88.0,78.9,0,High,1,0,18.68
23344,Female,Chennai,Tier3,CS,Embedded,Yes,No,6.79,7.14,7.25,6.78,7.66,6.92,7.21,7.78,7.18,74.0,0,1,2.0,2,1,50.5,3.0,50.2,50.0,0,Mid,0,0,0.0
27498,Female,Pune,Tier2,CS,AI,No,No,9.1,9.43,9.68,9.45,9.66,9.67,9.95,9.2,9.53,78.6,2,3,2.0,4,2,88.4,4.8,75.9,70.3,1,High,1,0,25.08
5011,Male,Hyderabad,Tier2,Mechanical,Embedded,No,No,10.0,9.82,9.87,9.92,10.0,10.0,10.0,10.0,10.0,87.3,2,3,2.0,3,0,75.8,4.5,55.6,88.3,1,High,1,0,25.17
18149,Male,Hyderabad,Tier3,Mechanical,Networking,Yes,No,8.49,7.82,8.24,8.21,7.8,7.94,7.94,7.99,8.04,73.6,1,2,2.0,2,1,62.2,3.4,46.5,57.7,0,High,1,0,18.95
33392,Female,Ahmedabad,Tier2,Mechanical,Networking,Yes,No,6.52,6.52,7.07,6.8,6.56,6.76,6.3,6.59,6.76,82.8,1,2,2.0,1,0,59.7,2.7,51.1,34.8,0,Mid,0,0,0.0
16564,Male,Kochi,Tier2,Mechanical,AI,No,No,7.11,6.53,6.38,6.14,6.34,6.21,6.7,6.4,6.58,94.2,1,2,1.0,2,0,72.3,2.9,59.5,56.6,1,Mid,1,0,8.23
24881,Female,Hyderabad,Tier2,Civil,DataScience,Yes,No,7.39,8.02,7.43,7.04,8.09,7.88,7.78,7.68,7.66,85.3,1,2,1.0,2,0,70.7,2.1,49.8,60.2,0,Mid,1,0,9.64
12388,Male,Kolkata,Tier3,IT,Embedded,No,No,6.0,6.08,5.97,5.75,6.35,5.74,5.93,6.31,6.11,89.4,1,2,2.0,1,0,62.3,2.7,69.1,54.9,1,Low,1,0,5.63
33417,Female,Mumbai,Tier3,CS,DataScience,No,No,7.9,7.47,8.16,8.07,8.52,8.15,8.23,8.46,8.15,72.2,1,3,1.0,2,1,66.3,4.0,53.6,48.2,1,High,1,0,18.6
11809,Female,Bangalore,Tier1,CS,DataScience,No,No,8.54,8.27,8.59,8.31,8.21,8.23,7.88,8.53,8.38,100.0,2,3,3.0,2,2,81.8,4.6,78.1,61.8,1,High,1,0,22.04
25954,Male,Pune,Tier1,ECE,DataScience,No,No,9.99,9.76,10.0,9.57,10.0,10.0,10.0,9.96,10.0,86.6,2,3,2.0,2,2,70.6,4.2,70.6,60.4,1,High,1,0,25.98
26429,Female,Bangalore,Tier1,IT,Embedded,No,No,10.0,10.0,9.79,10.0,10.0,10.0,10.0,10.0,10.0,89.4,1,4,3.0,3,1,91.3,4.2,58.0,77.5,1,High,1,0,25.81
34883,Male,Mumbai,Tier3,EE,Networking,No,No,5.39,5.46,5.97,5.8,5.45,5.32,5.57,5.47,5.45,54.3,1,0,0.0,1,0,47.8,2.6,27.0,31.8,0,Low,0,0,0.0
27091,Male,Jaipur,Tier2,IT,Embedded,No,No,6.05,6.07,6.68,6.4,6.19,6.34,5.82,6.48,6.28,60.2,1,1,1.0,0,1,47.9,3.1,31.6,27.6,0,Low,0,0,0.0
9126,Male,Mumbai,Tier3,CS,Networking,Yes,No,5.75,5.29,5.03,4.48,5.04,5.69,5.66,5.32,5.28,68.0,1,0,1.0,0,0,50.5,1.4,29.7,38.6,1,Low,0,0,0.0
48233,Male,Hyderabad,Tier2,ECE,Embedded,Yes,No,5.45,6.12,5.49,5.54,6.37,6.54,6.23,5.68,6.06,77.3,2,3,4.0,3,1,84.5,5.0,60.6,72.0,1,Low,1,0,5.89
29214,Male,Mumbai,Tier3,CS,Embedded,Yes,No,5.7,5.98,5.76,5.93,5.82,5.82,5.78,6.16,6.01,65.9,0,1,1.0,1,0,50.0,1.7,31.3,26.7,1,Low,0,0,0.0
8518,Female,Delhi,Tier2,CS,DataScience,Yes,No,5.84,6.33,5.77,6.44,6.2,5.7,5.73,6.04,5.93,59.1,0,1,1.0,1,0,48.2,1.4,25.2,30.2,0,Low,0,0,0.0
17714,Male,Hyderabad,Tier2,EE,Networking,Yes,No,7.11,7.22,6.99,7.2,7.46,7.56,7.03,7.19,7.28,83.4,0,2,1.0,2,0,69.5,1.4,51.2,46.6,1,Mid,1,0,9.92
22947,Male,Jaipur,Tier2,ECE,AI,No,No,7.36,8.41,8.56,7.62,7.72,8.21,7.79,7.86,7.61,79.7,2,2,1.0,1,0,65.6,3.1,51.4,64.9,1,Mid,1,0,10.21
8275,Female,Ahmedabad,Tier2,EE,Embedded,No,No,6.67,6.73,6.59,7.02,7.01,6.81,6.56,6.59,6.83,67.0,1,2,2.0,2,1,66.5,3.0,68.6,46.6,0,Mid,1,0,8.76
34449,Male,Hyderabad,Tier2,CS,AI,Yes,No,8.83,9.11,8.35,8.62,9.04,8.78,8.44,9.15,8.77,83.0,1,3,2.0,3,1,94.7,4.0,72.4,69.9,0,High,1,0,18.86
48377,Male,Pune,Tier2,EE,Networking,Yes,No,7.91,8.73,7.67,8.16,8.55,8.24,8.17,8.13,4.13,53.4140186,1,2,3.0,3,2,31.3,4.6,9.6,83.2,1,High,1,1,18.68
30339,Female,Ahmedabad,Tier3,CS,Networking,Yes,No,5.48,6.06,6.21,6.24,5.53,6.14,6.22,5.73,5.98,80.6,1,2,2.0,1,0,77.5,2.5,53.3,54.1,1,Low,0,0,0.0
29619,Male,Kochi,Tier1,Civil,Embedded,Yes,No,8.25,8.61,8.18,8.29,8.09,8.41,8.5,8.04,8.34,76.5,1,2,1.0,2,1,71.0,2.8,53.2,45.9,1,High,1,0,18.25
32086,Male,Pune,Tier1,IT,AI,No,No,8.57,8.51,8.69,8.47,8.46,8.5,8.44,7.96,8.47,74.8,1,3,2.0,3,0,60.9,2.4,53.2,41.1,0,High,1,0,18.33
10172,Female,Delhi,Tier1,Mechanical,Networking,No,No,9.4,9.62,9.55,9.66,10.0,10.0,9.6,9.62,9.57,89.2,1,3,2.0,5,1,72.1,4.8,79.9,76.3,1,High,1,0,25.4
10784,Male,Kochi,Tier2,Civil,Embedded,Yes,Yes,6.91,6.41,6.66,6.64,6.62,7.24,6.87,6.98,6.85,80.7,1,2,1.0,2,0,73.9,3.2,64.6,62.7,1,Mid,0,0,0.0
17691,Male,Jaipur,Tier2,IT,DataScience,No,No,5.59,5.61,5.36,6.11,6.33,5.47,6.15,5.8,5.82,85.7,2,3,3.0,2,1,71.9,3.2,63.4,76.9,1,Low,1,0,6.46
45905,Female,Jaipur,Tier3,CS,DataScience,Yes,No,6.56,6.68,6.61,7.11,6.6,6.64,7.47,7.11,6.69,82.8,0,2,2.0,2,0,70.5,2.8,59.7,47.6,0,Mid,1,0,8.47
39304,Female,Chennai,Tier1,CS,AI,Yes,No,6.69,6.45,6.76,6.77,7.01,6.98,7.18,6.83,6.81,70.0,0,1,1.0,2,0,64.2,3.3,46.5,58.2,0,Mid,1,0,8.72
33544,Male,Hyderabad,Tier2,EE,Networking,Yes,Yes,9.3,9.97,9.51,9.84,9.43,10.0,9.77,10.0,9.76,72.3,2,1,1.0,2,1,53.4,2.4,58.9,57.1,0,High,1,0,18.14
21675,Male,Bangalore,Tier2,ECE,DataScience,No,No,7.72,7.61,7.92,8.0,8.0,7.62,7.95,7.77,7.97,79.4,1,1,1.0,1,0,61.5,2.1,50.6,49.2,1,Mid,1,0,8.83
15220,Female,Delhi,Tier1,IT,DataScience,No,Yes,6.16,6.12,5.89,5.68,5.73,6.24,6.05,6.53,6.25,82.9,0,2,2.0,2,1,64.4,3.3,53.1,49.0,1,Low,0,0,0.0
7512,Male,Jaipur,Tier3,ECE,Networking,Yes,Yes,6.68,7.05,6.85,6.61,6.86,6.83,7.5,6.81,6.97,64.0,0,0,0.0,0,0,54.2,2.6,26.3,27.8,1,Mid,0,0,0.0
22923,Male,Jaipur,Tier1,CS,DataScience,No,No,6.44,6.7,6.28,6.44,6.59,6.97,6.72,6.52,6.66,86.7,2,2,3.0,3,1,73.3,4.9,69.6,64.5,1,Mid,1,0,8.14
40521,Female,Mumbai,Tier1,ECE,AI,No,No,8.65,9.14,8.38,8.13,8.74,8.74,9.22,8.56,8.73,74.1,1,3,3.0,2,1,68.5,4.7,85.6,66.6,1,High,1,0,22.43
19719,Male,Bangalore,Tier3,EE,DataScience,No,Yes,4.87,5.6,4.54,4.48,4.35,4.44,4.47,4.61,4.77,62.0,0,0,1.0,0,0,42.6,1.0,24.2,27.6,1,Low,0,0,0.0
7678,Male,Bangalore,Tier3,CS,DataScience,Yes,Yes,5.45,6.43,6.54,5.95,6.16,6.31,6.01,5.54,4.42,52.34874355,1,1,1.0,0,0,33.8,1.1,1.0,25.7,0,Low,0,1,0.0
8443,Female,Chennai,Tier2,ECE,DataScience,No,No,7.36,7.63,7.92,7.8,6.99,7.64,7.38,7.21,7.38,93.1,1,2,1.0,1,0,67.1,3.0,47.4,55.3,1,Mid,1,0,8.58
43494,Female,Jaipur,Tier1,CS,Embedded,Yes,No,9.81,9.67,9.73,9.7,9.96,9.69,9.69,9.54,9.63,76.3,2,4,3.0,4,1,86.9,5.0,73.1,86.7,1,High,1,0,25.93
43503,Male,Hyderabad,Tier1,Mechanical,Embedded,Yes,No,5.12,4.62,4.72,5.58,5.26,4.98,5.33,5.35,5.1,82.3,1,2,2.0,2,1,69.3,2.5,59.8,50.1,0,Low,0,0,0.0
21721,Male,Chennai,Tier2,IT,Embedded,No,No,7.24,7.54,7.49,7.01,7.28,7.76,6.84,7.14,7.39,61.9,0,2,2.0,1,1,54.4,2.3,56.1,53.5,1,Mid,0,0,0.0
26309,Male,Bangalore,Tier2,Civil,DataScience,Yes,No,7.59,7.36,7.83,7.82,7.81,7.96,8.06,8.15,8.0,82.6,2,3,3.0,4,1,83.1,4.2,80.0,65.0,1,Mid,1,0,10.22
2727,Female,Jaipur,Tier1,Civil,Networking,Yes,No,9.91,9.59,9.46,9.83,9.73,10.0,10.0,9.96,9.77,93.3,1,3,2.0,3,1,68.1,4.3,76.5,74.1,1,High,1,0,25.6
49877,Male,Chennai,Tier2,IT,DataScience,Yes,No,7.8,7.94,7.72,7.3,7.9,7.51,7.56,7.74,7.91,64.2,1,1,1.0,1,0,68.5,3.1,57.3,48.4,0,Mid,1,0,12.57
25562,Male,Kolkata,Tier1,CS,Networking,No,No,6.84,7.21,7.44,6.72,7.46,7.43,7.4,7.85,7.42,86.4,1,3,3.0,4,0,92.9,3.3,82.3,76.0,1,Mid,1,0,8.39
46564,Male,Ahmedabad,Tier2,CS,Embedded,Yes,No,6.65,6.88,7.49,7.61,7.05,7.28,6.93,7.24,7.22,100.0,2,2,3.0,5,1,75.4,4.2,74.2,80.9,1,Mid,1,0,8.1
6586,Female,Bangalore,Tier2,Civil,AI,Yes,No,7.88,7.78,8.25,7.71,7.86,8.17,7.55,8.1,7.94,84.6,1,1,2.0,2,0,66.1,3.9,65.2,46.9,0,Mid,1,0,8.79
40733,Male,Chennai,Tier1,ECE,Embedded,Yes,Yes,6.51,6.65,6.74,6.31,6.43,6.74,6.54,6.61,6.84,85.0,1,2,2.0,1,0,72.1,3.3,49.1,56.7,0,Mid,0,0,0.0
24852,Male,Pune,Tier2,CS,AI,No,Yes,7.33,6.35,7.18,6.96,7.01,6.67,6.4,7.51,6.88,52.5,1,1,0.0,0,0,59.8,1.8,27.2,28.7,0,Mid,0,0,0.0
29429,Female,Delhi,Tier1,Civil,Networking,Yes,No,9.46,10.0,10.0,10.0,10.0,10.0,10.0,9.58,9.84,96.5,2,3,3.0,1,1,86.6,4.3,79.6,70.7,1,High,1,0,25.03
31804,Female,Jaipur,Tier2,ECE,Networking,No,No,8.0,7.76,8.2,7.73,8.06,8.21,8.46,8.25,8.07,57.6,2,2,3.0,2,0,81.1,2.5,61.2,52.3,1,High,1,0,18.13
43731,Female,Chennai,Tier3,IT,Networking,No,No,8.59,8.12,8.04,8.45,8.6,8.09,8.13,8.71,8.28,72.5,0,3,2.0,1,0,78.6,2.8,59.1,52.4,1,High,1,0,18.37
25705,Female,Ahmedabad,Tier2,Mechanical,DataScience,Yes,No,6.55,6.59,7.67,6.44,6.8,6.62,7.11,7.19,6.74,77.3,1,1,2.0,2,1,74.1,3.0,51.9,46.7,0,Mid,1,0,8.54
30343,Female,Kolkata,Tier1,Mechanical,Networking,Yes,No,6.58,6.66,6.35,6.82,6.56,6.26,6.19,7.36,6.64,84.3,1,1,2.0,2,1,68.8,2.6,56.8,49.4,1,Mid,0,0,0.0
16813,Male,Kolkata,Tier2,ECE,Networking,No,No,5.95,6.25,5.36,5.55,5.42,5.83,5.51,5.57,5.8,60.1,0,1,0.0,1,0,44.7,1.5,25.6,27.7,0,Low,0,0,0.0
46205,Male,Chennai,Tier3,ECE,Networking,No,No,8.01,7.92,8.25,8.26,8.19,8.46,7.97,8.51,8.43,75.7,1,2,2.0,1,0,65.5,2.6,53.2,51.0,1,High,1,0,18.48
32292,Male,Kolkata,Tier1,CS,DataScience,No,No,6.18,6.39,6.28,6.28,6.73,7.09,6.65,6.29,6.42,75.4,0,2,3.0,2,1,63.8,4.2,43.2,41.6,0,Low,1,0,3.91
35506,Male,Delhi,Tier2,ECE,Embedded,Yes,Yes,7.27,7.45,7.38,7.64,7.71,7.14,7.82,7.72,7.59,78.6,1,3,1.0,1,1,67.1,3.4,59.6,53.6,0,Mid,1,0,8.99
29984,Female,Chennai,Tier2,CS,Embedded,Yes,No,6.38,7.1,6.62,6.2,6.67,6.14,6.03,7.34,6.6,72.6,1,1,1.0,2,0,75.3,2.9,60.3,40.1,0,Mid,1,0,12.95
35084,Male,Jaipur,Tier1,Civil,Networking,Yes,No,5.78,6.42,6.33,6.69,5.99,6.83,5.98,6.6,6.26,80.1,1,1,1.0,1,1,78.8,2.6,54.1,51.8,1,Low,1,0,5.82
14286,Female,Chennai,Tier3,CS,AI,Yes,No,7.57,7.94,7.8,7.67,8.22,8.07,7.29,7.82,7.93,89.0,1,2,1.0,1,0,80.2,2.5,56.4,57.0,0,Mid,1,0,8.27
31624,Male,Hyderabad,Tier3,Civil,AI,Yes,No,7.14,7.23,7.38,7.32,7.38,7.25,7.01,7.28,7.32,76.8,3,2,2.0,2,1,77.2,3.2,52.5,52.1,1,Mid,1,0,8.14
6794,Male,Chennai,Tier1,IT,AI,Yes,No,8.03,8.13,8.52,7.85,8.03,8.29,7.71,8.97,8.3,80.1,1,5,3.0,4,0,82.9,3.1,78.3,74.9,1,High,1,0,22.95
2901,Male,Hyderabad,Tier1,EE,Networking,No,No,9.84,10.0,9.65,10.0,9.93,9.95,9.83,10.0,9.86,86.4,1,4,2.0,3,1,89.7,3.7,91.7,73.7,1,High,1,0,25.7
9744,Female,Hyderabad,Tier3,EE,Networking,No,No,6.86,7.08,6.61,6.65,6.74,6.79,6.82,6.72,6.68,77.5,1,2,1.0,1,0,68.1,3.0,58.6,54.3,1,Mid,1,0,8.3
15838,Female,Hyderabad,Tier1,Civil,Networking,No,No,7.61,7.5,8.03,7.89,7.02,7.19,8.0,7.16,7.7,66.8,0,1,2.0,2,0,62.7,3.0,49.3,53.7,0,Mid,1,0,8.15
42212,Male,Chennai,Tier1,Mechanical,Embedded,Yes,No,7.84,7.89,8.04,8.13,8.16,7.96,7.74,8.69,8.13,85.8,2,3,3.0,3,1,61.6,3.5,95.8,75.4,1,High,1,0,22.13
4705,Male,Mumbai,Tier2,EE,Networking,No,No,7.63,7.91,7.84,7.72,7.49,7.72,7.79,7.92,7.67,69.1,1,3,1.0,1,1,66.2,2.1,59.5,49.9,0,Mid,1,0,8.72
29520,Male,Hyderabad,Tier1,CS,Networking,No,No,8.32,8.16,7.7,8.52,8.32,8.28,8.74,8.71,8.35,73.9,1,1,2.0,1,0,65.7,3.0,54.5,52.7,0,High,1,0,18.73
12525,Male,Delhi,Tier1,ECE,Embedded,Yes,No,7.95,8.67,7.79,8.08,8.05,8.12,8.17,8.27,8.07,96.8,2,3,2.0,4,1,87.3,4.8,74.0,83.6,1,High,1,0,22.21
40299,Male,Hyderabad,Tier1,CS,Networking,Yes,No,9.6,9.78,9.92,9.69,10.0,10.0,9.96,9.94,9.9,81.4,1,2,3.0,4,2,70.8,4.4,85.4,80.2,0,High,1,0,18.59
30143,Female,Hyderabad,Tier2,Mechanical,AI,No,Yes,8.65,8.88,8.25,9.12,8.1,8.55,8.64,9.67,8.64,100.0,2,3,3.0,3,1,77.2,4.2,92.8,69.8,0,High,1,0,18.17
32194,Female,Chennai,Tier3,Civil,AI,Yes,No,7.91,7.26,7.99,7.41,7.2,7.7,7.93,7.8,7.68,81.8,0,2,2.0,1,0,76.2,2.8,53.0,50.5,0,Mid,1,0,8.47
40975,Male,Hyderabad,Tier3,Mechanical,Embedded,No,No,5.01,4.79,4.78,4.71,4.27,4.65,4.41,4.81,4.69,57.8,0,1,0.0,0,0,45.4,1.9,28.0,26.6,0,Low,0,0,0.0
5749,Female,Hyderabad,Tier3,ECE,Networking,No,No,5.43,5.58,5.58,5.65,5.56,5.58,4.64,4.73,5.35,66.0,0,0,0.0,1,0,55.2,2.0,28.4,30.8,1,Low,0,0,0.0
21049,Male,Hyderabad,Tier2,CS,Networking,No,Yes,4.33,4.06,4.57,4.05,4.61,4.0,4.0,4.32,4.15,60.2,0,0,0.0,1,0,56.8,1.8,26.9,34.7,0,Low,0,0,0.0
21974,Male,Hyderabad,Tier2,CS,DataScience,No,Yes,5.05,4.35,4.0,4.64,4.7,4.46,4.12,4.32,4.44,53.03440775,1,1,0.0,1,0,36.5,1.9,8.2,33.9,0,Low,0,1,0.0
14555,Female,Mumbai,Tier2,EE,Networking,Yes,No,9.72,9.91,9.9,10.0,10.0,10.0,10.0,10.0,9.83,79.2,1,3,3.0,3,2,71.4,4.7,76.8,76.8,1,High,1,0,25.5
27160,Female,Pune,Tier1,ECE,Embedded,No,Yes,9.21,9.12,9.03,9.23,9.22,9.4,9.05,9.36,4.36,53.07108304,3,3,2.0,2,1,35.2,4.0,5.9,82.9,1,High,1,1,18.9
31828,Male,Hyderabad,Tier1,CS,DataScience,Yes,No,10.0,10.0,9.68,9.93,10.0,10.0,10.0,10.0,10.0,78.8,2,3,2.0,3,1,66.3,4.7,59.1,76.7,1,High,1,0,25.41
12623,Male,Bangalore,Tier3,CS,AI,No,No,5.06,4.78,4.31,4.64,4.41,4.92,4.57,4.48,4.52,68.0,1,0,1.0,1,0,53.0,2.5,29.4,23.9,1,Low,0,0,0.0
5922,Female,Kolkata,Tier3,ECE,DataScience,Yes,Yes,5.32,5.11,5.58,5.39,5.29,5.1,5.17,5.3,5.07,59.4,1,0,1.0,0,0,49.1,2.2,27.7,30.4,0,Low,0,0,0.0
1721,Female,Chennai,Tier1,EE,Embedded,Yes,No,7.27,7.2,7.76,7.09,7.4,7.66,7.35,7.7,7.3,80.1,2,4,2.0,3,1,65.4,4.4,67.4,75.8,1,Mid,1,0,10.3
582,Female,Hyderabad,Tier3,CS,AI,Yes,Yes,6.41,6.73,6.07,7.02,7.09,6.23,6.13,5.9,6.48,66.6,0,1,0.0,1,0,34.7,2.4,23.8,31.2,0,Low,0,0,0.0
12663,Female,Chennai,Tier2,IT,Embedded,No,No,6.4,5.84,5.7,5.59,6.03,5.74,5.23,5.52,5.69,74.9,0,2,2.0,2,1,72.6,4.1,53.0,52.3,0,Low,1,0,3.23
42202,Male,Hyderabad,Tier2,EE,Embedded,No,No,7.88,8.13,7.96,7.34,8.36,8.14,8.11,8.16,4.37,50.09935457,1,3,1.0,2,0,35.4,2.0,9.2,47.5,1,Mid,1,1,8.99
29124,Female,Hyderabad,Tier2,Mechanical,DataScience,Yes,Yes,5.75,4.32,5.25,4.25,4.73,4.73,4.29,4.99,4.61,62.9,1,0,1.0,0,0,45.8,1.7,26.4,22.4,0,Low,0,0,0.0
20306,Female,Delhi,Tier2,Mechanical,DataScience,Yes,No,7.45,7.49,7.59,7.7,7.42,7.67,7.25,7.53,7.54,92.1,1,2,1.0,1,0,78.3,4.4,44.3,45.7,0,Mid,1,0,8.94
34089,Female,Mumbai,Tier2,Civil,Networking,Yes,No,8.23,7.93,7.81,8.0,8.07,7.56,8.25,7.43,7.89,82.1,2,3,3.0,3,1,84.0,3.5,74.1,83.0,0,Mid,1,0,8.79
10255,Male,Kochi,Tier3,CS,Networking,No,No,7.67,7.28,7.56,7.9,7.79,7.39,7.66,7.63,7.51,57.2,0,1,0.0,0,0,61.3,1.6,27.1,30.5,0,Mid,0,0,0.0
46736,Male,Hyderabad,Tier2,CS,AI,Yes,No,7.86,8.15,8.08,8.11,7.7,8.61,8.35,8.36,8.28,87.6,2,3,3.0,3,0,82.6,4.3,91.7,71.2,1,High,1,0,22.82
7500,Male,Pune,Tier3,IT,DataScience,Yes,Yes,5.95,6.21,5.99,5.86,6.84,6.37,6.45,5.43,6.13,77.1,1,3,2.0,1,0,73.7,3.9,58.6,62.2,0,Low,0,0,0.0
24976,Male,Kolkata,Tier2,Civil,AI,No,No,7.05,6.99,7.4,7.07,7.11,7.22,7.63,7.81,7.18,88.9,2,3,4.0,2,1,73.7,3.8,77.9,89.0,1,Mid,1,0,8.67
16001,Male,Chennai,Tier2,Mechanical,Networking,No,No,9.41,9.7,9.44,9.4,10.0,9.76,9.68,9.65,9.62,77.9,1,4,3.0,4,1,96.3,3.7,68.6,75.5,1,High,1,0,25.88
40863,Male,Bangalore,Tier2,ECE,Networking,Yes,No,9.73,10.0,10.0,10.0,10.0,10.0,10.0,10.0,9.98,90.5,2,3,2.0,3,2,72.4,4.3,78.0,71.8,1,High,1,0,25.93
4092,Female,Hyderabad,Tier1,Mechanical,Networking,Yes,No,8.38,7.81,8.44,8.2,8.56,8.45,8.33,8.81,8.41,95.8,2,3,3.0,4,2,80.2,4.1,76.7,78.7,1,High,1,0,22.87
47649,Female,Jaipur,Tier2,CS,DataScience,Yes,No,9.03,8.1,8.58,8.33,8.61,8.6,8.64,8.69,8.63,86.0,1,2,2.0,2,0,68.9,3.2,56.8,42.8,1,High,1,0,18.69
30054,Male,Kochi,Tier3,EE,Embedded,No,Yes,5.06,5.26,5.21,4.99,4.38,4.69,5.2,4.83,5.04,73.1,1,1,0.0,1,1,48.9,2.2,32.7,38.2,0,Low,0,0,0.0
48859,Male,Hyderabad,Tier2,CS,Networking,No,No,7.1,7.6,7.45,7.77,7.11,7.22,7.64,7.18,7.19,79.2,1,1,2.0,1,0,77.8,3.2,60.4,54.5,0,Mid,1,0,8.24
19581,Female,Kolkata,Tier2,ECE,Embedded,No,No,7.02,7.08,6.84,6.87,7.49,6.9,7.43,7.21,6.95,72.3,1,2,1.0,2,0,56.2,3.9,55.8,60.2,1,Mid,1,0,9.0
30108,Female,Jaipur,Tier2,ECE,Networking,Yes,No,7.09,6.63,7.14,6.49,6.82,7.6,7.26,6.86,6.87,85.2,1,2,2.0,1,1,65.9,3.2,57.9,50.0,1,Mid,1,0,8.91
42971,Female,Bangalore,Tier2,CS,AI,Yes,No,6.23,6.53,6.41,6.03,6.32,6.22,6.0,6.47,6.3,98.0,2,3,2.0,3,1,76.7,4.2,61.7,68.2,1,Low,1,0,6.42
43110,Female,Mumbai,Tier2,Mechanical,DataScience,Yes,Yes,6.07,5.71,6.1,6.23,5.46,5.65,6.2,4.87,5.79,64.3,0,0,0.0,0,0,47.0,2.0,34.9,37.6,0,Low,0,0,0.0
16314,Male,Hyderabad,Tier2,ECE,Embedded,Yes,No,7.61,7.49,7.26,8.13,7.99,7.76,7.92,8.36,7.74,83.8,1,2,3.0,3,2,85.1,4.0,70.9,69.3,1,Mid,1,0,8.55
38043,Male,Bangalore,Tier2,Mechanical,AI,No,Yes,6.8,6.65,6.79,6.75,6.32,6.4,6.78,6.59,6.67,56.7,1,1,1.0,1,1,70.2,2.1,59.6,52.2,1,Mid,0,0,0.0
298,Male,Chennai,Tier2,Mechanical,DataScience,Yes,No,8.37,8.47,8.35,8.45,8.47,8.62,8.88,8.65,8.57,82.8,2,3,3.0,3,1,81.7,3.6,82.0,57.1,1,High,1,0,22.02
33785,Male,Pune,Tier1,Mechanical,Networking,Yes,No,10.0,9.94,10.0,10.0,10.0,10.0,10.0,10.0,9.72,96.0,2,3,2.0,5,1,87.3,3.7,82.4,83.1,1,High,1,0,25.66
23495,Male,Kochi,Tier3,CS,Embedded,Yes,No,4.21,4.71,4.29,4.0,5.07,4.18,4.38,4.0,4.28,56.5,1,1,0.0,1,0,54.4,1.6,32.7,35.8,0,Low,0,0,0.0
43720,Male,Kochi,Tier2,CS,AI,Yes,No,9.5,8.88,9.48,9.04,9.68,9.31,9.52,9.43,9.31,84.0,2,4,3.0,3,1,79.9,4.3,62.3,71.9,0,High,1,0,18.84
21601,Male,Bangalore,Tier3,Mechanical,Embedded,Yes,Yes,4.0,4.0,4.17,4.07,4.0,4.0,4.12,4.05,4.0,66.4,1,1,0.0,0,0,39.2,1.6,34.0,31.4,0,Low,0,0,0.0
12396,Male,Bangalore,Tier2,Mechanical,Networking,No,No,9.05,9.16,8.44,8.53,8.65,8.49,8.54,8.53,8.74,81.8,1,3,1.0,1,0,64.6,3.6,52.3,56.0,0,High,1,0,18.27
1279,Male,Kochi,Tier2,CS,AI,Yes,No,9.55,9.56,9.6,9.89,9.92,9.73,10.0,10.0,9.91,86.5,2,2,3.0,3,2,88.0,3.0,64.8,84.3,0,High,1,0,18.01
4725,Male,Kochi,Tier1,IT,DataScience,Yes,No,9.5,9.8,9.91,10.0,10.0,10.0,10.0,10.0,9.92,70.9,2,3,3.0,3,1,66.0,5.0,91.5,70.1,0,High,1,0,18.99
32826,Male,Hyderabad,Tier1,Mechanical,Networking,Yes,No,5.9,5.8,6.45,6.1,5.93,5.84,6.21,6.41,4.46,54.01311587,1,2,1.0,1,0,34.9,2.9,0.5,46.5,1,Low,1,1,4.72
26813,Female,Mumbai,Tier2,Civil,Networking,Yes,No,7.75,7.53,7.08,7.65,7.32,7.8,8.03,7.8,7.85,72.5,2,1,2.0,2,0,69.6,3.2,51.8,55.1,0,Mid,1,0,8.43
20223,Female,Mumbai,Tier2,CS,AI,Yes,No,6.28,6.81,6.78,6.66,6.87,6.34,6.72,6.56,6.6,74.4,1,1,1.0,1,1,65.7,2.2,34.6,44.1,1,Mid,1,0,8.02
27614,Male,Pune,Tier2,ECE,Networking,Yes,No,8.34,7.89,7.44,7.89,7.61,7.41,7.66,7.29,7.65,78.6,1,2,1.0,2,1,62.1,3.0,50.6,49.1,1,Mid,1,0,9.8
19362,Female,Jaipur,Tier3,CS,AI,No,Yes,5.52,5.2,4.87,5.12,5.4,4.91,5.59,4.57,5.11,64.8,0,1,1.0,1,0,42.6,1.6,22.5,27.0,0,Low,0,0,0.0
18371,Female,Jaipur,Tier1,ECE,Embedded,No,No,6.94,6.76,6.18,6.42,7.32,5.6,6.06,6.57,6.44,83.7,0,1,2.0,1,0,62.4,3.2,65.6,47.6,1,Low,0,0,0.0
46232,Female,Mumbai,Tier3,Mechanical,Embedded,Yes,Yes,4.78,4.97,5.08,5.49,5.24,4.4,4.75,4.81,4.17,54.46644711,1,1,1.0,1,1,37.6,1.8,6.9,27.4,1,Low,0,1,0.0
45630,Male,Hyderabad,Tier2,ECE,Embedded,Yes,No,7.94,8.17,7.91,8.77,8.64,8.49,8.43,8.81,8.36,96.8,2,3,3.0,3,2,64.3,4.0,76.7,93.2,1,High,1,0,22.31
43167,Male,Hyderabad,Tier2,EE,Networking,No,Yes,7.46,7.81,7.81,8.66,7.92,8.29,7.99,8.26,8.05,82.3,1,1,1.0,3,1,78.1,2.9,44.0,48.7,0,High,1,0,18.6
3309,Male,Bangalore,Tier1,CS,DataScience,Yes,No,6.36,6.68,6.68,6.89,7.2,7.09,6.5,6.92,6.8,76.2,1,2,2.0,2,0,68.6,2.9,46.9,50.3,1,Mid,1,0,8.73
29103,Male,Bangalore,Tier3,IT,Networking,No,No,4.02,4.24,4.0,4.16,4.0,4.0,4.0,4.0,4.0,61.6,0,1,0.0,0,0,48.3,1.6,28.6,28.2,0,Low,0,0,0.0
12105,Female,Kochi,Tier1,CS,Networking,No,No,9.74,10.0,9.8,10.0,10.0,10.0,9.89,10.0,9.95,95.5,1,4,4.0,2,1,79.9,5.0,65.7,66.3,0,High,1,0,18.59
17487,Male,Hyderabad,Tier2,CS,AI,Yes,Yes,6.89,7.05,7.28,6.91,7.29,7.28,7.71,6.85,7.11,73.1,0,2,1.0,2,1,77.2,3.3,41.5,53.3,0,Mid,0,0,0.0
38604,Male,Kochi,Tier3,CS,AI,No,No,5.1,5.7,5.11,5.8,5.16,5.49,5.37,5.36,5.26,62.3,1,1,1.0,0,0,50.4,2.1,25.6,27.0,0,Low,0,0,0.0
34692,Female,Pune,Tier1,ECE,DataScience,Yes,No,8.64,9.0,9.19,8.52,9.07,9.66,9.43,9.43,9.33,96.0,1,4,3.0,4,1,90.0,4.3,82.8,72.1,0,High,1,0,18.39
14062,Female,Mumbai,Tier3,CS,AI,No,No,4.0,4.16,4.41,4.43,4.56,4.0,4.0,4.03,4.09,63.6,0,1,0.0,0,0,47.9,2.4,28.2,24.3,0,Low,0,0,0.0
31027,Male,Hyderabad,Tier2,ECE,Networking,Yes,No,10.0,10.0,10.0,10.0,10.0,10.0,10.0,9.89,10.0,82.5,2,3,2.0,2,1,78.9,3.3,65.8,72.9,1,High,1,0,25.35
43024,Male,Jaipur,Tier2,ECE,AI,Yes,No,9.34,9.8,9.3,9.33,9.03,9.42,10.0,10.0,9.56,76.1,1,3,4.0,3,1,74.4,4.1,77.3,60.7,1,High,1,0,25.09
15297,Male,Chennai,Tier2,CS,AI,Yes,Yes,4.91,5.25,4.73,4.84,4.59,5.01,4.57,5.15,4.71,60.0,0,0,0.0,1,0,46.1,2.2,23.4,35.0,0,Low,0,0,0.0
47624,Male,Mumbai,Tier1,Civil,Networking,No,No,8.61,9.35,8.69,8.99,8.26,8.83,9.04,9.24,8.66,83.0,1,3,3.0,2,1,89.6,3.8,89.4,62.8,1,High,1,0,22.02
23615,Female,Pune,Tier1,ECE,DataScience,Yes,Yes,4.85,5.33,4.85,5.43,5.06,5.03,5.14,5.32,5.27,86.6,0,2,1.0,2,0,58.6,2.8,51.3,43.4,1,Low,0,0,0.0
26363,Male,Chennai,Tier2,Mechanical,Embedded,No,No,9.3,8.83,8.67,8.8,8.96,8.67,8.69,9.12,8.77,79.7,1,2,1.0,2,0,61.1,3.6,45.9,48.9,1,High,1,0,18.38
30888,Female,Hyderabad,Tier3,Mechanical,Networking,No,Yes,6.29,5.79,5.35,5.98,5.88,5.28,5.95,5.68,5.77,64.4,0,0,0.0,1,1,43.4,2.3,30.4,27.6,0,Low,0,0,0.0
46316,Male,Bangalore,Tier2,Mechanical,AI,Yes,No,8.84,9.55,9.13,9.24,9.69,9.99,9.26,9.61,9.42,94.9,2,4,2.0,4,2,99.3,3.8,81.3,77.8,1,High,1,0,25.12
22703,Male,Mumbai,Tier1,Mechanical,Embedded,No,No,6.76,7.48,7.34,6.92,7.34,7.24,6.61,6.9,7.22,84.4,1,2,2.0,1,0,66.8,4.1,47.3,47.5,0,Mid,1,0,8.45
43633,Male,Mumbai,Tier2,CS,AI,No,No,7.59,8.12,8.06,8.35,8.63,8.09,8.99,8.89,9.86,92.3,3,5,3.0,3,0,96.9,3.2,99.5,65.0,1,High,1,1,25.5
47597,Female,Jaipur,Tier3,Civil,AI,Yes,No,5.26,4.61,4.87,4.76,4.59,5.08,4.64,4.48,4.66,64.5,1,1,1.0,0,1,52.9,2.1,24.5,25.6,0,Low,0,0,0.0
36617,Male,Mumbai,Tier2,CS,AI,No,No,4.74,4.76,4.6,4.43,4.73,4.43,4.35,4.64,4.57,60.1,0,1,1.0,0,0,39.1,1.6,27.7,25.7,0,Low,0,0,0.0
10594,Male,Hyderabad,Tier2,IT,Networking,Yes,No,8.69,8.56,8.45,8.18,8.54,8.75,8.16,8.87,8.64,73.7,2,3,4.0,2,0,66.8,3.4,77.4,68.6,1,High,1,0,22.61
37424,Male,Bangalore,Tier3,Mechanical,DataScience,Yes,No,4.03,4.0,4.28,4.0,4.0,4.0,4.0,4.0,4.0,64.0,0,0,0.0,0,0,55.9,3.1,20.8,22.8,1,Low,0,0,0.0
44423,Male,Jaipur,Tier2,CS,Embedded,Yes,No,4.73,5.11,5.4,5.48,5.76,5.05,5.32,5.62,5.33,86.5,2,1,2.0,2,0,85.5,3.7,56.8,59.7,1,Low,0,0,0.0
3231,Female,Bangalore,Tier2,ECE,DataScience,No,No,8.84,8.63,8.4,8.49,8.34,8.35,8.51,8.99,8.4,79.9,1,2,2.0,2,0,70.1,3.0,49.8,48.9,0,High,1,0,18.38
41879,Male,Kolkata,Tier2,ECE,Networking,Yes,No,8.75,8.95,8.66,8.98,8.58,8.5,8.55,8.89,8.72,84.8,2,2,2.0,3,1,74.8,3.4,66.9,77.4,1,High,1,0,22.38
15354,Male,Chennai,Tier2,Mechanical,AI,Yes,No,5.76,6.17,5.82,5.4,5.55,5.49,5.81,5.53,5.62,65.1,0,0,0.0,0,0,50.1,2.2,30.2,25.4,0,Low,0,0,0.0
17787,Male,Bangalore,Tier1,ECE,Embedded,No,No,7.67,7.74,8.74,7.96,7.48,7.89,7.89,8.34,7.93,82.3,1,3,2.0,2,1,82.9,3.0,79.8,76.5,1,Mid,1,0,8.09
46331,Male,Chennai,Tier1,ECE,DataScience,Yes,No,7.32,6.78,7.54,6.61,7.11,7.3,7.57,7.46,7.21,74.0,1,2,2.0,1,0,65.5,2.3,52.4,50.2,1,Mid,1,0,12.61
43524,Male,Mumbai,Tier2,ECE,DataScience,No,No,7.45,7.1,7.52,7.89,7.39,7.09,7.89,7.82,7.64,66.0,1,2,2.0,1,1,64.7,3.7,52.9,54.2,1,Mid,1,0,10.06
41558,Female,Mumbai,Tier2,Mechanical,DataScience,No,No,7.34,7.43,7.27,7.1,7.04,6.43,6.93,6.88,7.29,64.4,0,1,1.0,0,0,45.1,2.2,32.3,33.8,0,Mid,0,0,0.0
17556,Male,Pune,Tier1,ECE,Embedded,No,No,7.9,7.99,8.29,7.32,7.51,7.76,7.48,8.84,7.96,80.9,3,4,3.0,3,1,77.0,4.1,82.3,64.9,1,Mid,1,0,8.65
4131,Female,Mumbai,Tier1,CS,AI,No,No,9.31,8.74,9.1,9.17,8.89,8.73,9.43,9.32,8.98,88.5,2,4,2.0,3,1,85.4,3.6,70.9,69.5,1,High,1,0,22.74
38307,Female,Hyderabad,Tier3,CS,AI,Yes,Yes,5.78,6.05,6.33,5.91,5.89,5.91,6.35,5.46,5.92,62.4,1,1,0.0,0,0,44.2,2.5,26.8,30.5,0,Low,0,0,0.0
26809,Female,Pune,Tier1,EE,Networking,Yes,No,8.85,8.98,9.47,9.46,9.02,9.22,9.64,9.51,9.34,78.9,1,3,3.0,2,1,81.3,3.8,63.7,87.3,1,High,1,0,25.99
1078,Male,Pune,Tier2,IT,Embedded,Yes,No,6.27,6.85,6.08,7.0,6.41,6.53,6.81,6.55,6.4,70.9,1,2,1.0,0,1,66.2,3.4,53.9,54.9,1,Low,0,0,0.0
47207,Female,Mumbai,Tier2,CS,Networking,No,No,6.78,6.4,7.0,6.82,7.61,6.89,7.2,6.75,6.71,81.9,1,4,2.0,4,2,81.4,5.0,59.1,63.1,1,Mid,1,0,8.99
41034,Female,Hyderabad,Tier2,Civil,AI,Yes,No,5.66,5.67,5.29,5.44,5.67,4.97,4.74,5.03,5.21,60.7,0,1,1.0,1,0,46.0,2.0,31.1,29.7,1,Low,0,0,0.0
5502,Male,Delhi,Tier2,ECE,Embedded,Yes,No,7.51,7.46,7.08,7.51,7.52,7.39,7.49,7.94,7.48,84.8,1,4,3.0,2,2,78.9,3.6,60.0,67.4,1,Mid,1,0,8.1
4414,Male,Bangalore,Tier2,Mechanical,DataScience,No,No,6.45,6.12,6.87,6.19,6.11,6.55,6.49,6.22,6.42,67.7,1,3,2.0,3,0,71.1,2.0,58.0,42.8,0,Low,1,0,3.0
34529,Male,Bangalore,Tier2,Mechanical,AI,Yes,No,7.57,8.07,7.68,7.6,7.65,8.16,8.64,8.27,7.97,87.6,2,2,3.0,3,1,89.3,4.9,86.1,92.1,0,Mid,1,0,8.41
21245,Male,Delhi,Tier2,CS,DataScience,No,Yes,5.87,5.44,6.1,5.93,5.65,6.3,5.91,5.76,5.79,84.6,1,2,2.0,2,1,69.8,4.0,63.3,56.1,0,Low,0,0,0.0
4760,Female,Bangalore,Tier3,Mechanical,Networking,No,Yes,4.0,4.0,4.07,4.0,4.13,4.0,4.4,4.0,4.11,55.3,0,1,0.0,0,1,31.8,1.7,24.2,29.1,1,Low,0,0,0.0
49277,Male,Hyderabad,Tier1,CS,AI,Yes,No,7.84,8.52,7.17,7.15,7.54,8.53,7.65,7.73,7.75,91.6,1,4,3.0,4,2,87.4,4.4,79.0,79.0,1,Mid,1,0,8.29
44283,Male,Chennai,Tier1,CS,AI,Yes,No,8.48,8.66,9.35,8.75,9.6,8.91,9.22,9.34,9.22,94.8,1,4,4.0,3,1,79.1,4.9,75.9,74.6,1,High,1,0,25.71
16540,Female,Bangalore,Tier3,ECE,Embedded,No,Yes,5.55,5.62,4.94,5.63,5.75,5.8,5.38,5.58,5.55,60.8,0,1,0.0,1,0,48.3,2.4,33.3,27.5,0,Low,0,0,0.0
38151,Female,Chennai,Tier3,CS,AI,No,No,6.02,6.73,6.45,6.08,6.47,6.76,6.33,6.85,6.52,82.5,0,2,1.0,2,0,76.2,3.1,51.3,52.4,1,Mid,0,0,0.0
14947,Female,Hyderabad,Tier1,IT,Embedded,Yes,No,7.64,7.52,8.23,7.75,8.68,7.27,8.21,8.03,7.88,81.0,2,3,3.0,3,2,80.1,3.2,86.3,81.8,1,Mid,1,0,8.65
48621,Male,Bangalore,Tier1,CS,Networking,Yes,Yes,7.63,7.44,7.62,8.1,7.35,7.01,7.65,7.8,7.9,84.1,2,4,3.0,4,0,76.0,4.7,92.3,75.4,1,Mid,1,0,8.68
5309,Male,Chennai,Tier2,Mechanical,Networking,No,No,4.0,4.12,4.0,4.17,4.0,4.41,4.0,4.0,4.18,79.1,0,1,0.0,0,0,39.6,2.5,23.3,29.5,0,Low,0,0,0.0
34483,Male,Chennai,Tier3,ECE,Embedded,Yes,No,5.12,4.5,4.8,5.4,4.74,4.7,4.87,4.39,4.91,66.0,0,1,0.0,1,0,46.8,2.0,27.4,30.4,0,Low,0,0,0.0
31681,Male,Bangalore,Tier2,IT,Embedded,No,No,7.78,8.44,8.5,8.31,8.78,8.34,8.6,8.99,8.71,100.0,2,3,3.0,3,1,100.0,4.2,83.7,76.0,0,High,1,0,18.99
12262,Male,Pune,Tier2,Civil,Embedded,Yes,No,7.95,7.76,8.08,7.84,8.05,8.64,8.55,8.39,8.15,96.5,1,2,1.0,1,0,66.0,3.6,62.6,50.6,1,High,1,0,22.22
2418,Male,Kochi,Tier1,CS,DataScience,No,No,7.39,7.31,7.47,7.25,7.03,7.02,7.44,7.6,7.43,86.3,1,4,4.0,3,1,82.8,2.4,76.4,61.3,1,Mid,1,0,8.47
10215,Male,Bangalore,Tier2,ECE,Embedded,No,Yes,5.66,5.96,5.54,6.09,5.79,5.96,5.18,5.36,5.71,66.8,0,0,0.0,0,0,42.6,2.1,29.5,37.8,0,Low,0,0,0.0
6986,Male,Delhi,Tier2,Civil,DataScience,Yes,No,9.31,9.73,9.45,9.79,9.52,9.91,9.42,9.64,9.62,94.7,1,4,3.0,3,0,51.3,4.8,91.2,79.0,0,High,1,0,18.62
4121,Female,Chennai,Tier2,Mechanical,Embedded,No,No,7.93,8.29,8.38,8.46,8.62,8.37,8.83,8.44,8.48,78.6,3,3,3.0,2,2,76.2,3.2,76.8,71.9,1,High,1,0,22.38
49745,Female,Hyderabad,Tier2,CS,Embedded,No,No,8.54,7.75,8.01,8.12,7.38,8.01,8.02,7.88,7.82,91.1,1,4,2.0,3,2,69.8,3.9,79.4,65.3,1,Mid,1,0,8.95
5795,Male,Chennai,Tier3,Civil,Embedded,Yes,No,7.14,6.69,6.99,6.9,7.13,7.3,7.53,7.11,7.04,70.6,1,1,2.0,2,1,73.8,2.7,57.2,54.1,1,Mid,1,0,8.17
32818,Male,Hyderabad,Tier1,ECE,Embedded,No,No,9.69,10.0,10.0,10.0,10.0,10.0,9.98,10.0,9.92,97.6,2,3,3.0,4,2,84.5,3.9,95.8,72.3,0,High,1,0,18.27
38895,Male,Delhi,Tier2,Mechanical,Embedded,Yes,No,8.31,8.45,7.63,8.5,7.99,7.74,8.22,8.01,8.15,75.4,1,2,1.0,1,1,61.4,2.6,52.3,48.5,1,High,1,0,18.32
24906,Male,Delhi,Tier1,CS,DataScience,Yes,No,8.33,8.14,7.56,7.91,7.37,7.44,7.82,8.15,7.91,81.7,1,2,2.0,2,1,66.7,1.6,48.5,48.0,1,Mid,1,0,8.66
37520,Male,Bangalore,Tier2,Mechanical,Networking,Yes,No,7.37,7.21,7.27,7.94,7.41,7.75,7.74,8.07,7.51,69.3,1,2,1.0,2,0,73.7,4.0,63.3,48.5,1,Mid,1,0,8.04
30761,Female,Jaipur,Tier2,Mechanical,DataScience,Yes,No,7.84,7.29,7.24,7.59,7.52,7.28,7.36,7.19,7.41,64.4,1,1,1.0,0,0,46.1,2.2,32.9,28.4,0,Mid,0,0,0.0
32272,Female,Delhi,Tier2,IT,AI,No,No,7.73,7.22,6.91,7.23,8.02,7.36,7.18,7.18,7.49,84.2,1,2,1.0,2,1,61.8,3.3,53.1,58.7,0,Mid,1,0,8.21
23116,Female,Hyderabad,Tier1,Mechanical,Embedded,Yes,No,8.45,9.51,8.86,9.37,8.9,9.02,9.41,9.7,9.27,88.4,2,4,3.0,3,0,97.8,2.8,72.0,55.8,1,High,1,0,18.4
22684,Female,Mumbai,Tier1,IT,DataScience,No,No,8.64,9.36,9.05,9.17,9.23,8.93,9.41,8.86,9.14,97.7,2,4,2.0,3,1,69.6,4.3,66.0,68.3,1,High,1,0,25.41
442,Male,Jaipur,Tier3,ECE,AI,No,Yes,4.01,4.0,4.0,4.54,4.02,4.0,4.0,4.0,4.0,62.9,0,0,1.0,0,0,41.0,2.4,23.7,32.3,0,Low,0,0,0.0
38709,Male,Kochi,Tier3,CS,DataScience,Yes,Yes,4.18,5.17,5.09,4.26,4.35,4.57,4.56,4.58,4.66,62.7,0,1,0.0,0,0,45.8,2.1,21.9,38.0,0,Low,0,0,0.0
15365,Male,Ahmedabad,Tier2,CS,AI,Yes,No,5.08,5.38,5.38,5.36,5.06,5.37,5.35,4.92,5.41,61.7,0,1,0.0,0,0,46.3,2.7,24.5,28.4,0,Low,0,0,0.0
33649,Male,Bangalore,Tier2,ECE,Networking,No,Yes,7.86,7.82,7.5,7.61,7.74,8.04,7.58,7.9,7.84,87.2,1,3,1.0,1,1,52.6,3.1,46.2,57.8,1,Mid,1,0,8.25
196,Male,Pune,Tier1,ECE,DataScience,No,No,8.2,8.05,7.85,8.48,8.37,8.07,8.44,8.83,8.19,75.6,1,3,2.0,4,2,85.5,3.3,83.7,86.0,1,High,1,0,22.27
2706,Female,Chennai,Tier3,ECE,Networking,Yes,No,6.0,5.78,5.38,5.67,5.8,5.11,5.38,4.97,5.41,53.1,0,1,1.0,1,0,58.1,1.6,30.4,34.8,0,Low,0,0,0.0
16461,Female,Jaipur,Tier1,CS,DataScience,No,No,10.0,9.63,10.0,10.0,10.0,10.0,10.0,9.58,9.95,88.3,2,3,3.0,3,1,87.3,4.2,59.8,77.8,0,High,1,0,18.58
42390,Male,Kochi,Tier2,ECE,DataScience,Yes,No,7.98,8.31,8.5,8.36,9.03,8.61,9.2,8.34,8.56,95.4,2,2,4.0,2,0,74.0,4.0,64.9,72.7,1,High,1,0,22.59
32668,Female,Jaipur,Tier3,CS,AI,Yes,Yes,4.18,4.54,4.02,4.0,4.23,4.12,4.0,4.0,4.13,63.7,0,0,0.0,0,0,40.5,2.4,27.9,32.4,0,Low,0,0,0.0
31903,Male,Hyderabad,Tier1,Mechanical,AI,No,No,9.14,9.47,9.19,9.11,9.17,9.3,9.48,9.76,9.33,63.0,1,2,2.0,2,0,71.6,2.5,52.0,46.7,1,High,1,0,18.96
24320,Male,Chennai,Tier1,CS,DataScience,Yes,No,6.43,6.32,6.58,7.07,6.3,6.3,6.89,6.59,6.42,70.0,1,2,1.0,1,0,72.4,3.1,56.1,44.2,1,Low,0,0,0.0
39163,Male,Hyderabad,Tier3,CS,Networking,No,Yes,6.66,6.18,5.76,6.69,5.5,6.5,5.84,6.33,6.18,57.2,0,0,1.0,1,0,46.8,1.4,32.5,26.8,0,Low,0,0,0.0
44156,Female,Chennai,Tier3,IT,DataScience,Yes,Yes,5.51,5.64,5.57,6.1,5.75,6.28,5.95,5.84,5.88,55.4,1,0,0.0,1,0,51.2,1.3,23.5,35.2,0,Low,0,0,0.0
32385,Male,Chennai,Tier2,Mechanical,Networking,No,Yes,6.86,6.71,7.19,6.48,6.82,7.31,6.75,6.74,6.96,90.2,1,2,1.0,2,0,62.8,2.2,50.0,42.3,0,Mid,1,0,8.76
29602,Male,Mumbai,Tier1,Mechanical,Embedded,No,No,9.91,10.0,9.91,10.0,10.0,10.0,9.84,10.0,9.85,94.6,2,2,2.0,3,2,89.6,3.7,98.2,73.5,1,High,1,0,25.52
1471,Female,Hyderabad,Tier3,ECE,Embedded,Yes,No,4.86,5.23,4.83,4.94,4.96,4.91,5.86,4.77,4.96,75.5,1,2,3.0,1,1,67.0,2.8,54.1,59.7,1,Low,0,0,0.0
10908,Female,Pune,Tier3,Mechanical,DataScience,Yes,No,9.1,8.87,8.5,8.6,8.89,9.23,9.09,9.65,9.72,75.9,3,5,2.0,2,1,99.8,3.6,98.5,39.1,1,High,1,1,18.58
41442,Male,Kolkata,Tier2,CS,AI,Yes,No,8.83,8.81,8.71,8.45,8.77,8.6,9.02,8.95,8.83,83.0,1,4,3.0,4,1,75.8,5.0,89.3,73.8,1,High,1,0,22.71
43322,Male,Kolkata,Tier2,EE,Networking,Yes,No,8.18,7.86,7.85,8.19,8.05,8.26,8.16,8.18,7.96,79.4,2,3,3.0,2,2,82.4,4.7,66.4,66.7,0,Mid,1,0,8.14
28954,Male,Mumbai,Tier2,ECE,DataScience,No,No,6.81,7.37,7.27,6.84,7.02,7.5,6.92,6.62,7.06,74.4,1,2,1.0,2,1,62.2,3.2,46.5,54.0,0,Mid,1,0,8.81
16657,Female,Ahmedabad,Tier1,CS,Networking,Yes,No,8.37,8.42,8.86,8.32,8.72,8.43,8.89,9.13,8.51,73.3,2,2,2.0,1,0,78.6,2.6,50.6,41.0,0,High,1,0,18.34
32632,Male,Kochi,Tier2,ECE,Networking,No,No,6.26,7.32,6.4,7.47,6.88,7.26,6.89,7.36,7.01,89.3,2,4,3.0,3,1,80.4,3.3,86.0,76.7,1,Mid,1,0,8.2
22898,Female,Jaipur,Tier2,ECE,Networking,No,Yes,6.18,5.52,5.89,5.83,5.97,5.75,6.22,6.35,5.84,86.5,1,3,3.0,3,1,86.9,3.7,81.9,70.8,1,Low,1,0,5.84
23906,Female,Kochi,Tier1,ECE,Embedded,No,No,7.51,7.46,7.66,7.27,8.16,7.83,8.19,8.04,7.74,96.4,1,3,2.0,3,1,82.6,2.7,67.1,63.7,0,Mid,1,0,8.38
38423,Male,Ahmedabad,Tier1,IT,AI,Yes,No,8.73,8.74,9.4,9.36,8.75,8.6,9.2,9.71,9.09,84.8,2,2,3.0,3,2,92.5,2.3,99.7,82.8,1,High,1,0,18.58
18917,Female,Hyderabad,Tier3,Mechanical,AI,No,No,7.01,6.61,7.15,6.92,7.24,7.16,6.93,6.78,6.94,76.5,0,1,2.0,2,1,74.9,2.7,62.1,48.2,0,Mid,0,0,0.0
25896,Male,Hyderabad,Tier3,CS,DataScience,Yes,Yes,4.53,4.21,4.0,4.0,4.37,4.08,4.17,4.0,4.18,74.0,1,0,0.0,1,0,46.1,2.4,26.5,31.6,0,Low,0,0,0.0
29066,Male,Hyderabad,Tier2,Mechanical,Embedded,No,No,8.69,8.57,8.69,8.75,8.66,8.46,8.48,8.81,8.62,83.7,1,2,1.0,2,1,64.3,2.9,54.8,45.1,0,High,1,0,18.77
45252,Male,Chennai,Tier3,IT,DataScience,Yes,Yes,5.53,5.64,5.19,5.78,4.76,5.18,4.78,5.61,5.36,63.4,0,1,0.0,1,0,46.3,2.1,26.7,27.4,1,Low,0,0,0.0
31471,Female,Hyderabad,Tier1,CS,AI,Yes,No,6.4,5.94,6.23,6.29,6.15,6.49,6.2,5.9,6.15,68.5,1,2,2.0,1,1,71.1,3.3,48.8,57.6,1,Low,1,0,5.43
1158,Male,Pune,Tier2,Mechanical,Embedded,Yes,No,6.95,6.86,7.07,6.76,6.56,6.16,6.45,6.92,6.62,60.3,1,1,0.0,0,0,47.9,2.4,33.9,24.4,0,Mid,1,0,8.47
16052,Female,Delhi,Tier2,ECE,Networking,Yes,No,8.36,8.54,8.46,8.46,8.23,8.88,8.5,8.5,8.48,81.2,2,1,1.0,2,1,76.7,3.1,56.7,54.0,0,High,1,0,18.49
17288,Male,Jaipur,Tier2,IT,DataScience,Yes,No,6.89,6.77,6.99,7.25,7.08,7.12,6.99,6.84,7.17,100.0,2,5,3.0,2,2,75.6,3.3,100.0,57.1,1,Mid,1,0,8.68
29983,Male,Pune,Tier3,IT,DataScience,Yes,No,5.72,5.57,5.91,5.66,5.38,5.31,5.08,5.36,5.69,52.4,1,0,0.0,1,0,46.2,1.7,25.8,26.6,0,Low,0,0,0.0
579,Male,Bangalore,Tier2,CS,DataScience,Yes,No,7.27,6.68,6.26,6.96,6.93,6.38,6.64,6.5,6.45,85.1,1,1,2.0,1,0,63.7,3.3,49.0,41.2,1,Low,0,0,0.0
5693,Male,Pune,Tier3,CS,Embedded,No,No,6.5,6.82,6.04,6.04,6.5,6.87,6.06,5.94,6.29,75.8,0,2,2.0,2,1,70.9,3.7,47.8,48.7,0,Low,0,0,0.0
25473,Male,Chennai,Tier2,EE,Embedded,No,Yes,5.06,5.51,5.47,5.03,4.8,5.26,5.44,5.04,5.13,56.7,0,0,0.0,0,0,56.0,2.4,28.2,22.6,0,Low,0,0,0.0
40200,Female,Delhi,Tier1,IT,Networking,Yes,No,10.0,10.0,9.91,10.0,10.0,10.0,10.0,10.0,10.0,82.1,2,2,2.0,3,2,99.6,5.0,84.1,76.7,1,High,1,0,25.42
3859,Male,Mumbai,Tier2,IT,DataScience,Yes,No,8.13,7.93,7.92,8.48,7.63,8.38,8.0,7.76,8.08,64.6,1,2,2.0,1,1,64.8,2.7,51.7,49.2,1,High,1,0,18.32
38793,Male,Mumbai,Tier2,Civil,Embedded,No,Yes,9.15,9.52,8.41,9.52,8.89,8.62,9.03,8.97,8.89,95.8,1,2,2.0,1,1,74.7,3.4,39.0,52.7,1,High,1,0,18.33
8446,Female,Ahmedabad,Tier1,IT,AI,Yes,No,7.32,7.77,7.31,7.59,7.66,7.37,7.27,7.25,7.36,75.3,1,2,1.0,2,1,67.1,2.3,55.2,54.4,1,Mid,1,0,8.59
10870,Male,Hyderabad,Tier2,ECE,Networking,No,No,8.97,8.94,8.4,9.02,9.08,9.41,9.1,8.61,8.83,69.2,1,2,1.0,1,0,68.4,3.3,42.5,44.1,0,High,1,0,18.07
46361,Female,Kolkata,Tier3,EE,Embedded,Yes,No,7.72,7.97,8.3,7.79,8.27,8.11,7.98,8.13,8.07,67.9,0,2,2.0,2,1,62.9,2.5,63.1,65.6,0,High,1,0,18.83
29175,Male,Delhi,Tier1,Civil,Embedded,Yes,No,9.1,8.63,9.12,8.62,8.96,9.52,9.25,9.58,9.13,84.5,1,4,3.0,5,2,76.2,3.4,72.3,59.9,1,High,1,0,25.81
41829,Male,Kolkata,Tier1,IT,Embedded,Yes,No,5.97,5.72,5.9,5.45,5.81,5.83,5.98,5.7,9.93,80.8,3,5,2.0,2,1,96.9,4.2,95.3,54.0,0,Low,1,1,3.48
16740,Female,Hyderabad,Tier3,Civil,Networking,No,Yes,5.46,6.49,5.87,6.22,6.1,6.41,5.79,6.05,5.89,67.1,0,1,2.0,2,0,69.3,2.2,53.5,56.7,1,Low,0,0,0.0
26969,Female,Chennai,Tier1,CS,DataScience,Yes,No,6.58,6.72,6.93,6.49,6.67,6.82,6.59,6.94,6.66,82.4,2,3,2.0,3,2,80.7,3.9,62.2,76.8,1,Mid,1,0,8.6
30282,Male,Mumbai,Tier3,ECE,AI,No,No,7.49,6.83,7.4,7.16,7.55,7.41,6.9,7.18,7.22,90.3,1,1,3.0,1,0,70.7,2.3,56.0,55.4,0,Mid,0,0,0.0
29014,Male,Ahmedabad,Tier3,CS,Networking,No,No,7.02,6.77,7.33,6.6,6.96,7.01,7.09,6.52,6.93,83.4,2,1,2.0,1,0,74.2,3.2,64.7,48.8,1,Mid,1,0,8.51
43841,Male,Jaipur,Tier3,CS,AI,No,No,5.88,5.79,5.06,5.48,5.67,4.92,5.2,5.29,5.52,61.3,0,1,1.0,0,0,36.3,1.8,25.6,21.6,0,Low,0,0,0.0
48723,Female,Jaipur,Tier3,CS,Embedded,No,No,5.75,5.75,6.33,6.09,5.95,5.49,5.99,5.83,5.65,81.8,1,2,2.0,1,0,66.0,2.0,51.6,52.0,0,Low,0,0,0.0
32478,Female,Jaipur,Tier3,CS,DataScience,Yes,No,6.8,6.72,6.31,6.65,6.26,6.69,6.45,6.63,6.54,76.0,1,1,1.0,1,0,77.7,2.1,61.6,47.8,0,Mid,1,0,10.57
2741,Male,Hyderabad,Tier2,Mechanical,Embedded,No,No,8.87,8.63,8.74,8.46,8.25,8.74,8.43,8.52,8.44,82.0,2,1,1.0,1,1,69.4,2.5,57.0,41.8,0,High,1,0,18.3
48418,Male,Ahmedabad,Tier2,Mechanical,Networking,Yes,No,7.68,8.35,7.65,7.78,7.24,7.08,7.31,7.62,7.66,92.0,1,2,2.0,2,0,67.6,3.1,61.4,54.6,1,Mid,1,0,8.93
11576,Male,Jaipur,Tier1,CS,Embedded,Yes,No,8.26,7.97,7.75,7.49,8.34,8.45,7.93,8.38,8.06,75.4,3,2,4.0,2,1,80.5,3.7,89.5,86.3,1,High,1,0,22.17
26971,Male,Pune,Tier1,CS,Networking,No,No,9.61,9.46,9.58,9.39,9.52,9.52,9.19,9.76,9.41,75.2,1,1,2.0,2,0,68.6,3.5,50.4,52.4,0,High,1,0,18.61
48529,Female,Pune,Tier2,Civil,Networking,No,No,8.04,8.59,8.9,8.43,8.87,8.54,8.63,8.59,8.58,95.4,2,3,4.0,2,2,57.5,4.8,91.7,75.7,1,High,1,0,22.76
25632,Male,Hyderabad,Tier3,Civil,Networking,No,No,7.37,7.23,7.27,6.56,7.19,6.67,7.0,6.62,7.1,80.3,1,1,1.0,2,0,66.8,1.9,66.0,55.5,1,Mid,0,0,0.0
4035,Male,Pune,Tier1,IT,Embedded,Yes,No,6.67,6.76,6.35,6.11,6.83,6.37,6.9,5.94,6.47,90.6,3,4,2.0,2,2,73.2,3.7,70.8,80.0,1,Low,1,0,5.87
16730,Female,Kochi,Tier3,Civil,Networking,No,Yes,7.8,8.23,7.75,7.74,8.24,7.89,7.75,8.5,7.88,80.4,1,2,2.0,2,1,68.6,3.1,42.5,57.2,1,Mid,1,0,8.75
42859,Male,Chennai,Tier1,CS,DataScience,Yes,No,8.27,8.1,7.75,7.72,7.69,6.99,8.29,7.96,7.98,100.0,1,4,4.0,3,1,74.6,4.0,72.7,89.2,1,Mid,1,0,8.07
41755,Male,Delhi,Tier1,Civil,Networking,Yes,No,8.01,7.9,7.98,8.13,7.99,8.11,7.99,8.24,8.12,96.1,1,3,3.0,3,2,76.8,5.0,75.6,91.0,1,High,1,0,22.49
29996,Female,Hyderabad,Tier3,ECE,Embedded,No,Yes,6.29,5.87,5.98,5.77,6.35,6.35,5.82,5.82,6.19,56.0,0,0,1.0,1,0,37.8,1.9,29.7,30.3,0,Low,0,0,0.0
19793,Female,Jaipur,Tier2,Mechanical,DataScience,No,No,8.26,8.49,8.04,7.93,8.64,7.9,7.94,8.08,8.26,71.5,1,3,2.0,2,0,68.8,3.4,66.1,50.2,0,High,1,0,18.18
40179,Male,Hyderabad,Tier2,CS,AI,No,No,8.58,8.85,8.4,8.45,9.55,9.45,8.99,9.54,9.05,91.4,2,1,3.0,3,1,96.5,4.8,74.7,82.2,1,High,1,0,25.89
20211,Male,Ahmedabad,Tier1,Mechanical,Embedded,Yes,No,8.9,8.46,8.69,8.1,7.8,8.31,8.7,8.38,8.55,80.8,2,2,3.0,3,1,87.9,2.6,90.1,67.8,0,High,1,0,18.59
13965,Male,Chennai,Tier2,ECE,Networking,No,No,4.95,4.77,5.09,4.53,5.16,4.43,5.07,4.83,4.8,73.1,0,2,2.0,2,1,58.0,3.0,54.5,55.2,0,Low,0,0,0.0
27920,Male,Mumbai,Tier1,Mechanical,DataScience,No,No,6.52,7.65,6.73,7.21,6.6,6.8,7.3,7.48,7.2,85.6,3,2,2.0,3,1,67.0,3.3,74.1,96.3,1,Mid,1,0,8.59
37768,Male,Kolkata,Tier1,Mechanical,Embedded,Yes,No,8.77,8.93,8.98,9.05,8.97,8.99,8.97,8.5,8.98,100.0,3,3,3.0,3,1,89.8,5.0,70.1,83.9,1,High,1,0,22.1
49317,Female,Jaipur,Tier2,ECE,DataScience,Yes,No,7.38,7.29,7.3,7.25,7.77,7.04,7.2,7.2,7.31,78.3,2,2,1.0,2,0,72.1,1.6,50.4,47.0,0,Mid,1,0,8.08
41682,Female,Delhi,Tier2,ECE,Embedded,Yes,No,5.9,5.5,5.83,5.99,6.17,5.59,5.29,5.27,5.73,59.4,0,0,0.0,1,0,54.1,2.5,27.7,30.8,0,Low,0,0,0.0
41712,Male,Kochi,Tier2,CS,Embedded,No,No,6.03,6.53,5.57,6.11,6.01,6.29,6.23,5.27,5.86,64.4,0,0,0.0,1,0,43.6,1.6,27.5,35.6,0,Low,0,0,0.0
42811,Male,Bangalore,Tier2,ECE,AI,Yes,No,8.4,8.98,8.61,8.62,8.76,8.11,9.16,8.76,8.73,64.3,0,2,2.0,2,1,56.6,3.4,60.3,40.8,1,High,1,0,18.71
30365,Male,Jaipur,Tier1,CS,Networking,Yes,No,6.09,6.95,6.77,6.84,6.75,6.65,6.64,6.84,6.73,69.7,1,2,2.0,1,0,62.4,2.5,61.3,53.2,0,Mid,1,0,8.54
42193,Female,Kolkata,Tier1,CS,Networking,Yes,No,7.22,7.39,8.19,8.0,8.07,8.1,7.86,7.7,7.82,77.2,1,2,2.0,1,0,69.2,2.7,58.7,51.1,0,Mid,1,0,8.36
12066,Male,Bangalore,Tier3,ECE,AI,No,Yes,9.24,9.09,9.33,8.82,9.7,9.15,9.07,9.27,9.2,77.5,1,3,0.0,2,0,71.8,1.7,71.9,49.2,1,High,1,0,18.27
15945,Male,Chennai,Tier2,CS,Networking,No,No,9.78,9.21,9.74,9.79,9.62,9.77,9.38,10.0,9.81,89.9,2,3,3.0,3,2,73.7,4.6,62.0,76.0,1,High,1,0,25.42
524,Male,Bangalore,Tier2,EE,Networking,No,No,6.08,5.85,5.89,6.02,5.05,4.83,5.18,5.43,5.68,62.7,0,0,1.0,0,0,52.0,1.9,37.3,34.3,0,Low,0,0,0.0
38824,Female,Pune,Tier1,CS,Networking,No,No,5.98,6.46,6.59,6.41,5.98,6.03,6.21,6.01,6.08,77.2,1,3,2.0,4,1,87.7,5.0,69.3,58.1,0,Low,1,0,5.15
40946,Female,Hyderabad,Tier3,CS,Networking,Yes,No,6.93,7.5,6.98,7.42,7.3,7.46,7.11,7.31,7.07,72.2,1,2,2.0,2,1,72.3,3.6,63.1,52.3,1,Mid,1,0,8.58
35690,Male,Kolkata,Tier2,ECE,Embedded,Yes,No,7.33,7.0,7.16,7.41,6.72,7.35,7.06,7.01,7.05,76.9,1,3,2.0,2,1,70.6,2.8,55.2,60.9,1,Mid,1,0,8.67
11988,Male,Mumbai,Tier1,IT,AI,No,No,9.68,9.42,9.86,9.3,10.0,9.73,10.0,9.79,9.65,99.5,1,3,4.0,3,2,84.9,4.4,79.0,73.0,1,High,1,0,25.65
38203,Male,Delhi,Tier2,CS,AI,Yes,Yes,9.36,9.66,9.36,9.2,9.78,9.87,9.71,9.16,9.42,73.7,1,1,2.0,1,0,62.8,2.7,55.1,52.5,1,High,1,0,18.32
38004,Male,Bangalore,Tier1,ECE,Networking,Yes,No,10.0,10.0,9.92,9.75,10.0,10.0,10.0,10.0,9.92,91.9,2,3,2.0,3,1,63.8,3.6,76.4,72.1,1,High,1,0,25.86
18481,Male,Chennai,Tier3,ECE,Embedded,Yes,No,6.1,6.38,6.03,5.93,6.29,5.92,5.85,5.94,6.17,76.9,1,3,2.0,2,1,66.8,3.7,52.8,50.8,0,Low,1,0,3.95
30037,Male,Pune,Tier3,CS,Networking,No,Yes,4.94,4.65,4.87,5.17,4.66,4.94,4.23,4.47,4.67,66.0,1,1,0.0,1,0,65.0,1.7,28.1,25.7,0,Low,0,0,0.0
46036,Male,Mumbai,Tier2,ECE,DataScience,No,No,9.16,9.03,9.01,8.65,8.66,8.66,9.36,8.85,8.74,72.8,1,2,2.0,2,1,46.1,2.9,56.1,49.8,1,High,1,0,18.64
29625,Male,Kochi,Tier3,Civil,Embedded,Yes,No,5.59,5.41,5.89,5.12,5.28,5.48,5.75,5.66,5.49,92.7,1,2,1.0,2,1,65.3,3.2,48.6,50.2,0,Low,0,0,0.0
36551,Male,Pune,Tier2,CS,Embedded,No,No,6.4,6.68,6.81,7.2,7.06,6.73,7.18,6.55,6.76,79.4,0,2,2.0,2,1,69.5,2.7,52.8,46.1,0,Mid,1,0,12.63
24994,Female,Chennai,Tier2,ECE,Embedded,Yes,Yes,7.15,7.2,7.15,7.62,7.7,7.22,7.41,7.59,7.56,92.9,2,3,3.0,3,2,70.3,3.9,88.9,72.3,1,Mid,1,0,8.87
23987,Male,Kochi,Tier2,IT,DataScience,Yes,No,9.38,9.97,9.91,9.9,10.0,10.0,10.0,9.95,9.95,92.9,2,2,3.0,3,2,62.3,4.0,81.9,76.5,0,High,1,0,18.36
3069,Female,Pune,Tier2,IT,AI,Yes,No,8.27,8.82,9.13,8.46,8.83,9.1,9.01,8.78,8.78,92.9,2,3,3.0,3,2,89.2,5.0,83.5,83.2,0,High,1,0,18.58
23264,Male,Bangalore,Tier1,CS,Embedded,Yes,No,6.77,7.13,7.32,7.5,7.49,7.14,7.1,7.49,7.12,100.0,1,3,2.0,3,1,71.9,4.8,83.2,75.6,1,Mid,1,0,8.68
33422,Female,Hyderabad,Tier2,Civil,Networking,Yes,No,8.9,8.6,8.88,9.45,8.94,8.64,9.01,9.3,8.97,69.7,2,4,2.0,3,1,79.1,3.4,70.1,81.9,1,High,1,0,22.68
38748,Female,Hyderabad,Tier3,CS,AI,No,No,6.23,6.98,6.31,6.68,5.67,6.38,6.29,6.13,6.37,52.8,0,1,1.0,0,0,51.3,2.5,35.3,25.3,0,Low,0,0,0.0
27450,Male,Chennai,Tier1,IT,AI,Yes,No,9.17,9.29,8.75,8.29,8.5,8.4,8.62,8.62,8.77,92.8,2,3,4.0,3,2,81.4,3.5,90.0,86.4,1,High,1,0,22.25
5397,Female,Kolkata,Tier1,CS,DataScience,No,No,8.53,7.83,8.55,8.42,8.67,8.67,8.45,8.61,8.66,100.0,2,3,2.0,4,1,91.8,3.9,77.0,74.2,0,High,1,0,18.85
19169,Male,Hyderabad,Tier1,CS,Embedded,No,No,8.1,8.99,8.41,8.39,8.52,8.55,8.65,8.86,8.53,73.7,2,2,3.0,2,2,86.3,5.0,90.7,77.7,1,High,1,0,22.7
43812,Male,Pune,Tier2,Mechanical,Networking,No,Yes,6.81,6.88,6.83,7.03,7.02,6.74,6.73,7.11,6.77,72.5,0,2,1.0,2,0,58.7,2.5,61.7,40.8,0,Mid,0,0,0.0
19225,Male,Jaipur,Tier1,CS,DataScience,No,No,9.82,9.89,9.74,9.69,9.54,9.96,10.0,10.0,9.76,97.1,1,2,3.0,2,2,100.0,5.0,74.0,74.4,0,High,1,0,18.04
29248,Female,Hyderabad,Tier1,Mechanical,DataScience,Yes,No,9.53,9.44,9.51,9.02,9.97,9.85,10.0,10.0,9.74,100.0,2,3,2.0,3,2,75.5,4.5,62.6,60.2,0,High,1,0,18.5
49788,Male,Ahmedabad,Tier3,ECE,Networking,Yes,No,4.57,5.62,5.37,6.04,5.18,5.02,5.04,4.89,4.98,63.6,0,1,1.0,0,0,54.6,2.6,29.8,25.7,0,Low,0,0,0.0
48782,Female,Mumbai,Tier3,Mechanical,Embedded,Yes,No,4.79,4.48,4.31,4.08,4.0,4.19,4.63,4.4,4.12,63.2,0,1,0.0,0,1,43.6,1.5,27.9,27.7,0,Low,0,0,0.0
17197,Female,Hyderabad,Tier2,Mechanical,DataScience,Yes,No,9.37,9.35,10.0,10.0,9.86,9.95,9.62,10.0,10.0,79.1,1,3,3.0,2,2,80.6,3.6,75.4,84.7,1,High,1,0,25.19
36609,Female,Delhi,Tier2,IT,AI,Yes,No,6.21,6.45,6.68,6.27,6.21,6.9,6.22,6.57,6.41,70.5,1,2,2.0,2,1,83.0,3.0,66.9,59.6,1,Low,1,0,5.89
47879,Female,Hyderabad,Tier2,CS,Networking,No,No,6.56,5.91,5.98,6.2,5.95,6.37,5.91,6.12,6.07,74.4,0,2,2.0,2,1,70.0,2.5,62.8,54.1,0,Low,0,0,0.0
25285,Female,Delhi,Tier1,EE,Networking,Yes,No,7.72,8.3,8.2,8.11,7.31,7.71,7.83,8.19,8.02,89.9,3,3,3.0,2,2,95.3,4.0,86.5,66.8,1,High,1,0,22.2
23075,Female,Bangalore,Tier3,EE,Networking,Yes,Yes,4.98,5.61,5.21,4.9,4.62,4.91,4.5,5.29,4.9,92.3,1,2,2.0,1,1,78.2,1.7,39.3,47.2,0,Low,0,0,0.0
42738,Male,Pune,Tier2,ECE,Networking,Yes,No,8.02,7.91,7.71,7.46,7.34,7.29,7.61,7.28,7.49,80.3,1,2,2.0,2,1,78.7,2.4,61.9,54.7,1,Mid,1,0,10.3
30602,Male,Delhi,Tier3,Civil,AI,Yes,No,4.55,4.53,4.28,4.17,4.0,4.43,4.48,4.64,4.36,64.9,1,2,0.0,0,0,52.0,1.6,25.3,26.9,0,Low,0,0,0.0
38276,Female,Hyderabad,Tier2,CS,DataScience,No,No,7.14,7.7,7.5,7.89,8.22,8.08,7.88,8.18,7.69,90.3,1,5,3.0,3,1,88.5,3.5,66.5,82.0,0,Mid,1,0,8.84
44094,Female,Ahmedabad,Tier2,CS,Networking,Yes,No,10.0,9.97,9.79,10.0,10.0,10.0,10.0,10.0,10.0,86.7,3,3,2.0,2,1,60.6,5.0,87.5,73.9,1,High,1,0,25.89
1183,Male,Kolkata,Tier3,EE,Networking,Yes,Yes,8.79,8.99,8.76,8.5,8.74,8.83,9.18,8.75,8.79,74.6,1,3,2.0,1,1,66.3,3.5,53.3,45.4,1,High,1,0,18.81
34648,Male,Mumbai,Tier1,ECE,Networking,Yes,No,7.11,7.43,7.47,7.97,8.01,7.97,7.48,7.94,9.75,89.9,3,5,4.0,3,1,98.9,4.2,97.8,89.4,1,High,1,1,25.5
21565,Male,Delhi,Tier1,ECE,Embedded,Yes,No,8.4,8.13,9.08,9.13,8.66,8.63,9.0,8.78,8.8,87.1,2,3,4.0,4,2,80.1,4.3,82.9,71.6,1,High,1,0,22.26
41809,Male,Pune,Tier3,CS,Networking,Yes,No,8.01,7.86,8.19,8.49,7.79,7.6,7.97,7.96,7.81,73.8,1,2,2.0,1,0,76.0,2.3,51.9,58.2,0,Mid,0,0,0.0
30583,Female,Pune,Tier1,ECE,Embedded,Yes,No,5.81,5.46,6.11,5.6,6.19,6.04,6.07,5.39,5.98,73.3,1,1,2.0,2,0,65.9,3.1,55.3,53.0,1,Low,0,0,0.0
16750,Female,Kolkata,Tier1,ECE,Networking,Yes,No,9.78,9.28,10.0,9.71,10.0,10.0,9.77,9.55,9.64,82.3,2,2,3.0,4,1,87.0,4.9,72.9,84.1,0,High,1,0,18.14
5712,Male,Ahmedabad,Tier2,EE,Networking,Yes,Yes,4.87,4.66,4.26,5.16,4.42,4.98,4.43,4.0,4.6,58.1,0,0,0.0,0,0,53.0,1.9,31.3,30.6,0,Low,0,0,0.0
36441,Male,Delhi,Tier1,CS,Embedded,Yes,No,10.0,9.78,10.0,10.0,9.83,10.0,10.0,10.0,10.0,88.2,3,2,3.0,4,2,71.1,3.9,72.8,76.2,0,High,1,0,18.31
42773,Male,Hyderabad,Tier2,ECE,AI,Yes,No,7.68,8.31,7.82,7.72,8.14,7.8,7.52,7.89,7.97,80.9,0,1,2.0,2,0,68.8,4.3,47.3,48.8,1,Mid,1,0,8.45
22961,Male,Bangalore,Tier2,ECE,Embedded,Yes,No,8.05,8.47,8.1,8.87,8.24,8.31,8.2,8.71,8.33,88.2,2,4,3.0,4,1,77.2,2.8,72.5,72.6,0,High,1,0,18.84
33521,Female,Mumbai,Tier2,Mechanical,Networking,No,No,8.87,9.31,8.69,8.69,9.08,9.23,8.64,9.16,8.88,59.8,0,1,1.0,1,1,65.6,3.5,49.7,46.8,0,High,1,0,18.77
32339,Female,Mumbai,Tier3,ECE,Embedded,No,No,8.18,8.53,9.02,8.18,8.27,7.97,8.57,8.1,8.42,67.4,1,1,1.0,2,0,61.5,3.1,57.5,53.6,0,High,1,0,18.24
18882,Male,Bangalore,Tier3,Mechanical,Networking,Yes,No,5.23,5.59,5.9,5.57,5.55,5.96,5.97,6.33,5.9,75.0,1,2,1.0,2,0,69.1,3.0,60.7,65.7,0,Low,0,0,0.0
1485,Male,Bangalore,Tier2,ECE,Embedded,No,No,8.66,8.27,8.44,9.32,8.84,9.02,9.67,9.14,8.73,85.8,3,2,2.0,4,2,70.9,2.8,78.5,84.9,0,High,1,0,18.94
29709,Female,Hyderabad,Tier3,Mechanical,Embedded,Yes,Yes,6.22,5.55,5.75,6.5,4.74,5.26,5.37,5.35,5.45,60.9,0,0,0.0,0,1,47.9,2.3,24.0,31.3,0,Low,0,0,0.0
3611,Female,Mumbai,Tier2,Mechanical,Embedded,Yes,No,6.84,7.06,6.87,7.56,6.66,6.27,6.79,6.62,6.7,92.9,1,2,2.0,2,0,62.5,2.2,52.8,52.8,0,Mid,1,0,10.11
11847,Female,Jaipur,Tier2,Mechanical,AI,Yes,Yes,5.34,5.46,5.12,5.33,5.47,5.22,5.22,5.57,5.3,63.0,0,0,1.0,0,0,51.5,1.6,25.6,35.5,0,Low,0,0,0.0
24067,Male,Kolkata,Tier1,Civil,Networking,No,No,6.68,6.68,6.36,6.77,6.65,6.62,6.65,7.01,6.63,85.6,2,2,3.0,3,2,95.6,4.1,69.2,53.3,1,Mid,1,0,8.49
8761,Male,Ahmedabad,Tier1,Civil,DataScience,Yes,No,7.81,8.12,7.99,7.93,7.9,7.96,8.37,8.73,8.16,84.8,2,4,3.0,3,1,98.4,4.3,55.4,75.8,1,High,1,0,22.54
35553,Male,Hyderabad,Tier3,EE,Networking,Yes,No,8.16,8.08,8.12,8.32,7.93,7.89,8.11,7.94,8.08,82.3,1,2,2.0,1,0,73.0,3.2,54.2,45.6,1,High,1,0,18.37
10370,Female,Bangalore,Tier2,Civil,Embedded,Yes,No,5.62,5.37,5.5,5.37,5.22,5.41,5.33,5.35,9.89,73.5,3,5,1.0,2,1,96.3,3.0,99.9,58.2,1,Low,0,1,0.0
2465,Male,Chennai,Tier2,ECE,Networking,No,No,8.39,8.53,8.12,7.82,8.08,7.77,7.69,7.95,7.91,81.9,1,1,2.0,2,1,74.3,3.2,59.3,51.7,0,Mid,1,0,8.87
42172,Male,Bangalore,Tier2,EE,AI,Yes,No,7.23,7.72,8.15,7.39,7.52,7.32,7.53,7.78,7.44,71.6,1,2,2.0,2,1,56.2,3.4,64.6,67.0,0,Mid,1,0,8.92
35907,Male,Hyderabad,Tier2,Civil,DataScience,No,No,6.84,7.22,7.28,8.09,6.88,7.15,7.59,7.68,7.32,100.0,1,4,3.0,4,2,82.3,2.7,60.4,100.0,1,Mid,1,0,8.56
9390,Male,Hyderabad,Tier1,Mechanical,Networking,No,No,6.49,6.15,6.11,6.77,5.68,6.38,6.09,6.51,6.24,75.7,0,2,2.0,2,0,63.0,2.2,53.2,61.5,0,Low,0,0,0.0
28176,Male,Delhi,Tier2,Civil,Embedded,No,Yes,7.46,7.71,7.42,7.71,7.95,7.89,7.54,7.49,7.7,80.0,1,2,1.0,2,1,61.2,2.5,48.6,50.9,1,Mid,0,0,0.0
46340,Male,Bangalore,Tier1,ECE,Embedded,No,No,9.76,9.95,10.0,10.0,10.0,10.0,10.0,9.88,9.79,82.2,1,3,3.0,3,2,82.3,4.0,86.7,67.4,1,High,1,0,25.52
11164,Male,Mumbai,Tier2,ECE,AI,No,No,6.21,5.47,5.6,6.28,5.56,6.22,5.68,5.75,5.71,76.9,0,2,2.0,1,1,64.0,3.4,50.6,49.6,0,Low,0,0,0.0
48267,Female,Pune,Tier2,ECE,Embedded,Yes,No,8.98,9.22,9.43,9.67,9.64,9.37,9.36,9.4,9.36,66.4,2,4,3.0,4,1,84.4,3.8,68.7,65.4,1,High,1,0,25.34
10759,Male,Ahmedabad,Tier1,CS,Networking,Yes,No,9.15,9.28,9.51,9.82,9.9,9.61,9.43,9.74,9.87,87.0,3,5,3.0,4,1,99.8,2.9,98.9,72.6,1,High,1,1,18.57
45755,Male,Chennai,Tier1,Mechanical,Embedded,Yes,No,8.63,9.18,9.08,8.35,9.1,8.98,9.04,9.0,8.98,78.1,1,3,3.0,2,1,86.0,3.7,89.7,76.9,1,High,1,0,22.24
37079,Female,Bangalore,Tier3,Mechanical,Networking,Yes,No,5.27,5.6,5.1,5.42,5.2,5.24,5.87,5.69,5.34,70.2,1,3,1.0,1,1,75.3,3.6,56.4,42.5,1,Low,0,0,0.0
23503,Male,Ahmedabad,Tier2,CS,Embedded,No,Yes,6.63,6.96,7.11,7.43,7.54,7.35,7.36,7.17,7.29,83.7,0,1,1.0,3,1,66.4,4.2,52.0,52.2,1,Mid,0,0,0.0
38333,Male,Kochi,Tier3,CS,DataScience,No,No,5.21,4.72,4.68,4.95,4.92,4.53,4.6,4.42,4.78,63.3,0,1,0.0,1,1,42.3,3.2,33.1,30.9,1,Low,0,0,0.0
28618,Female,Hyderabad,Tier2,CS,Networking,Yes,Yes,6.88,6.2,6.77,6.55,6.54,6.17,6.49,6.21,6.47,60.0,1,1,0.0,0,0,51.2,2.3,30.1,32.1,0,Low,0,0,0.0
37795,Male,Delhi,Tier3,Civil,Networking,Yes,No,5.22,5.48,5.34,5.07,5.1,4.8,5.26,4.68,5.18,62.1,1,0,1.0,0,0,41.3,2.0,34.8,26.3,0,Low,0,0,0.0
5565,Female,Chennai,Tier3,ECE,Networking,Yes,No,5.73,5.03,5.32,5.92,5.14,5.33,5.33,5.23,5.4,62.5,0,2,1.0,1,0,41.4,1.8,21.1,33.9,0,Low,0,0,0.0
5908,Male,Kolkata,Tier1,CS,AI,Yes,No,8.19,8.11,7.75,7.52,7.59,8.24,8.18,7.97,7.74,62.8,1,0,2.0,2,1,69.2,3.4,63.4,48.2,0,Mid,1,0,8.57
31305,Female,Kolkata,Tier3,CS,Networking,Yes,No,6.96,6.74,6.75,6.63,6.35,7.02,6.7,6.87,6.66,88.7,0,2,2.0,1,0,65.0,3.3,52.2,60.5,1,Mid,0,0,0.0
23182,Female,Ahmedabad,Tier2,CS,AI,Yes,No,5.61,5.07,5.2,5.57,5.69,5.65,5.66,5.55,5.63,74.2,1,2,2.0,1,0,69.1,2.9,50.3,47.5,1,Low,0,0,0.0
37740,Male,Hyderabad,Tier2,Mechanical,Embedded,Yes,No,4.63,5.75,4.91,5.64,5.02,5.06,5.55,4.8,5.02,70.6,0,0,0.0,1,0,46.4,1.8,26.0,30.3,0,Low,0,0,0.0
33790,Female,Bangalore,Tier2,ECE,Embedded,Yes,Yes,8.29,8.1,8.45,8.21,8.13,8.31,8.85,8.39,8.24,68.0,1,2,1.0,1,0,77.2,2.6,59.5,57.6,0,High,1,0,18.89
7443,Male,Delhi,Tier2,CS,AI,No,Yes,9.36,8.85,8.87,9.25,9.64,8.64,8.98,9.73,9.06,97.3,2,2,3.0,4,2,63.9,5.0,77.6,67.9,0,High,1,0,18.04
7475,Female,Bangalore,Tier2,EE,DataScience,Yes,No,5.94,5.3,5.94,6.03,6.09,5.08,5.31,5.76,5.77,86.7,0,3,2.0,2,0,73.0,3.0,63.2,53.0,1,Low,0,0,0.0
24964,Female,Delhi,Tier3,ECE,Embedded,Yes,Yes,5.41,5.16,5.66,5.12,5.24,5.17,4.69,5.16,5.03,64.1,0,1,0.0,0,1,59.5,1.7,31.1,32.7,0,Low,0,0,0.0
49172,Male,Ahmedabad,Tier2,ECE,Embedded,No,No,4.82,4.82,4.48,4.83,4.9,4.74,5.2,4.9,4.69,94.0,2,2,2.0,3,2,74.9,4.0,75.2,64.2,1,Low,1,0,5.71
35528,Male,Kochi,Tier2,Civil,Embedded,Yes,No,8.23,8.65,8.39,7.97,8.06,8.13,8.08,8.28,8.25,73.3,1,2,1.0,1,1,73.4,2.7,37.8,59.9,0,High,1,0,18.81
20377,Female,Hyderabad,Tier2,ECE,Embedded,No,No,6.58,6.39,6.76,6.34,6.5,5.82,5.75,6.69,6.4,91.9,0,2,1.0,1,0,74.6,3.8,55.5,39.2,1,Low,0,0,0.0
46011,Male,Mumbai,Tier2,CS,DataScience,Yes,Yes,5.71,6.06,5.75,6.03,5.86,5.9,6.0,5.65,5.86,61.2,1,0,0.0,0,0,53.2,2.3,27.1,30.3,0,Low,0,0,0.0
41548,Male,Bangalore,Tier1,IT,DataScience,Yes,No,8.63,9.18,8.81,8.89,8.63,9.1,9.25,9.22,8.93,85.1,2,3,2.0,4,1,80.6,4.3,84.5,72.4,1,High,1,0,22.37
26459,Male,Hyderabad,Tier1,IT,AI,Yes,No,9.08,10.0,9.37,9.48,9.62,9.58,9.55,10.0,9.58,90.2,2,4,2.0,3,2,88.6,5.0,76.3,74.4,1,High,1,0,25.08
20874,Female,Delhi,Tier3,IT,AI,Yes,No,6.59,6.07,6.88,6.46,6.19,7.24,6.62,6.44,6.42,71.9,1,1,1.0,1,1,68.3,3.8,55.1,55.9,1,Low,1,0,5.54
20484,Female,Ahmedabad,Tier3,Mechanical,Networking,No,Yes,5.45,5.55,5.64,5.73,5.8,5.92,5.31,5.79,5.5,64.0,1,2,2.0,2,1,68.5,3.8,61.6,62.7,1,Low,0,0,0.0
44856,Male,Ahmedabad,Tier3,Civil,Embedded,Yes,No,7.3,7.66,7.05,7.1,6.74,7.46,6.85,6.83,7.13,63.1,0,0,1.0,0,0,39.4,1.8,29.6,32.7,0,Mid,0,0,0.0
14762,Female,Jaipur,Tier2,IT,Embedded,No,No,5.57,5.36,5.04,5.0,5.46,5.05,5.53,4.89,5.08,67.4,1,0,0.0,0,0,52.4,1.4,32.2,29.0,0,Low,0,0,0.0
44158,Female,Delhi,Tier3,Civil,Embedded,Yes,Yes,7.03,6.87,7.09,6.63,6.74,7.43,7.25,6.41,6.87,61.9,0,1,0.0,0,0,52.7,1.8,34.4,34.6,0,Mid,0,0,0.0
47178,Male,Ahmedabad,Tier1,Mechanical,AI,Yes,No,9.89,9.59,10.0,10.0,10.0,10.0,10.0,10.0,9.85,90.5,1,4,4.0,3,2,72.7,3.4,75.3,60.3,1,High,1,0,25.77
31532,Female,Pune,Tier2,IT,AI,No,No,6.91,6.97,6.9,6.9,7.52,7.0,7.47,7.45,7.21,78.0,2,2,2.0,1,0,66.3,2.2,52.0,59.1,1,Mid,1,0,8.79
25679,Female,Mumbai,Tier1,CS,AI,Yes,No,7.26,6.7,7.02,7.13,7.06,7.03,6.86,7.47,7.09,70.9,1,2,1.0,1,1,60.7,2.0,43.7,38.6,0,Mid,1,0,8.15
9849,Male,Hyderabad,Tier1,CS,AI,No,No,8.28,8.86,8.71,8.96,8.91,8.7,9.1,9.57,9.03,69.2,1,1,1.0,1,0,61.2,3.6,51.7,60.6,1,High,1,0,25.32
10599,Male,Delhi,Tier2,Mechanical,Embedded,Yes,No,10.0,9.88,10.0,10.0,10.0,10.0,10.0,10.0,10.0,81.8,3,3,3.0,3,2,74.4,3.2,93.6,80.2,1,High,1,0,25.32
4525,Male,Bangalore,Tier3,ECE,Networking,No,No,4.99,4.69,4.81,4.57,4.44,4.27,4.67,4.04,4.54,56.2,1,0,1.0,0,0,48.4,1.2,27.5,28.0,0,Low,0,0,0.0
46201,Female,Ahmedabad,Tier2,ECE,Networking,No,No,6.07,5.31,5.53,6.12,6.17,6.12,5.76,5.79,9.85,67.5,3,5,2.0,1,1,98.6,3.4,96.9,52.8,1,Low,0,1,0.0
6516,Male,Bangalore,Tier1,ECE,Embedded,No,No,8.1,8.22,7.82,7.84,8.46,8.49,8.27,9.0,8.3,75.8,2,3,3.0,2,1,64.4,3.8,81.2,83.7,1,High,1,0,22.4
25695,Female,Bangalore,Tier1,CS,AI,Yes,No,8.61,8.77,9.31,8.83,9.05,9.13,9.19,9.02,9.03,92.7,3,2,1.0,2,2,68.3,5.0,61.4,74.5,0,High,1,0,18.67
42358,Male,Chennai,Tier3,EE,Networking,No,Yes,4.99,4.9,4.85,5.39,5.16,5.25,5.2,4.47,4.85,59.6,1,0,1.0,1,0,61.7,1.5,28.8,28.0,0,Low,0,0,0.0
12286,Female,Kochi,Tier1,CS,Embedded,Yes,No,5.77,5.26,5.2,6.27,5.86,6.1,5.61,5.36,5.65,60.8,1,3,2.0,3,0,81.1,3.3,61.7,53.3,0,Low,1,0,4.25
11016,Male,Bangalore,Tier2,CS,Networking,Yes,Yes,4.71,4.06,4.43,4.59,4.0,4.0,4.11,4.0,4.28,54.6,0,0,0.0,0,0,44.5,1.3,24.9,29.1,0,Low,0,0,0.0
46616,Male,Bangalore,Tier3,ECE,Networking,Yes,No,8.2,7.94,7.69,8.34,7.55,8.13,8.17,7.73,7.9,71.2,0,2,3.0,3,0,75.6,3.4,49.8,43.8,1,Mid,1,0,12.44
27601,Male,Bangalore,Tier1,CS,AI,Yes,No,9.55,9.7,10.0,10.0,10.0,10.0,10.0,10.0,10.0,88.4,1,4,2.0,4,1,90.3,3.4,99.9,86.0,1,High,1,0,25.09
46865,Male,Pune,Tier2,Civil,DataScience,Yes,No,6.43,5.76,6.74,6.29,6.19,6.05,5.66,5.75,6.16,70.9,0,1,0.0,1,0,37.9,2.8,28.7,34.5,1,Low,0,0,0.0
29802,Female,Kolkata,Tier3,CS,DataScience,Yes,No,6.69,6.4,7.11,6.58,5.83,6.85,6.88,6.93,6.83,84.1,1,2,1.0,2,0,67.8,2.6,39.1,56.3,0,Mid,1,0,8.93
18876,Male,Hyderabad,Tier3,Mechanical,Networking,Yes,No,7.29,7.49,7.56,7.95,7.35,6.83,7.3,6.76,7.27,72.4,1,1,0.0,0,0,46.4,2.1,27.7,29.7,0,Mid,0,0,0.0
12794,Male,Pune,Tier2,Civil,Networking,No,Yes,6.67,7.12,5.69,6.46,6.1,5.99,6.12,6.57,6.32,67.2,0,0,1.0,0,0,36.7,1.0,28.0,28.8,0,Low,0,0,0.0
5740,Female,Mumbai,Tier2,CS,Embedded,Yes,Yes,7.8,7.64,7.72,7.34,7.27,7.74,7.5,7.28,7.72,83.1,1,2,2.0,2,0,70.0,3.3,59.2,50.3,0,Mid,1,0,8.57
737,Male,Hyderabad,Tier2,IT,DataScience,Yes,No,6.13,6.72,6.79,6.02,6.51,6.48,6.92,6.77,6.68,68.2,1,1,2.0,1,0,69.3,2.3,56.4,42.5,0,Mid,0,0,0.0
25430,Male,Mumbai,Tier2,CS,AI,No,No,8.18,8.58,8.16,8.89,8.28,8.81,8.58,8.63,8.64,76.4,1,2,2.0,1,1,60.0,4.0,51.8,41.8,1,High,1,0,18.0
30966,Male,Chennai,Tier3,Civil,Networking,Yes,Yes,5.6,5.43,5.86,5.88,5.16,5.6,4.75,4.84,5.37,59.7,0,1,1.0,1,0,53.3,1.8,31.7,27.3,0,Low,0,0,0.0
19971,Female,Hyderabad,Tier1,ECE,Embedded,No,No,7.02,6.7,6.72,7.08,7.13,6.99,6.64,7.14,6.84,80.9,2,4,2.0,3,1,77.8,4.6,89.3,75.7,1,Mid,1,0,8.71
46484,Female,Kochi,Tier1,Mechanical,Networking,Yes,Yes,8.19,7.37,7.27,7.48,8.52,7.47,7.42,7.04,7.54,84.3,1,1,2.0,1,1,54.7,2.8,56.2,43.9,0,Mid,1,0,8.55
2625,Female,Mumbai,Tier1,Civil,Networking,Yes,No,6.82,6.37,6.82,7.33,6.31,6.94,6.46,6.63,6.72,80.8,2,1,1.0,2,1,77.2,4.4,48.2,53.5,0,Mid,1,0,10.13
6955,Male,Mumbai,Tier3,Civil,AI,No,Yes,4.07,4.54,4.0,4.34,4.08,4.0,4.03,4.09,4.06,68.9,1,1,0.0,1,0,50.1,2.1,25.1,32.2,0,Low,0,0,0.0
27657,Female,Hyderabad,Tier1,CS,DataScience,No,No,7.52,7.28,7.33,7.77,8.02,7.51,7.79,7.42,7.89,70.4,0,2,1.0,1,0,84.7,2.8,70.1,47.2,0,Mid,1,0,8.85
23478,Female,Chennai,Tier2,CS,Networking,Yes,No,8.06,8.36,8.33,7.83,8.56,8.4,8.93,8.36,8.41,82.8,2,3,1.0,2,1,79.8,4.3,91.2,82.5,1,High,1,0,22.12
21493,Male,Jaipur,Tier2,CS,DataScience,No,No,7.99,7.52,7.1,6.85,6.6,6.97,6.93,7.44,7.11,78.6,1,2,1.0,2,0,71.1,2.9,50.3,38.6,0,Mid,1,0,8.84
37083,Male,Kolkata,Tier2,ECE,DataScience,Yes,Yes,6.4,6.29,6.52,5.95,6.29,6.25,5.84,6.2,6.17,74.9,0,0,0.0,1,0,54.5,1.6,22.6,30.7,0,Low,0,0,0.0
37058,Female,Chennai,Tier2,EE,Embedded,Yes,No,6.49,6.85,7.52,7.1,7.13,7.04,7.47,6.96,7.19,80.8,1,2,2.0,2,1,65.4,5.0,36.9,49.1,0,Mid,1,0,8.16
13096,Female,Chennai,Tier3,Civil,Networking,No,No,6.77,7.07,6.65,7.56,6.31,7.02,6.74,6.95,6.88,63.1,1,1,2.0,0,0,47.0,2.0,32.5,27.8,0,Mid,0,0,0.0
42858,Female,Mumbai,Tier2,IT,Embedded,Yes,Yes,5.12,5.18,5.2,4.95,5.26,4.68,5.46,5.49,5.25,70.7,1,2,2.0,2,1,74.4,3.1,47.3,52.5,1,Low,0,0,0.0
29729,Male,Bangalore,Tier1,Mechanical,Networking,No,No,10.0,10.0,10.0,9.75,10.0,9.86,10.0,10.0,9.98,84.6,3,5,4.0,3,2,98.0,4.7,99.2,72.5,1,High,1,1,25.26
8478,Male,Hyderabad,Tier3,Mechanical,Embedded,Yes,No,6.66,5.73,6.38,6.34,6.09,6.35,6.44,6.3,6.27,81.4,1,3,2.0,2,0,66.8,2.5,48.0,51.8,1,Low,1,0,5.33
30170,Male,Kolkata,Tier2,CS,Networking,Yes,No,5.88,6.2,6.68,6.54,6.17,6.68,6.7,6.62,6.49,89.0,2,2,2.0,4,1,99.8,3.8,70.4,66.2,1,Low,1,0,6.25
18973,Female,Mumbai,Tier1,CS,AI,Yes,No,8.64,8.23,8.76,8.43,8.37,8.37,8.31,8.67,8.31,75.8,1,1,2.0,2,0,61.1,3.1,50.6,57.9,0,High,1,0,18.49
10735,Female,Hyderabad,Tier2,CS,Networking,No,No,8.58,8.34,8.22,8.31,8.51,8.34,8.34,7.72,8.34,75.0,1,2,2.0,2,1,52.6,3.0,46.7,43.3,0,High,1,0,18.53
2212,Female,Mumbai,Tier3,CS,AI,Yes,No,5.74,5.83,6.43,5.7,5.67,5.83,6.08,5.89,5.87,61.5,0,1,0.0,0,0,51.2,2.4,27.3,30.1,0,Low,0,0,0.0
38742,Female,Chennai,Tier1,ECE,DataScience,Yes,No,9.76,9.41,9.07,9.9,10.0,9.94,9.83,9.46,9.84,94.4,1,3,2.0,3,1,83.2,5.0,79.8,75.1,0,High,1,0,18.57
27452,Male,Pune,Tier1,CS,AI,Yes,No,7.01,7.24,7.18,7.1,7.37,6.93,7.85,7.91,7.1,84.9,0,3,3.0,3,2,97.3,4.4,85.4,72.9,1,Mid,1,0,8.16
31211,Female,Mumbai,Tier2,IT,Networking,Yes,No,8.45,8.31,8.1,8.71,7.93,8.01,8.47,7.64,8.29,77.0,0,2,3.0,1,0,75.9,2.4,53.8,63.6,1,High,1,0,18.15
32078,Female,Delhi,Tier3,Mechanical,Networking,No,No,4.0,4.16,4.0,4.0,4.0,4.0,4.0,4.0,4.0,60.5,0,0,0.0,1,0,36.8,2.0,30.7,26.0,0,Low,0,0,0.0
18305,Female,Chennai,Tier1,ECE,Embedded,No,No,5.88,6.48,6.23,5.94,6.07,6.39,6.35,5.83,6.2,71.1,1,1,2.0,2,0,57.6,4.3,53.0,54.0,0,Low,1,0,3.6
13671,Male,Mumbai,Tier1,ECE,DataScience,Yes,No,7.38,7.41,7.23,7.01,6.8,7.38,7.77,7.44,7.35,86.1,2,2,3.0,3,2,71.0,5.0,76.3,80.4,1,Mid,1,0,9.45
3289,Female,Chennai,Tier2,CS,Networking,Yes,No,4.89,4.4,4.05,4.48,4.75,5.03,4.5,4.87,4.45,52.4,0,1,1.0,0,0,57.9,1.4,33.3,35.1,1,Low,0,0,0.0
47083,Male,Mumbai,Tier2,ECE,DataScience,No,No,8.31,7.4,7.56,7.61,7.56,7.73,7.43,7.18,7.58,73.2,1,2,2.0,2,1,71.0,3.5,53.9,47.2,0,Mid,1,0,8.09
48364,Male,Bangalore,Tier2,CS,Networking,No,No,7.38,7.83,7.51,7.48,7.76,7.34,7.89,7.48,7.63,83.8,2,3,2.0,3,1,96.2,4.7,68.4,75.7,0,Mid,1,0,12.55
31993,Female,Hyderabad,Tier2,Mechanical,Embedded,Yes,No,6.19,6.24,6.29,6.88,6.83,6.17,6.12,6.28,6.36,73.2,1,2,2.0,1,0,60.7,2.7,48.0,52.7,0,Low,1,0,3.19
38021,Female,Chennai,Tier1,ECE,DataScience,No,Yes,5.96,5.78,5.98,5.81,6.09,6.03,6.11,6.29,5.87,84.4,1,2,2.0,3,1,77.6,4.9,79.6,63.3,1,Low,1,0,5.95
26165,Male,Pune,Tier1,Civil,Embedded,No,No,7.74,7.63,7.63,8.18,7.74,7.68,7.35,7.47,7.71,85.8,2,3,4.0,2,2,69.2,4.9,71.0,72.1,0,Mid,1,0,12.8
12533,Female,Bangalore,Tier2,EE,Networking,No,No,8.9,8.28,8.47,8.8,9.16,8.83,8.71,8.78,8.6,91.7,2,3,4.0,3,1,74.8,4.5,88.2,87.8,1,High,1,0,22.45
408,Male,Delhi,Tier1,Mechanical,DataScience,No,No,7.64,7.34,6.74,7.24,7.43,7.29,7.91,7.52,7.33,99.7,1,4,2.0,3,1,77.7,3.8,81.6,66.7,1,Mid,1,0,8.49
48608,Male,Delhi,Tier3,EE,AI,Yes,No,5.64,4.99,5.9,5.21,5.6,4.95,5.0,4.3,5.31,60.7,0,1,1.0,0,0,41.2,2.1,31.4,20.1,0,Low,0,0,0.0
26367,Female,Mumbai,Tier3,CS,Embedded,Yes,Yes,5.19,5.24,5.56,5.13,4.83,5.08,5.18,4.51,5.12,52.3,1,1,1.0,0,0,42.5,1.5,26.6,30.5,0,Low,0,0,0.0
33090,Male,Bangalore,Tier2,EE,Embedded,Yes,No,7.87,8.73,8.71,7.98,8.4,8.4,7.93,8.71,8.4,71.3,1,2,1.0,1,0,74.0,2.6,62.2,59.7,1,High,1,0,18.63
10158,Female,Chennai,Tier2,IT,AI,No,Yes,8.89,9.06,8.69,8.89,9.56,9.17,9.35,9.46,8.96,94.9,2,3,3.0,2,2,66.9,3.8,86.9,61.0,0,High,1,0,18.36
17165,Female,Jaipur,Tier2,CS,AI,Yes,No,5.63,5.81,5.66,5.69,5.7,5.77,5.21,5.76,5.63,61.8,1,0,0.0,1,0,50.3,2.1,26.7,25.1,1,Low,0,0,0.0
27176,Female,Mumbai,Tier2,ECE,Embedded,Yes,No,6.9,6.45,6.37,5.99,6.59,6.46,6.49,6.15,6.51,81.3,1,1,2.0,1,1,70.2,1.9,49.0,48.5,0,Mid,0,0,0.0
17898,Female,Delhi,Tier3,ECE,AI,No,No,5.24,5.46,5.44,4.68,4.99,4.85,4.72,4.39,5.1,59.6,1,1,0.0,0,0,57.0,2.1,32.6,28.3,0,Low,0,0,0.0
22473,Female,Kolkata,Tier3,ECE,Embedded,Yes,No,5.16,5.2,5.45,5.37,5.03,5.48,4.85,4.76,5.02,63.9,1,0,0.0,0,0,45.1,2.4,21.8,37.3,1,Low,0,0,0.0
5229,Female,Pune,Tier1,CS,AI,Yes,No,9.16,9.34,9.66,9.51,9.6,9.32,9.86,9.9,9.42,76.4,2,4,3.0,3,1,75.0,4.6,88.7,65.1,0,High,1,0,18.94
344,Male,Bangalore,Tier3,ECE,DataScience,Yes,No,5.37,5.94,5.58,5.28,5.49,5.42,5.73,5.51,5.63,72.7,1,1,2.0,2,0,64.7,2.7,52.7,58.0,1,Low,0,0,0.0
48980,Male,Chennai,Tier1,IT,DataScience,Yes,No,8.09,8.84,8.85,8.64,8.65,9.24,8.74,8.8,8.62,76.6,2,3,2.0,2,2,80.7,4.9,77.8,63.3,1,High,1,0,22.85
20217,Female,Pune,Tier1,CS,AI,No,No,4.94,5.89,4.97,5.3,5.36,4.98,5.3,4.94,5.15,72.4,1,1,2.0,3,1,67.9,3.0,49.6,58.3,1,Low,1,0,5.52
23414,Male,Bangalore,Tier3,EE,DataScience,Yes,No,5.35,5.32,5.61,5.03,5.12,5.35,4.99,4.87,5.12,71.7,1,0,0.0,0,0,39.2,2.6,23.3,31.9,0,Low,0,0,0.0
47947,Male,Delhi,Tier3,IT,AI,Yes,Yes,5.51,4.86,5.68,5.44,5.37,5.17,5.49,4.94,4.4,52.38138584,1,0,1.0,0,0,33.2,2.0,3.0,28.4,0,Low,0,1,0.0
7238,Female,Bangalore,Tier3,ECE,Networking,Yes,No,4.84,4.13,4.54,4.25,4.78,4.02,4.0,4.27,4.2,56.1,0,1,1.0,0,0,57.8,1.6,25.6,31.3,0,Low,0,0,0.0
31867,Female,Mumbai,Tier3,Mechanical,Networking,No,No,7.18,7.18,6.96,6.38,6.91,7.2,6.58,7.41,6.82,83.6,0,2,2.0,1,1,74.2,3.2,59.9,52.7,1,Mid,1,0,8.69
47975,Male,Kochi,Tier3,ECE,AI,Yes,Yes,6.29,6.46,6.4,5.62,5.38,5.55,6.22,6.41,5.89,64.7,1,0,0.0,0,0,50.3,1.8,28.6,24.0,0,Low,0,0,0.0
22777,Male,Delhi,Tier2,ECE,Networking,Yes,No,7.58,7.16,7.94,8.03,7.33,7.74,8.18,7.59,7.75,93.9,1,2,2.0,1,1,54.6,3.2,50.7,48.3,0,Mid,1,0,10.67
17378,Male,Bangalore,Tier2,IT,Networking,No,No,7.25,6.57,7.11,7.1,7.18,6.83,7.2,7.29,7.0,77.2,1,1,2.0,2,0,73.8,3.5,46.4,50.2,0,Mid,1,0,8.46
26295,Male,Bangalore,Tier1,CS,Embedded,Yes,No,6.06,6.44,5.98,6.23,6.48,6.58,6.78,7.01,6.5,63.7,1,2,2.0,2,1,82.1,3.8,41.8,59.6,1,Low,1,0,5.39
7252,Female,Bangalore,Tier3,CS,AI,No,No,6.59,6.17,6.36,5.79,6.35,6.58,6.18,5.98,6.33,59.3,1,1,0.0,1,0,49.2,2.2,21.0,33.2,0,Low,0,0,0.0
25225,Female,Jaipur,Tier2,EE,Embedded,Yes,No,8.57,8.78,8.7,9.24,9.08,9.2,9.01,9.07,8.94,74.4,0,2,2.0,1,1,60.1,3.9,55.9,47.3,0,High,1,0,18.97
26541,Male,Bangalore,Tier3,CS,DataScience,No,Yes,6.94,6.63,6.87,7.19,6.04,6.5,6.69,6.04,6.56,83.9,1,2,2.0,2,0,70.4,2.8,73.0,64.3,1,Mid,1,0,8.04
7432,Male,Chennai,Tier1,EE,Networking,No,No,7.72,8.26,7.78,8.16,8.27,8.03,7.65,8.16,8.07,94.9,0,2,1.0,2,0,63.4,3.6,52.7,41.3,0,High,1,0,18.35
44160,Female,Pune,Tier1,Civil,Networking,No,No,8.65,8.98,9.23,8.79,8.36,9.17,8.91,8.65,8.7,100.0,1,3,2.0,3,1,72.5,2.6,67.8,74.2,1,High,1,0,18.48
9119,Female,Kochi,Tier3,ECE,Embedded,No,Yes,6.19,7.25,6.28,6.73,6.51,6.4,6.5,6.69,6.49,60.6,0,0,1.0,0,1,50.0,2.0,23.1,24.2,0,Low,0,0,0.0
32805,Male,Hyderabad,Tier1,CS,Networking,Yes,No,9.63,10.0,9.91,9.83,10.0,9.82,10.0,10.0,9.92,79.1,2,3,3.0,3,1,98.3,3.3,83.4,64.4,1,High,1,0,25.38
45950,Male,Kolkata,Tier2,Civil,DataScience,Yes,No,6.04,5.22,6.05,6.23,5.85,6.15,5.86,5.79,5.92,65.6,0,1,1.0,1,1,69.2,3.6,46.3,46.1,0,Low,0,0,0.0
34108,Female,Bangalore,Tier3,EE,Networking,No,No,5.17,5.24,5.57,5.09,5.37,5.33,4.68,5.24,5.27,70.2,0,2,2.0,2,0,67.8,3.4,55.4,47.7,0,Low,0,0,0.0
19722,Female,Pune,Tier1,Mechanical,Embedded,No,No,7.67,7.18,6.94,7.7,7.18,7.58,7.7,7.2,7.31,79.8,2,3,3.0,4,0,69.7,3.4,75.6,75.6,1,Mid,1,0,8.15
38371,Male,Mumbai,Tier2,CS,AI,Yes,No,8.45,8.74,8.57,8.77,8.76,9.14,9.21,9.36,8.77,92.0,1,3,3.0,4,2,86.0,2.2,78.9,75.7,1,High,1,0,18.6
12557,Male,Bangalore,Tier1,CS,Embedded,Yes,No,6.29,6.6,5.93,6.06,6.4,5.57,5.92,6.55,6.12,73.9,1,1,1.0,1,1,82.8,2.7,51.2,56.5,0,Low,0,0,0.0
27205,Male,Jaipur,Tier1,Civil,Networking,Yes,No,9.69,9.8,9.75,10.0,10.0,10.0,10.0,10.0,10.0,94.8,2,3,3.0,3,1,85.8,3.5,91.7,76.4,0,High,1,0,18.55
39090,Female,Bangalore,Tier3,EE,AI,No,Yes,5.76,6.57,6.42,5.83,6.59,6.12,5.98,6.12,6.27,50.0,0,1,0.0,0,1,39.4,2.4,26.3,29.6,0,Low,0,0,0.0
8192,Male,Hyderabad,Tier2,IT,AI,No,No,5.21,6.17,5.85,5.39,5.75,5.21,5.53,5.33,5.68,92.9,1,2,2.0,2,0,64.2,3.5,58.3,51.6,1,Low,0,0,0.0
14280,Male,Chennai,Tier2,IT,Embedded,No,Yes,4.06,4.0,4.0,4.12,4.25,4.28,4.33,4.44,4.35,81.0,1,2,0.0,3,0,65.6,3.3,59.5,48.1,0,Low,0,0,0.0
7673,Male,Hyderabad,Tier3,ECE,DataScience,No,Yes,5.96,5.25,4.96,5.41,5.13,4.89,5.18,5.04,5.22,65.5,0,0,1.0,0,0,45.0,1.7,30.1,30.4,0,Low,0,0,0.0
39901,Male,Kolkata,Tier2,ECE,Networking,No,Yes,5.32,5.11,5.39,5.09,4.62,5.39,4.92,4.52,4.93,59.5,0,1,1.0,0,0,47.0,1.9,32.4,21.6,1,Low,0,0,0.0
36779,Female,Pune,Tier1,Mechanical,Networking,No,No,9.84,9.36,9.91,9.72,9.5,9.96,9.81,9.64,9.62,84.9,1,2,2.0,4,2,95.7,3.6,65.6,61.9,1,High,1,0,25.86
43653,Male,Chennai,Tier1,CS,AI,Yes,No,6.95,6.61,6.99,6.7,6.72,6.75,7.34,6.96,7.05,85.6,3,3,2.0,4,1,90.8,3.9,88.7,75.9,1,Mid,1,0,12.44
17760,Male,Hyderabad,Tier2,CS,AI,Yes,No,8.67,8.84,8.51,8.53,9.47,8.38,8.6,8.98,8.61,83.7,2,4,4.0,3,1,94.9,4.6,92.7,75.5,0,High,1,0,18.21
48384,Male,Chennai,Tier1,Civil,Embedded,No,No,7.67,8.52,8.15,7.85,7.68,7.75,8.38,7.8,7.91,99.4,2,3,3.0,4,1,85.4,4.9,71.0,70.1,1,Mid,1,0,8.37
19262,Female,Jaipur,Tier2,CS,AI,Yes,Yes,6.98,6.44,5.98,5.64,5.67,5.7,6.22,5.87,6.1,60.7,1,0,0.0,0,0,45.8,2.7,31.1,31.2,1,Low,0,0,0.0
45076,Male,Pune,Tier2,ECE,AI,Yes,No,10.0,10.0,10.0,9.86,10.0,10.0,10.0,10.0,10.0,86.0,2,3,3.0,3,2,88.5,4.5,82.5,74.2,0,High,1,0,18.47
19558,Female,Kolkata,Tier1,CS,Embedded,Yes,No,7.96,8.14,8.52,7.98,8.66,8.33,7.9,8.71,8.07,91.0,2,3,3.0,3,1,88.6,4.2,88.3,79.0,1,High,1,0,22.06
19273,Female,Hyderabad,Tier1,Civil,Networking,Yes,No,7.07,6.95,7.43,6.79,7.22,7.69,7.2,6.82,7.16,92.7,2,2,3.0,1,2,99.8,3.3,91.7,92.7,1,Mid,1,0,8.08
40677,Female,Jaipur,Tier2,ECE,Embedded,No,No,7.62,7.68,7.61,7.59,7.5,7.33,7.75,8.06,7.71,73.5,1,2,2.0,2,0,67.6,3.0,57.9,56.0,0,Mid,1,0,8.74
5569,Female,Mumbai,Tier3,Mechanical,Networking,No,No,5.64,4.69,4.61,4.98,4.88,5.16,4.95,4.9,5.05,59.8,0,1,0.0,0,0,54.2,2.2,29.4,22.9,0,Low,0,0,0.0
19285,Male,Hyderabad,Tier2,ECE,Networking,Yes,No,6.77,6.75,6.38,7.07,6.77,6.55,6.68,7.23,6.85,60.4,1,2,1.0,2,1,57.0,2.6,53.5,49.9,1,Mid,0,0,0.0
17875,Male,Jaipur,Tier3,ECE,Embedded,No,No,6.93,6.52,6.79,6.98,6.53,6.79,7.0,6.77,6.77,82.3,1,2,2.0,3,0,77.2,2.4,47.4,58.2,1,Mid,0,0,0.0
3162,Male,Hyderabad,Tier1,IT,DataScience,Yes,No,8.25,8.33,8.22,8.07,8.07,8.57,8.92,9.22,8.52,91.8,2,2,3.0,4,1,83.8,4.8,67.6,76.6,1,High,1,0,22.8
24546,Male,Kochi,Tier2,CS,DataScience,Yes,No,6.75,7.04,6.47,6.68,6.7,6.94,7.62,6.77,6.8,89.9,1,2,2.0,3,0,74.9,2.6,52.2,54.3,0,Mid,1,0,8.68
49218,Male,Kolkata,Tier3,IT,DataScience,No,No,5.56,5.79,5.54,5.54,5.31,5.69,4.88,4.77,5.38,65.9,0,0,1.0,1,1,50.6,2.5,34.8,20.1,1,Low,0,0,0.0
1132,Female,Kolkata,Tier3,ECE,DataScience,No,No,6.68,6.64,6.76,6.93,7.29,6.88,6.96,6.9,6.89,83.9,1,2,1.0,1,0,79.1,3.6,74.2,53.5,1,Mid,1,0,8.87
24565,Male,Hyderabad,Tier2,ECE,Embedded,No,Yes,7.5,7.17,7.4,7.17,6.97,7.45,6.96,7.29,7.07,57.8,0,1,0.0,0,0,45.4,2.7,28.2,27.0,0,Mid,0,0,0.0
31149,Male,Ahmedabad,Tier2,CS,DataScience,No,No,6.57,6.3,6.36,6.43,6.08,5.94,6.14,6.69,6.3,78.7,1,2,1.0,2,0,73.5,2.9,52.0,59.8,1,Low,1,0,5.51
31492,Male,Jaipur,Tier3,IT,Networking,No,Yes,8.12,7.94,7.83,7.78,8.15,7.98,7.8,7.98,8.03,77.0,1,2,1.0,1,1,71.2,2.4,47.1,55.3,1,High,0,0,18.66
37517,Female,Hyderabad,Tier1,CS,DataScience,Yes,No,9.18,9.78,9.37,9.76,9.84,9.46,9.51,10.0,9.45,86.7,2,4,2.0,3,1,88.4,5.0,76.7,82.8,0,High,1,0,18.5
35420,Male,Chennai,Tier1,CS,AI,No,No,9.45,9.09,8.93,9.04,8.86,9.31,9.62,9.48,9.14,78.2,2,2,3.0,4,2,79.2,4.7,92.5,79.9,1,High,1,0,25.16
24870,Female,Chennai,Tier3,CS,Embedded,Yes,No,7.35,7.58,7.45,6.91,6.99,7.33,6.88,6.86,7.19,59.3,0,0,0.0,1,0,38.8,2.4,24.3,21.5,0,Mid,0,0,0.0
27525,Female,Mumbai,Tier1,Civil,Networking,Yes,No,7.92,7.94,8.05,8.28,7.41,7.99,8.28,8.33,7.92,79.9,2,3,3.0,4,1,63.8,4.3,89.2,67.7,1,Mid,1,0,8.97
28196,Female,Jaipur,Tier1,Civil,Networking,Yes,Yes,7.87,7.54,8.35,8.51,8.37,8.5,8.58,7.93,8.06,84.1,2,3,3.0,4,1,77.7,3.6,71.2,78.1,1,High,1,0,22.96
25031,Male,Hyderabad,Tier2,Mechanical,AI,Yes,No,5.41,5.96,5.15,5.56,5.85,5.43,5.32,5.04,5.43,75.9,1,2,1.0,2,0,69.7,2.6,55.9,56.0,1,Low,0,0,0.0
23401,Female,Kolkata,Tier2,Civil,DataScience,No,Yes,6.47,6.0,6.21,5.84,6.13,6.23,6.78,6.19,6.22,79.0,1,2,1.0,2,1,82.3,3.4,57.1,50.1,1,Low,0,0,0.0
22731,Male,Kochi,Tier2,CS,Networking,Yes,No,9.26,9.44,9.29,8.97,9.04,9.02,9.11,9.06,9.06,84.0,1,2,1.0,1,1,77.5,3.0,55.7,54.3,0,High,1,0,18.47
39274,Male,Chennai,Tier3,ECE,Networking,Yes,No,5.94,5.86,5.77,5.88,5.84,5.31,6.17,5.51,5.72,58.9,0,1,1.0,0,0,43.5,1.9,28.2,22.9,0,Low,0,0,0.0
49189,Female,Mumbai,Tier1,IT,DataScience,No,No,9.13,8.67,8.94,9.08,9.07,8.8,9.65,9.48,9.26,96.5,1,2,2.0,3,2,71.0,5.0,76.0,76.9,1,High,1,0,25.5
34884,Female,Chennai,Tier2,EE,Networking,No,Yes,5.65,5.11,5.58,5.36,5.42,5.99,5.29,5.3,5.46,85.4,0,2,2.0,3,0,62.0,2.9,47.7,41.7,1,Low,0,0,0.0
18968,Female,Mumbai,Tier2,CS,AI,No,No,6.67,7.12,7.05,7.41,6.99,7.32,7.26,7.62,7.17,86.6,2,3,3.0,3,1,83.7,4.7,85.7,72.0,1,Mid,1,0,8.45
47711,Male,Pune,Tier3,CS,AI,No,No,5.98,6.33,5.8,6.17,5.76,5.35,5.39,5.66,5.8,53.7,0,1,0.0,0,0,45.6,2.6,33.0,28.4,1,Low,0,0,0.0
26754,Male,Bangalore,Tier2,CS,AI,Yes,No,8.5,8.15,8.92,9.22,9.05,8.42,8.45,9.44,8.81,77.3,1,3,2.0,3,1,78.5,3.7,78.5,92.4,0,High,1,0,18.13
40653,Male,Pune,Tier1,Mechanical,Embedded,Yes,No,7.88,8.04,8.12,8.62,8.47,7.85,8.48,8.24,8.27,73.0,1,2,1.0,2,0,62.0,2.7,55.7,48.5,1,High,1,0,18.56
3050,Female,Jaipur,Tier1,Civil,AI,Yes,No,9.18,10.0,9.11,9.54,10.0,9.67,10.0,9.95,9.75,92.9,2,3,4.0,4,2,76.7,4.4,78.8,73.6,1,High,1,0,25.52
8746,Male,Ahmedabad,Tier3,IT,AI,Yes,No,6.24,6.39,6.43,6.02,5.99,5.95,6.03,6.18,6.19,68.6,0,3,2.0,1,0,60.4,3.0,49.7,62.7,0,Low,0,0,0.0
4746,Female,Jaipur,Tier1,EE,AI,No,No,8.91,8.67,9.24,9.07,9.52,8.77,9.33,9.0,8.84,94.4,2,3,3.0,3,2,75.6,4.6,99.1,70.4,1,High,1,0,22.12
9195,Male,Bangalore,Tier2,Mechanical,Embedded,No,Yes,6.3,7.2,7.31,7.01,7.1,6.43,6.56,6.4,6.88,54.0,0,1,0.0,1,0,48.3,2.0,26.2,29.4,0,Mid,0,0,0.0
7614,Male,Delhi,Tier1,CS,DataScience,Yes,No,5.47,4.77,4.68,4.91,4.97,4.88,5.2,5.27,5.01,82.7,1,2,2.0,3,1,66.3,2.5,57.3,42.6,1,Low,0,0,0.0
46148,Male,Mumbai,Tier3,CS,DataScience,Yes,No,7.38,7.27,6.35,7.3,7.47,6.85,7.0,7.22,7.03,72.6,0,1,1.0,1,0,72.4,2.1,42.6,51.9,0,Mid,1,0,8.72
20016,Female,Bangalore,Tier3,Mechanical,Embedded,No,No,5.08,4.22,5.18,5.31,4.31,4.92,5.29,4.66,5.05,51.6,0,0,1.0,0,0,47.0,2.7,26.5,32.5,0,Low,0,0,0.0
44979,Male,Pune,Tier2,ECE,DataScience,Yes,Yes,9.23,9.19,9.08,9.23,9.32,9.27,8.65,9.16,9.15,78.3,1,1,2.0,2,1,72.9,3.1,50.7,61.2,0,High,1,0,18.78
17973,Female,Bangalore,Tier2,CS,Embedded,No,No,7.4,7.77,7.24,7.71,7.91,7.95,7.62,8.08,7.62,90.8,2,3,2.0,2,2,66.2,4.0,74.4,76.5,1,Mid,1,0,8.44
22513,Male,Kolkata,Tier2,IT,DataScience,Yes,No,4.37,4.67,4.12,4.4,4.23,4.0,4.05,4.02,4.2,58.1,0,0,0.0,0,0,46.2,1.5,32.5,27.5,1,Low,0,0,0.0
24394,Male,Bangalore,Tier2,ECE,Embedded,Yes,No,6.51,6.67,6.97,7.17,6.91,7.07,6.88,6.88,6.92,80.4,2,4,2.0,4,2,86.0,3.1,79.9,72.6,1,Mid,1,0,8.49
28355,Male,Bangalore,Tier2,ECE,DataScience,Yes,No,5.44,6.04,6.03,5.68,4.95,5.78,5.44,5.82,5.56,68.9,0,0,0.0,0,0,43.3,2.0,27.5,38.1,0,Low,0,0,0.0
7004,Male,Delhi,Tier3,CS,DataScience,Yes,No,6.17,6.2,6.6,6.37,6.39,6.29,6.77,6.74,6.39,69.9,1,1,2.0,2,0,58.6,3.9,43.6,54.6,1,Low,1,0,5.14
35264,Male,Jaipur,Tier1,ECE,DataScience,No,No,9.13,8.85,8.9,9.5,9.23,9.19,8.78,9.16,9.16,86.7,2,3,3.0,3,1,90.8,4.3,69.5,72.5,1,High,1,0,25.09
39996,Male,Kochi,Tier2,EE,Embedded,Yes,No,7.24,6.88,7.16,6.62,6.99,7.38,7.16,6.69,6.95,66.7,1,2,2.0,2,0,62.2,3.2,60.8,46.1,1,Mid,1,0,8.01
174,Male,Ahmedabad,Tier2,EE,Networking,No,No,9.06,8.44,9.28,8.99,8.7,10.0,9.01,8.96,9.0,98.3,2,2,2.0,3,1,73.4,4.3,70.0,83.5,1,High,1,0,18.71
19902,Male,Hyderabad,Tier1,EE,DataScience,Yes,No,8.58,8.63,9.07,8.65,8.91,9.18,8.91,9.28,8.94,95.9,1,2,4.0,3,1,72.5,4.5,84.4,69.2,0,High,1,0,18.97
46794,Male,Ahmedabad,Tier2,CS,AI,Yes,No,6.34,6.81,6.1,6.43,6.68,7.32,6.66,6.31,6.6,64.1,1,2,1.0,1,1,65.6,3.1,45.4,48.4,0,Mid,1,0,8.14
13014,Male,Hyderabad,Tier1,ECE,AI,No,No,7.53,7.07,6.77,7.3,6.81,7.1,7.17,7.06,9.92,97.1,3,5,2.0,4,2,97.6,3.3,97.4,70.9,1,Mid,1,1,8.78
15801,Male,Kochi,Tier1,CS,AI,No,No,4.67,5.03,4.64,5.38,5.57,5.24,5.14,5.13,4.41,53.97912839,1,2,2.0,1,0,37.5,2.7,0.7,56.9,0,Low,0,1,0.0
45751,Male,Hyderabad,Tier2,EE,Networking,No,No,7.01,6.84,6.51,7.24,6.83,6.97,6.55,7.46,6.75,65.7,1,2,1.0,2,0,62.0,4.0,52.3,42.0,1,Mid,1,0,8.33
16296,Male,Pune,Tier2,Civil,Networking,Yes,No,9.88,9.74,10.0,10.0,10.0,10.0,10.0,10.0,9.95,90.2,3,4,3.0,3,1,68.3,3.6,73.9,72.6,1,High,1,0,25.83
29308,Female,Jaipur,Tier1,Civil,DataScience,No,No,4.98,5.07,5.34,5.54,5.28,5.21,5.28,5.21,5.19,77.4,1,2,2.0,2,1,76.2,3.4,60.4,33.8,1,Low,1,0,4.46
22178,Male,Hyderabad,Tier2,ECE,DataScience,Yes,No,5.89,5.98,5.7,6.71,6.73,6.93,6.44,6.65,6.43,95.8,2,2,3.0,3,1,90.8,5.0,68.9,65.7,1,Low,1,0,6.24
16752,Male,Delhi,Tier3,CS,AI,No,No,8.69,7.9,8.62,8.28,8.59,8.15,8.54,8.63,8.3,78.9,1,2,1.0,1,1,75.5,3.5,51.9,56.8,0,High,1,0,18.52
18699,Male,Ahmedabad,Tier1,CS,DataScience,No,No,10.0,9.2,9.6,9.08,9.65,9.66,9.65,9.63,9.51,93.9,1,2,4.0,2,2,77.7,4.9,77.6,90.2,1,High,1,0,25.32
39388,Female,Mumbai,Tier2,CS,DataScience,Yes,No,6.37,6.5,6.58,6.5,6.56,6.61,6.54,6.39,6.48,63.0,1,2,1.0,2,0,71.1,2.5,61.1,47.1,1,Low,1,0,4.76
32977,Female,Jaipur,Tier2,ECE,DataScience,Yes,No,10.0,9.55,9.56,10.0,10.0,9.67,9.71,10.0,9.73,90.9,1,3,3.0,4,1,84.5,3.6,60.0,73.8,1,High,1,0,25.37
5837,Male,Hyderabad,Tier3,EE,Networking,Yes,No,5.72,5.19,5.61,5.48,6.04,5.37,5.64,5.33,5.49,63.0,1,0,0.0,1,0,51.6,2.4,28.0,31.1,0,Low,0,0,0.0
39625,Male,Mumbai,Tier3,Mechanical,Embedded,No,Yes,7.06,6.33,6.58,6.62,6.85,7.15,6.34,6.96,6.72,59.0,0,0,0.0,1,0,46.1,1.5,31.9,29.0,0,Mid,0,0,0.0
30505,Female,Kochi,Tier1,IT,DataScience,No,No,7.33,7.39,7.15,7.05,6.99,7.16,7.57,7.28,7.33,83.9,1,2,2.0,2,0,77.9,3.0,56.8,59.8,1,Mid,1,0,10.26
40916,Female,Delhi,Tier3,CS,DataScience,Yes,No,6.83,6.84,7.06,7.21,7.05,7.02,6.46,6.89,6.89,76.4,1,3,1.0,2,1,69.8,3.0,60.3,52.0,0,Mid,1,0,8.45
40654,Female,Jaipur,Tier1,ECE,AI,Yes,No,9.01,9.2,9.2,9.38,9.29,9.44,9.01,9.51,9.31,97.8,3,1,2.0,3,2,87.2,4.3,65.2,75.7,0,High,1,0,18.14
24106,Male,Jaipur,Tier2,CS,AI,Yes,No,6.29,6.56,6.04,6.18,6.11,6.8,6.34,5.49,6.42,78.5,0,2,0.0,2,1,60.6,3.2,54.8,66.3,0,Low,1,0,3.28
30535,Male,Jaipur,Tier2,ECE,DataScience,Yes,No,4.14,4.99,4.5,4.4,4.0,4.0,4.17,4.16,4.29,55.1,0,1,0.0,1,1,48.8,1.3,28.1,30.4,1,Low,0,0,0.0
28397,Male,Pune,Tier3,Civil,Embedded,No,Yes,5.56,5.31,5.73,5.27,5.78,5.43,5.42,5.68,5.53,84.3,1,2,2.0,2,1,78.4,3.1,66.3,55.0,1,Low,0,0,0.0
801,Male,Hyderabad,Tier2,EE,Networking,Yes,No,8.92,8.21,8.32,8.78,8.88,8.6,8.43,8.23,8.66,78.7,0,2,1.0,2,0,77.7,2.4,45.6,48.9,0,High,1,0,18.94
34941,Female,Delhi,Tier2,CS,DataScience,No,Yes,7.29,7.1,7.53,7.64,7.2,6.99,7.01,7.28,7.18,76.9,0,2,1.0,2,0,77.6,3.4,59.6,54.4,1,Mid,1,0,8.63
40232,Female,Kochi,Tier1,Mechanical,DataScience,No,No,5.01,4.29,5.12,4.87,5.04,4.79,4.79,5.25,5.1,83.2,2,4,3.0,4,0,88.5,3.5,84.1,63.4,1,Low,1,0,5.76
10414,Female,Pune,Tier1,CS,Networking,Yes,No,7.46,8.2,8.31,8.59,8.04,8.27,8.02,8.6,8.27,100.0,1,3,3.0,2,2,69.0,4.8,57.2,87.5,1,High,1,0,22.23
17972,Male,Hyderabad,Tier1,ECE,Networking,Yes,Yes,6.41,6.78,6.07,6.34,6.43,5.98,5.96,6.02,6.22,86.1,1,2,1.0,1,1,72.0,2.7,47.5,58.8,1,Low,0,0,0.0
44277,Male,Ahmedabad,Tier2,IT,DataScience,Yes,No,4.57,4.91,5.33,4.88,5.25,4.83,5.17,4.84,4.97,79.2,1,3,1.0,1,0,49.2,1.4,55.2,57.0,0,Low,0,0,0.0
42494,Male,Kolkata,Tier2,CS,DataScience,Yes,No,6.48,6.45,5.84,6.6,6.56,6.56,6.18,6.69,6.38,81.4,1,1,1.0,2,0,65.0,3.4,45.3,55.2,0,Low,1,0,3.92
23554,Male,Chennai,Tier1,ECE,Networking,Yes,No,7.45,7.99,8.2,7.74,8.79,8.02,8.67,8.18,8.36,99.3,2,4,3.0,3,2,86.2,4.4,80.1,73.6,1,High,1,0,22.52
32692,Female,Ahmedabad,Tier3,Mechanical,Embedded,Yes,No,6.64,6.19,5.87,6.53,6.6,6.15,5.75,5.74,6.17,54.2,1,1,0.0,1,0,47.2,1.0,28.5,38.2,1,Low,0,0,0.0
19823,Male,Hyderabad,Tier3,ECE,Embedded,No,Yes,4.45,4.36,4.93,4.07,4.55,4.37,4.41,4.18,4.37,54.9,0,1,1.0,0,0,43.9,1.4,27.0,29.8,0,Low,0,0,0.0
44730,Male,Bangalore,Tier2,Civil,AI,Yes,No,7.65,7.61,7.58,7.76,7.17,8.04,7.67,7.61,7.65,77.5,1,1,1.0,2,1,59.0,2.2,52.5,58.6,1,Mid,0,0,0.0
17228,Male,Hyderabad,Tier1,Mechanical,DataScience,Yes,No,6.63,6.54,6.61,6.14,6.59,6.1,6.34,6.81,6.39,56.7,1,2,1.0,2,0,79.3,2.4,54.0,56.3,1,Low,0,0,0.0
26566,Male,Kolkata,Tier3,ECE,DataScience,Yes,Yes,4.65,4.94,5.65,4.76,5.46,4.63,4.82,4.83,4.93,62.1,0,0,0.0,1,0,39.1,2.0,28.2,27.4,0,Low,0,0,0.0
7561,Male,Ahmedabad,Tier2,ECE,AI,Yes,No,5.64,5.49,5.78,5.49,5.91,5.63,5.8,5.5,5.6,86.3,1,2,2.0,1,0,78.3,4.2,59.5,49.7,0,Low,1,0,3.72
41020,Male,Ahmedabad,Tier1,CS,DataScience,Yes,No,8.2,8.44,8.25,8.74,8.8,8.66,8.76,9.2,8.57,88.0,2,3,3.0,3,1,77.2,4.0,85.6,66.8,1,High,1,0,22.74
28957,Male,Pune,Tier2,ECE,AI,Yes,Yes,4.91,5.33,5.4,5.01,4.65,4.74,4.44,4.49,4.88,56.8,1,1,0.0,0,1,42.7,1.7,27.6,35.3,1,Low,0,0,0.0
40155,Female,Pune,Tier3,Mechanical,Networking,Yes,Yes,5.42,5.5,5.17,5.0,5.97,6.04,5.68,5.55,5.55,61.6,0,0,1.0,1,0,47.0,2.9,28.6,30.3,0,Low,0,0,0.0
14218,Male,Delhi,Tier1,IT,Networking,No,No,8.15,8.6,8.46,8.99,8.37,9.09,8.88,8.99,8.72,87.7,2,3,2.0,3,1,90.5,3.0,77.3,93.1,1,High,1,0,18.33
8469,Male,Bangalore,Tier2,Civil,DataScience,No,No,10.0,10.0,10.0,9.86,10.0,9.78,10.0,10.0,9.95,88.6,3,4,3.0,2,2,82.7,2.7,88.8,66.8,1,High,1,0,18.1
21921,Female,Delhi,Tier2,ECE,Embedded,Yes,No,9.97,10.0,10.0,10.0,10.0,9.99,10.0,10.0,10.0,97.8,2,3,2.0,3,1,94.5,4.9,100.0,74.8,1,High,1,0,25.96
9599,Female,Chennai,Tier1,Mechanical,Embedded,Yes,No,6.64,7.14,6.98,6.64,6.19,7.5,6.72,7.16,6.83,95.6,2,4,3.0,3,2,70.7,4.2,60.9,65.5,1,Mid,1,0,8.23
28714,Male,Mumbai,Tier2,IT,AI,Yes,No,8.06,7.41,7.57,7.64,7.3,7.55,7.32,7.67,7.41,63.6,0,1,1.0,1,1,66.8,3.0,60.4,56.9,0,Mid,0,0,0.0
25409,Male,Bangalore,Tier2,ECE,DataScience,Yes,No,6.5,6.54,6.34,6.54,6.65,6.29,6.56,6.38,6.46,77.7,1,2,1.0,2,0,67.9,2.6,51.6,53.6,0,Low,0,0,0.0
49197,Male,Kolkata,Tier1,ECE,Networking,Yes,No,7.2,7.42,7.04,7.65,7.46,7.79,7.09,7.46,7.41,78.3,1,1,2.0,1,0,75.2,3.0,56.6,53.7,1,Mid,1,0,8.96
26734,Female,Mumbai,Tier3,Mechanical,Networking,No,No,6.97,7.26,6.3,6.78,6.62,6.73,5.75,6.86,6.64,55.9,0,1,1.0,0,0,50.2,2.3,29.4,27.8,1,Mid,0,0,0.0
18687,Female,Kochi,Tier1,CS,Networking,Yes,No,7.15,7.34,7.61,7.35,7.35,7.35,7.9,7.55,7.39,77.2,1,2,2.0,2,0,67.1,3.7,50.0,43.0,0,Mid,1,0,8.74
16650,Male,Pune,Tier2,Mechanical,Networking,No,No,8.86,9.53,9.35,8.77,9.49,9.56,9.41,9.67,9.29,100.0,1,4,4.0,4,1,84.7,2.6,56.8,88.9,1,High,1,0,18.45
42826,Female,Bangalore,Tier2,ECE,AI,No,No,9.88,9.86,10.0,10.0,10.0,9.99,10.0,10.0,9.81,69.3,2,4,2.0,2,2,69.7,4.2,84.7,75.4,0,High,1,0,18.62
25404,Male,Kochi,Tier1,Civil,Networking,Yes,No,5.8,5.01,5.36,4.65,5.56,5.29,5.15,5.59,5.43,84.1,1,2,2.0,1,0,78.3,2.2,57.4,55.6,1,Low,0,0,0.0
24603,Female,Delhi,Tier2,Civil,DataScience,No,No,8.14,8.42,8.59,8.67,8.4,8.61,8.46,8.65,8.4,62.0,0,2,1.0,2,1,78.4,3.2,57.3,52.2,1,High,1,0,22.19
49247,Male,Hyderabad,Tier3,CS,DataScience,No,Yes,5.15,5.08,5.06,5.3,4.92,4.42,4.78,4.3,4.61,59.2,1,1,1.0,0,0,48.1,1.7,32.4,35.1,0,Low,0,0,0.0
42943,Female,Jaipur,Tier3,ECE,Embedded,No,No,5.77,5.56,5.49,5.36,5.5,5.52,5.82,5.41,5.51,60.6,1,0,0.0,0,0,45.8,1.6,36.0,32.2,0,Low,0,0,0.0
39968,Male,Hyderabad,Tier2,Mechanical,AI,No,No,8.14,9.03,8.65,8.5,8.93,8.22,8.66,8.73,8.66,85.7,1,3,4.0,4,2,81.6,3.8,84.9,59.2,1,High,1,0,22.61
2800,Female,Hyderabad,Tier2,CS,DataScience,Yes,No,8.56,8.03,8.35,8.46,8.38,8.49,8.41,8.6,8.39,84.1,2,4,2.0,2,1,83.0,3.8,83.2,74.7,1,High,1,0,22.56
24809,Female,Delhi,Tier2,IT,Embedded,No,Yes,4.8,5.65,5.4,5.51,5.69,5.18,5.8,5.77,5.52,74.0,1,2,1.0,1,0,73.4,3.4,54.3,48.9,0,Low,0,0,0.0
45055,Female,Bangalore,Tier1,Civil,Embedded,No,No,7.14,7.12,7.13,7.71,6.99,6.65,7.39,6.9,7.12,80.4,1,3,4.0,4,1,90.0,4.7,72.9,70.9,0,Mid,1,0,8.24
21132,Male,Jaipur,Tier2,Mechanical,AI,Yes,No,7.55,7.47,7.39,7.88,8.12,7.94,8.02,7.81,7.83,92.2,2,4,2.0,4,2,89.1,3.5,91.3,82.5,0,Mid,1,0,8.65
11602,Male,Pune,Tier3,CS,AI,No,Yes,4.23,4.98,4.71,4.93,4.86,4.48,4.71,4.83,4.67,66.3,0,1,1.0,1,0,46.4,1.6,25.5,32.6,0,Low,0,0,0.0
3789,Female,Mumbai,Tier1,CS,Networking,Yes,No,7.93,7.87,8.21,8.27,8.52,8.22,9.02,8.55,8.49,66.8,2,3,3.0,3,1,91.6,4.4,75.6,67.5,1,High,1,0,22.78
22893,Female,Delhi,Tier2,Mechanical,Embedded,Yes,Yes,6.86,7.02,6.93,7.47,6.71,6.91,7.09,7.16,6.92,73.4,1,1,2.0,3,1,53.8,4.0,50.8,52.0,0,Mid,1,0,8.41
33902,Male,Hyderabad,Tier2,CS,DataScience,No,No,6.35,6.27,5.88,6.32,6.6,6.84,6.13,6.33,6.32,79.9,0,1,1.0,2,0,64.8,2.2,57.4,54.1,0,Low,0,0,0.0
13619,Male,Bangalore,Tier1,ECE,Embedded,Yes,No,10.0,9.0,9.55,9.35,8.95,9.67,9.78,9.69,9.53,89.3,1,3,3.0,4,2,88.3,3.1,74.2,70.6,1,High,1,0,25.88
46297,Male,Hyderabad,Tier2,CS,DataScience,No,No,6.59,6.26,6.08,6.79,6.57,6.88,6.68,6.65,6.44,71.7,1,3,1.0,2,1,66.6,3.1,50.5,46.3,1,Low,1,0,4.66
45452,Male,Bangalore,Tier1,CS,Embedded,Yes,No,7.27,8.18,8.07,7.65,7.82,7.89,7.41,7.73,7.82,71.6,1,2,2.0,2,0,67.9,2.5,51.6,44.2,0,Mid,1,0,8.41
29834,Female,Chennai,Tier2,EE,Embedded,No,Yes,6.66,6.54,6.43,6.33,6.46,6.39,6.2,7.04,6.7,79.0,2,2,1.0,1,1,73.3,2.2,53.7,50.6,0,Mid,0,0,0.0
1669,Male,Hyderabad,Tier2,EE,Networking,Yes,No,8.0,8.02,7.66,7.89,8.12,7.8,8.2,7.75,8.0,89.8,2,2,4.0,4,2,72.3,2.9,63.3,76.5,1,Mid,1,0,8.36
8248,Male,Delhi,Tier3,ECE,AI,No,No,5.69,5.52,5.5,5.41,5.5,6.01,5.5,5.89,5.59,73.2,1,1,2.0,2,1,77.5,2.4,50.1,53.7,1,Low,0,0,0.0
23293,Male,Mumbai,Tier1,Civil,Networking,No,No,4.91,5.21,5.55,5.18,5.78,5.71,5.29,5.61,5.42,75.7,1,1,2.0,1,1,62.1,3.2,61.7,60.6,1,Low,1,0,6.37
15799,Male,Kochi,Tier1,ECE,DataScience,Yes,No,9.35,9.11,9.37,9.66,9.45,9.27,9.9,9.59,9.32,78.5,3,3,3.0,4,1,92.7,5.0,89.9,71.8,1,High,1,0,25.59
31329,Male,Hyderabad,Tier1,Mechanical,DataScience,No,No,5.12,5.73,6.11,5.33,5.01,5.18,4.81,5.66,5.47,72.6,1,1,1.0,2,0,56.7,3.6,61.9,59.7,1,Low,0,0,0.0
21044,Female,Ahmedabad,Tier3,Civil,Networking,Yes,No,4.57,4.51,4.46,4.15,4.38,4.36,4.13,4.19,4.33,54.4,0,0,1.0,0,0,34.8,2.0,28.1,35.3,0,Low,0,0,0.0
29168,Male,Mumbai,Tier3,CS,DataScience,Yes,No,6.16,5.75,6.33,6.1,6.2,5.83,5.64,6.04,5.96,79.1,0,2,2.0,1,1,68.3,3.5,45.8,59.3,0,Low,1,0,5.14
48246,Male,Chennai,Tier2,Civil,Embedded,No,No,5.67,5.2,5.35,5.31,4.84,4.98,4.55,5.07,5.27,64.1,0,1,1.0,0,1,46.5,1.8,27.3,30.1,0,Low,0,0,0.0
34523,Male,Kochi,Tier2,IT,DataScience,No,No,7.79,7.79,7.5,7.63,7.39,7.84,7.97,8.23,7.7,87.3,1,2,2.0,2,1,69.5,1.7,56.0,45.3,0,Mid,0,0,0.0
49896,Female,Mumbai,Tier2,CS,DataScience,Yes,No,7.9,7.54,8.28,7.68,7.41,7.73,7.56,8.07,7.77,77.2,1,2,2.0,2,0,62.0,2.7,61.3,49.7,0,Mid,1,0,8.23
26877,Male,Hyderabad,Tier1,ECE,AI,No,No,6.08,6.67,5.7,6.21,6.09,6.13,5.92,6.47,6.03,84.5,1,2,3.0,2,0,62.3,3.0,52.7,54.7,1,Low,0,0,0.0
14500,Female,Pune,Tier2,CS,AI,Yes,No,8.66,9.31,8.69,8.64,9.23,9.3,8.84,9.24,8.95,99.6,1,1,2.0,1,1,66.2,3.2,56.5,47.1,0,High,1,0,18.39
36252,Male,Hyderabad,Tier3,IT,Networking,No,Yes,6.93,6.28,6.53,6.42,6.24,6.09,6.47,6.47,6.37,65.3,0,1,2.0,1,0,46.4,2.5,23.9,28.9,1,Low,0,0,0.0
29575,Male,Kochi,Tier2,Mechanical,Networking,No,No,8.6,8.36,8.4,8.21,8.17,8.27,8.37,7.83,8.48,72.8,0,1,2.0,3,0,53.6,2.9,67.7,54.5,0,High,1,0,18.85
39974,Male,Hyderabad,Tier3,Civil,Embedded,Yes,No,7.26,7.27,7.15,7.04,7.93,7.21,6.61,7.43,7.31,86.1,2,2,2.0,2,1,68.9,3.3,53.5,58.4,1,Mid,1,0,8.79
22953,Male,Bangalore,Tier2,CS,Embedded,No,No,7.61,7.83,6.96,7.58,7.14,7.51,7.62,7.57,7.46,87.8,1,1,2.0,2,0,69.3,3.1,56.4,38.9,0,Mid,1,0,8.46
3487,Male,Pune,Tier1,IT,AI,No,Yes,8.02,8.32,8.08,8.58,8.31,8.57,8.28,8.61,8.21,68.6,2,3,3.0,2,0,53.8,2.3,63.4,44.2,0,High,1,0,18.15
48173,Female,Kolkata,Tier1,Mechanical,Embedded,No,No,7.76,7.6,7.26,7.61,7.84,7.8,7.93,8.16,9.75,72.7,3,5,3.0,3,1,97.3,4.8,99.9,91.9,1,Mid,1,1,8.43
48697,Male,Pune,Tier2,EE,Embedded,Yes,No,8.46,8.64,8.32,8.33,8.97,8.84,8.27,8.78,8.56,84.5,1,2,3.0,3,2,92.9,3.8,75.4,73.2,1,High,1,0,22.02
20706,Male,Hyderabad,Tier3,Mechanical,Embedded,Yes,No,5.24,5.41,5.52,5.13,4.59,4.57,4.68,5.19,5.06,50.0,0,0,1.0,0,0,50.5,2.6,33.1,29.6,0,Low,0,0,0.0
10065,Female,Kolkata,Tier2,ECE,Networking,No,No,6.23,6.9,7.1,7.36,6.84,6.87,7.49,7.26,7.18,83.1,1,4,4.0,3,1,81.5,3.9,65.7,53.9,1,Mid,1,0,8.77
25407,Male,Bangalore,Tier2,EE,Embedded,Yes,No,8.85,8.29,8.65,8.73,8.15,9.36,8.57,8.69,8.53,91.2,2,3,3.0,3,1,84.3,4.0,75.1,66.0,0,High,1,0,18.77
17105,Male,Bangalore,Tier2,IT,DataScience,Yes,No,7.27,6.94,7.08,6.62,7.34,7.46,7.43,7.68,6.92,74.8,2,3,3.0,2,2,87.8,4.8,85.2,73.9,0,Mid,1,0,8.6
10477,Female,Hyderabad,Tier2,CS,DataScience,No,No,7.74,8.19,7.67,7.43,7.71,7.72,8.38,8.29,7.71,76.5,2,3,2.0,3,1,91.4,3.4,84.5,85.8,1,Mid,1,0,8.67
40255,Male,Chennai,Tier3,CS,Embedded,Yes,No,7.55,6.6,7.51,7.62,7.08,6.37,7.44,7.02,7.07,56.6,0,1,0.0,1,0,41.0,1.3,36.6,29.6,1,Mid,0,0,0.0
7380,Male,Bangalore,Tier2,CS,DataScience,Yes,Yes,8.21,8.38,8.75,8.45,8.06,8.24,8.26,8.25,8.43,95.3,2,3,3.0,2,2,78.9,5.0,76.7,77.0,1,High,1,0,22.46
39589,Female,Pune,Tier2,EE,Networking,Yes,No,5.61,5.53,5.86,5.5,5.8,5.83,6.03,5.93,5.63,77.2,1,1,2.0,1,0,80.9,2.9,46.0,51.8,0,Low,0,0,0.0
48063,Male,Chennai,Tier2,CS,AI,Yes,No,8.38,8.28,8.34,8.25,8.97,8.29,8.07,9.19,8.46,95.3,2,4,2.0,4,1,81.2,4.5,76.2,79.9,1,High,1,0,22.58
48296,Female,Pune,Tier3,CS,DataScience,No,Yes,6.19,6.02,6.03,6.73,6.41,6.81,6.88,6.83,6.54,75.2,1,2,2.0,2,1,67.1,3.0,47.2,63.7,1,Mid,0,0,0.0
22265,Female,Pune,Tier1,CS,Networking,No,No,7.28,7.5,7.47,7.39,8.1,7.76,7.68,8.19,7.66,74.5,1,2,2.0,2,1,81.9,3.6,61.7,57.9,0,Mid,1,0,8.02
44339,Female,Kolkata,Tier1,CS,AI,Yes,No,6.84,6.22,6.54,6.76,6.04,6.91,6.36,6.47,4.11,52.89447926,1,1,2.0,2,0,30.8,3.3,6.6,53.8,1,Mid,1,1,8.73
2653,Female,Delhi,Tier3,EE,Networking,No,Yes,5.42,5.01,5.32,4.91,4.61,5.16,4.84,5.44,4.42,52.86913475,1,2,3.0,1,0,32.5,2.8,6.9,56.6,1,Low,0,1,0.0
36787,Male,Mumbai,Tier2,CS,AI,Yes,No,5.26,5.18,5.58,5.43,5.9,5.84,5.52,5.46,5.54,82.8,0,2,1.0,1,1,77.7,3.5,63.8,50.5,1,Low,0,0,0.0
32691,Female,Pune,Tier2,CS,AI,Yes,No,5.63,6.06,6.08,6.59,6.56,6.6,6.76,6.36,6.18,72.6,1,2,1.0,3,0,63.3,3.9,48.6,45.0,1,Low,1,0,4.96
39700,Male,Kochi,Tier1,Civil,Embedded,No,Yes,6.4,6.78,6.93,6.66,6.82,5.93,7.13,6.28,6.65,79.5,1,3,2.0,3,1,66.5,2.8,46.6,60.6,0,Mid,0,0,0.0
49032,Male,Mumbai,Tier3,CS,AI,Yes,Yes,8.38,8.3,8.65,8.83,7.97,8.4,8.11,8.81,8.66,82.8,1,1,2.0,1,0,73.9,3.9,51.8,60.1,0,High,1,0,18.0
9401,Male,Ahmedabad,Tier1,CS,Embedded,Yes,No,6.9,6.39,6.75,6.44,7.14,6.74,6.58,6.56,6.66,75.1,0,3,2.0,2,1,77.9,3.5,59.5,65.2,0,Mid,1,0,8.84
22780,Male,Mumbai,Tier1,CS,AI,No,Yes,6.63,6.38,6.41,5.74,6.72,5.82,6.46,6.54,6.36,78.6,0,2,2.0,2,1,57.2,2.8,56.3,64.4,0,Low,1,0,3.18
29904,Female,Hyderabad,Tier2,Civil,Embedded,Yes,No,9.92,10.0,10.0,10.0,10.0,10.0,10.0,9.84,10.0,97.6,2,4,3.0,3,1,88.3,4.9,99.8,64.9,0,High,1,0,18.18
28774,Male,Chennai,Tier2,ECE,Networking,Yes,No,9.19,9.57,9.51,9.45,9.4,9.77,10.0,9.93,9.57,89.4,2,3,2.0,3,1,82.1,4.6,71.5,58.1,0,High,1,0,18.25
25599,Female,Mumbai,Tier2,Civil,AI,Yes,No,9.18,9.24,9.1,9.17,9.09,9.78,8.92,9.28,9.07,83.5,2,4,2.0,3,1,95.7,3.0,77.6,82.7,0,High,1,0,18.24
15159,Male,Chennai,Tier1,CS,DataScience,No,No,4.72,4.93,5.01,5.6,5.25,5.27,5.09,5.38,5.16,85.9,2,3,3.0,2,1,77.7,5.0,61.8,76.2,1,Low,1,0,6.05
42213,Female,Jaipur,Tier2,EE,DataScience,Yes,No,5.87,5.8,6.34,5.98,6.04,5.71,5.37,5.86,5.9,62.2,1,2,1.0,2,1,72.8,1.9,49.9,50.1,1,Low,0,0,0.0
27620,Female,Delhi,Tier1,IT,Embedded,Yes,No,9.46,9.5,9.66,9.13,9.35,9.36,9.42,9.45,9.39,85.8,2,4,3.0,3,2,88.7,4.1,79.1,63.9,1,High,1,0,25.15
38003,Female,Chennai,Tier3,ECE,DataScience,No,No,7.8,7.6,8.05,7.98,7.75,8.5,7.72,7.79,7.71,78.7,1,2,2.0,2,0,58.4,4.4,49.1,43.9,1,Mid,1,0,10.25
22655,Female,Chennai,Tier2,CS,Networking,Yes,No,5.03,5.02,5.23,5.28,4.35,4.6,5.13,5.45,5.01,61.2,1,2,1.0,2,0,82.1,2.9,67.3,57.3,1,Low,0,0,0.0
24318,Female,Chennai,Tier1,ECE,AI,No,No,7.59,8.03,8.1,7.88,8.0,7.87,7.76,8.08,7.79,80.1,2,3,3.0,4,1,82.2,3.8,73.6,69.3,1,Mid,1,0,8.09
38926,Male,Jaipur,Tier1,CS,DataScience,No,No,6.01,6.47,6.61,6.41,6.38,6.17,6.81,6.27,6.34,69.7,1,2,1.0,2,0,60.6,3.0,60.7,49.8,1,Low,1,0,4.75
11730,Female,Hyderabad,Tier1,ECE,DataScience,Yes,No,8.17,8.28,8.2,8.27,8.11,8.36,8.52,8.13,8.24,85.9,2,4,2.0,4,1,89.2,3.6,79.7,79.4,0,High,1,0,18.97
36600,Male,Delhi,Tier3,Mechanical,Networking,No,No,6.94,6.46,6.5,6.74,6.34,7.27,6.91,6.63,6.76,59.1,1,1,1.0,2,0,67.0,2.8,57.1,43.2,0,Mid,0,0,0.0
37316,Male,Delhi,Tier1,EE,Networking,No,No,7.04,6.98,6.49,6.72,6.65,6.65,6.35,6.79,6.62,80.6,3,3,3.0,3,2,85.2,5.0,64.6,56.3,1,Mid,1,0,8.61
26823,Male,Kolkata,Tier3,Mechanical,Embedded,Yes,No,5.5,5.39,5.32,5.51,5.6,5.05,5.26,5.0,5.22,53.0,0,0,1.0,0,1,48.2,1.4,26.4,40.8,0,Low,0,0,0.0
44655,Male,Delhi,Tier2,CS,Networking,No,No,9.04,9.04,9.51,9.71,9.02,9.74,10.0,9.66,9.31,93.3,2,3,2.0,3,1,79.2,4.5,59.0,71.7,0,High,1,0,18.41
28581,Female,Kochi,Tier1,CS,AI,Yes,No,9.68,9.77,9.64,9.69,9.67,10.0,9.49,10.0,4.16,54.55318701,2,2,2.0,3,2,33.6,2.5,0.4,72.7,1,High,1,1,18.61
34977,Female,Hyderabad,Tier3,ECE,AI,Yes,No,4.59,4.45,4.14,4.03,4.0,4.0,4.0,4.0,4.29,51.5,0,0,0.0,1,0,48.3,1.0,28.4,24.4,1,Low,0,0,0.0
22652,Female,Bangalore,Tier3,Civil,Embedded,Yes,No,7.91,7.81,7.49,7.79,7.85,8.07,7.37,7.61,7.7,73.8,1,1,1.0,2,0,72.0,2.4,52.6,52.7,1,Mid,1,0,8.57
41113,Male,Hyderabad,Tier2,CS,AI,No,No,8.44,8.45,8.69,8.16,8.06,8.25,7.94,8.45,8.23,87.0,2,2,2.0,2,1,58.5,2.2,59.7,46.5,0,High,1,0,18.41
19152,Female,Pune,Tier1,Civil,Embedded,Yes,No,7.51,7.86,7.59,8.06,7.68,7.97,7.4,7.95,7.92,71.6,1,2,2.0,2,0,69.2,2.9,67.3,46.7,1,Mid,1,0,8.9
41978,Male,Bangalore,Tier3,Mechanical,Embedded,Yes,No,5.14,5.06,5.61,5.69,4.78,5.1,4.62,5.02,5.19,60.5,0,0,1.0,1,0,52.1,2.0,24.4,26.8,0,Low,0,0,0.0
2001,Male,Jaipur,Tier1,Mechanical,Networking,No,No,8.98,9.28,8.7,8.58,7.98,8.9,8.65,8.58,4.35,53.5126901,2,3,3.0,2,1,36.1,4.3,8.1,72.3,1,High,1,1,18.29
18220,Male,Kochi,Tier1,CS,Networking,Yes,No,4.26,4.78,4.99,5.0,5.16,4.59,5.18,4.95,4.99,81.5,2,2,2.0,2,1,76.7,2.5,53.1,50.4,0,Low,0,0,0.0
36113,Male,Kolkata,Tier2,CS,AI,No,No,7.44,7.87,7.37,7.73,8.22,7.51,7.55,7.66,7.68,87.5,1,2,2.0,2,0,62.8,4.0,46.8,56.8,1,Mid,1,0,8.28
25674,Female,Jaipur,Tier2,Civil,Networking,Yes,No,7.95,6.98,7.62,8.0,8.01,8.17,7.71,8.08,7.91,72.6,1,0,1.0,1,1,70.6,3.1,63.4,56.5,1,Mid,1,0,8.68
41397,Female,Kolkata,Tier2,CS,AI,No,Yes,5.81,6.29,5.98,5.13,5.97,5.84,5.92,5.34,5.8,83.8,1,2,2.0,2,1,50.6,2.8,46.4,49.7,0,Low,0,0,0.0
14403,Female,Hyderabad,Tier2,Mechanical,Embedded,Yes,No,9.94,10.0,10.0,10.0,9.93,10.0,10.0,10.0,10.0,96.6,3,3,3.0,4,1,70.5,4.8,67.5,70.2,1,High,1,0,25.16
45850,Female,Jaipur,Tier2,ECE,Embedded,No,No,5.52,5.59,6.05,5.23,5.72,5.48,5.55,5.84,5.66,65.8,2,2,1.0,2,1,72.5,2.9,40.2,45.8,0,Low,0,0,0.0
21378,Male,Hyderabad,Tier1,Civil,DataScience,Yes,No,6.2,6.93,6.62,6.7,6.84,6.86,7.13,6.78,6.7,73.5,0,2,2.0,1,1,61.9,3.9,57.2,57.7,1,Mid,1,0,8.42
21539,Female,Kochi,Tier1,EE,Embedded,Yes,No,6.25,7.25,6.58,6.83,6.93,6.81,7.39,6.97,6.87,86.7,1,2,2.0,3,1,62.6,3.0,49.2,55.5,0,Mid,1,0,8.24
9037,Female,Bangalore,Tier1,CS,DataScience,Yes,No,10.0,10.0,10.0,10.0,10.0,9.87,10.0,10.0,9.81,78.6,2,2,3.0,3,1,96.0,4.9,69.7,72.4,1,High,1,0,25.99
44532,Female,Ahmedabad,Tier2,IT,DataScience,Yes,No,7.36,7.31,7.69,8.0,7.51,7.75,7.53,6.88,7.46,80.4,1,3,2.0,3,1,75.4,4.1,86.3,85.8,0,Mid,1,0,8.9
19500,Male,Bangalore,Tier2,CS,AI,Yes,No,6.67,6.71,6.46,6.01,6.47,6.95,6.51,6.3,6.58,72.9,2,1,1.0,2,1,65.8,4.1,36.6,39.7,1,Mid,1,0,9.02
38806,Male,Hyderabad,Tier1,ECE,AI,Yes,No,8.15,8.28,8.24,8.9,8.34,8.51,8.08,8.65,8.54,80.6,1,1,2.0,1,0,70.2,2.3,62.1,51.8,1,High,1,0,18.87
6269,Female,Bangalore,Tier1,CS,Embedded,Yes,No,6.94,6.7,6.96,7.16,6.91,7.06,6.96,7.23,7.19,81.4,1,2,3.0,4,0,77.1,3.2,67.8,73.2,0,Mid,1,0,8.43
34192,Male,Hyderabad,Tier3,CS,AI,No,Yes,6.56,6.47,5.54,5.26,5.15,5.95,5.64,6.43,5.82,65.6,1,0,1.0,1,0,51.0,1.9,24.7,38.7,0,Low,0,0,0.0
15208,Male,Hyderabad,Tier1,Civil,Networking,No,No,6.66,6.85,6.58,6.47,7.54,6.98,6.92,6.91,7.05,76.3,1,1,2.0,1,1,82.9,3.3,51.7,52.0,0,Mid,0,0,0.0
46264,Female,Bangalore,Tier1,Civil,DataScience,No,No,7.86,7.76,8.16,7.78,7.7,8.04,8.26,7.79,7.88,92.8,1,2,1.0,3,2,68.9,3.4,79.0,79.4,0,Mid,1,0,8.4
38382,Male,Ahmedabad,Tier3,Civil,AI,Yes,No,5.01,4.77,4.94,4.59,4.55,4.97,4.71,4.34,4.64,61.5,0,0,0.0,0,0,45.0,2.1,23.3,25.0,1,Low,0,0,0.0
6568,Male,Ahmedabad,Tier3,IT,AI,Yes,Yes,7.09,6.92,6.28,6.46,7.11,7.21,6.83,6.82,6.77,75.3,1,1,2.0,1,0,65.2,4.0,57.6,50.9,0,Mid,0,0,0.0
12995,Male,Jaipur,Tier2,Civil,Embedded,Yes,No,8.29,8.01,7.68,8.07,7.68,7.69,7.73,7.89,7.89,77.4,2,2,1.0,1,0,64.0,2.4,61.6,50.4,0,Mid,1,0,12.62
35407,Male,Chennai,Tier2,Civil,DataScience,No,No,6.7,6.17,6.64,6.7,6.79,6.03,6.31,6.3,6.39,85.0,1,0,2.0,2,1,63.7,2.3,49.5,52.7,0,Low,1,0,6.65
49645,Male,Ahmedabad,Tier2,CS,Networking,Yes,No,6.23,5.43,5.89,6.14,5.67,6.37,6.08,6.12,5.88,79.0,1,2,2.0,1,1,60.0,3.5,59.3,44.7,0,Low,1,0,3.28
14129,Male,Ahmedabad,Tier1,CS,AI,Yes,Yes,5.52,6.15,5.48,5.81,5.65,5.47,6.01,6.05,5.81,65.6,1,2,3.0,1,0,63.4,2.6,62.2,58.5,1,Low,0,0,0.0
26769,Female,Jaipur,Tier2,IT,AI,No,No,7.51,7.98,8.08,7.76,8.24,8.42,8.5,7.96,7.92,81.6,1,2,1.0,2,0,56.0,3.1,57.6,49.8,0,Mid,1,0,8.45
7616,Male,Pune,Tier2,ECE,DataScience,Yes,No,7.91,7.45,7.48,7.63,7.48,8.01,6.99,7.38,7.57,78.0,1,2,1.0,2,0,63.2,2.9,67.0,53.0,1,Mid,1,0,8.52
32448,Male,Hyderabad,Tier2,CS,Embedded,No,No,9.55,10.0,10.0,10.0,10.0,10.0,10.0,10.0,9.86,87.1,2,3,4.0,2,0,84.2,4.5,67.7,75.1,1,High,1,0,25.12
15287,Male,Mumbai,Tier3,IT,DataScience,Yes,No,9.38,9.36,9.38,9.35,9.19,9.62,9.6,9.43,9.37,64.6,1,2,1.0,1,1,81.9,3.0,58.3,52.5,0,High,1,0,18.59
40805,Male,Hyderabad,Tier2,CS,AI,Yes,No,5.95,5.04,5.63,5.87,5.44,5.6,6.02,5.73,5.81,82.4,1,2,1.0,2,1,40.8,3.6,60.9,55.5,0,Low,0,0,0.0
24785,Male,Kolkata,Tier2,IT,AI,Yes,No,9.21,9.46,9.85,9.17,9.73,9.76,10.0,9.95,9.56,100.0,2,3,4.0,4,1,89.5,4.7,76.1,64.5,1,High,1,0,25.19
13291,Male,Bangalore,Tier2,IT,DataScience,No,No,6.81,5.95,5.88,6.49,5.93,6.62,6.4,6.19,6.24,71.2,1,2,2.0,3,0,69.5,3.4,49.4,56.5,1,Low,1,0,5.06
15135,Female,Kochi,Tier2,ECE,Embedded,Yes,No,6.84,6.66,6.65,7.31,7.01,6.84,7.21,7.57,7.07,86.5,0,2,1.0,1,1,63.8,1.8,58.6,44.9,1,Mid,0,0,0.0
11828,Male,Kochi,Tier2,ECE,Networking,Yes,No,4.02,4.16,4.01,4.0,4.28,4.21,4.0,4.29,4.18,59.2,0,1,1.0,1,1,52.6,1.9,28.3,36.1,1,Low,0,0,0.0
33493,Male,Delhi,Tier2,ECE,DataScience,No,No,9.95,9.89,9.94,9.75,9.75,9.77,9.72,10.0,10.0,77.9,1,2,3.0,3,1,81.0,4.5,64.0,79.6,0,High,1,0,18.53
37766,Male,Kolkata,Tier2,CS,Embedded,No,No,6.55,6.36,6.49,6.09,5.7,6.63,6.31,5.76,6.26,78.8,1,1,2.0,1,0,63.1,2.9,57.7,45.6,0,Low,0,0,0.0
1488,Male,Hyderabad,Tier2,ECE,DataScience,Yes,No,8.17,8.28,8.4,7.92,8.18,8.6,7.93,7.94,8.21,80.3,2,3,2.0,3,0,76.3,2.6,66.2,44.2,1,High,1,0,18.89
21420,Female,Hyderabad,Tier3,IT,AI,No,No,5.68,5.98,5.87,6.54,6.74,6.54,6.16,6.36,6.3,73.7,1,1,2.0,2,1,69.3,3.6,46.4,50.2,1,Low,0,0,0.0
29046,Male,Jaipur,Tier2,IT,Networking,Yes,No,6.52,6.07,6.59,6.96,6.98,6.69,7.17,6.91,6.8,76.4,1,3,2.0,3,2,74.7,4.8,75.3,76.3,1,Mid,1,0,8.83
26315,Female,Ahmedabad,Tier3,IT,DataScience,Yes,No,6.36,6.02,5.39,6.57,5.46,5.84,5.63,5.78,6.03,63.6,0,1,1.0,1,0,48.6,1.6,33.5,19.5,0,Low,0,0,0.0
15453,Male,Hyderabad,Tier2,ECE,DataScience,Yes,Yes,5.41,5.09,5.28,4.72,4.33,4.77,4.92,4.07,4.85,65.3,0,2,1.0,1,0,42.4,2.3,17.9,31.0,0,Low,0,0,0.0
22533,Female,Chennai,Tier3,EE,Networking,No,Yes,6.61,6.68,7.42,6.96,6.81,7.24,6.73,6.78,6.89,52.0,1,1,0.0,1,0,54.8,2.0,27.1,26.0,0,Mid,0,0,0.0
15158,Female,Bangalore,Tier1,Mechanical,Networking,No,No,6.35,6.62,6.56,6.28,6.61,5.92,7.09,6.02,6.4,84.5,0,2,2.0,2,0,63.0,2.8,59.9,48.7,0,Low,0,0,0.0
17991,Male,Bangalore,Tier2,ECE,AI,Yes,No,8.34,8.3,8.06,8.53,7.8,8.4,8.89,8.47,8.26,86.5,1,3,4.0,4,2,79.9,5.0,91.8,81.1,1,High,1,0,22.38
48345,Male,Chennai,Tier1,Civil,Networking,Yes,No,9.98,9.89,10.0,9.87,9.87,9.89,9.82,9.89,9.96,78.8,1,2,2.0,2,1,71.6,2.3,57.0,58.3,0,High,1,0,18.35
35317,Male,Bangalore,Tier1,IT,AI,No,No,5.9,5.24,5.51,5.5,4.95,6.55,6.01,6.29,5.58,85.4,1,2,2.0,1,0,73.1,3.4,76.3,53.0,0,Low,0,0,0.0
29157,Female,Mumbai,Tier1,ECE,Embedded,Yes,No,5.6,5.79,5.67,5.87,5.94,5.88,5.7,6.29,5.93,83.5,1,3,2.0,3,1,90.9,4.8,75.8,86.0,1,Low,1,0,6.1
12363,Male,Chennai,Tier2,Mechanical,Embedded,Yes,No,6.74,6.3,6.98,6.83,6.98,6.82,6.62,7.36,7.0,67.2,1,2,2.0,2,0,69.0,3.5,52.8,46.9,0,Mid,1,0,12.91
10260,Male,Kochi,Tier2,ECE,Embedded,Yes,No,9.39,9.68,9.7,9.75,9.81,9.72,10.0,9.25,9.74,79.3,1,5,3.0,3,0,87.2,4.8,60.4,82.9,1,High,1,0,25.67
33012,Female,Kolkata,Tier2,Civil,DataScience,No,No,6.89,7.09,7.12,7.0,7.77,7.49,6.51,6.54,7.13,69.0,0,0,0.0,1,0,54.4,2.4,27.2,30.2,0,Mid,0,0,0.0
13701,Male,Delhi,Tier2,Mechanical,Embedded,Yes,Yes,5.97,6.19,6.01,5.72,5.98,6.06,5.31,5.8,6.03,59.3,0,1,0.0,0,1,55.6,1.7,25.0,27.7,0,Low,0,0,0.0
37453,Male,Chennai,Tier3,IT,Networking,No,No,5.57,5.53,5.49,5.69,5.71,5.51,5.7,5.1,5.54,61.8,0,0,0.0,0,0,43.0,2.3,26.1,33.0,0,Low,0,0,0.0
1704,Male,Pune,Tier3,CS,AI,No,No,8.87,9.19,9.08,8.99,8.95,8.89,8.88,8.91,4.03,50.2389354,1,1,2.0,2,0,32.8,2.2,2.9,57.0,1,High,1,1,18.28
16732,Male,Hyderabad,Tier1,EE,Embedded,Yes,No,8.45,7.94,7.77,7.79,8.27,8.27,8.09,8.56,8.1,95.9,2,4,2.0,2,0,78.5,3.4,86.9,65.0,1,High,1,0,22.25
25486,Male,Jaipur,Tier2,ECE,Networking,Yes,No,4.08,4.69,4.72,4.4,4.56,4.95,4.75,4.35,4.47,52.1,0,1,1.0,0,0,44.3,1.3,25.9,23.6,1,Low,0,0,0.0
3913,Male,Kochi,Tier2,ECE,Embedded,No,No,10.0,10.0,9.98,10.0,10.0,9.91,9.96,10.0,9.84,76.6,2,3,3.0,1,2,60.9,4.0,63.9,92.9,0,High,1,0,18.83
7985,Male,Delhi,Tier2,Mechanical,Embedded,Yes,No,6.63,6.67,6.2,7.17,6.53,7.15,6.79,6.29,6.46,71.0,0,1,2.0,2,1,63.4,2.7,52.9,54.1,1,Low,0,0,0.0
15530,Female,Chennai,Tier3,EE,Networking,Yes,Yes,7.26,7.82,7.76,7.55,7.36,7.81,7.34,7.41,7.51,76.6,2,1,2.0,1,1,64.0,3.5,62.4,52.7,0,Mid,1,0,10.81
39239,Male,Hyderabad,Tier2,EE,Embedded,No,No,8.8,9.24,9.16,8.97,9.18,9.65,9.37,9.58,9.36,85.8,1,2,2.0,1,0,71.0,2.6,58.9,37.7,1,High,1,0,18.82
13890,Male,Delhi,Tier2,EE,Embedded,Yes,Yes,6.09,6.61,5.85,6.05,6.05,6.01,5.79,6.45,6.04,74.1,1,2,2.0,1,0,77.8,3.4,54.9,55.8,0,Low,0,0,0.0
37008,Male,Delhi,Tier2,Mechanical,Embedded,No,No,6.99,7.98,7.34,6.89,7.39,7.61,7.17,7.64,7.38,71.7,1,2,1.0,2,2,77.3,3.1,57.5,54.9,0,Mid,1,0,12.22
40816,Female,Bangalore,Tier3,IT,AI,Yes,No,6.91,6.96,7.2,7.92,7.06,6.81,7.62,6.95,7.14,91.7,1,2,2.0,2,1,66.0,2.5,43.7,59.5,1,Mid,1,0,8.29
32421,Female,Bangalore,Tier1,Mechanical,Networking,No,No,6.58,5.57,5.9,6.38,6.42,5.53,5.78,6.4,6.13,71.0,1,1,3.0,2,0,67.7,3.8,59.2,53.4,1,Low,1,0,6.46
1595,Male,Chennai,Tier3,ECE,Embedded,Yes,No,7.9,7.68,7.72,7.48,7.48,8.02,7.85,8.02,7.85,80.9,1,3,2.0,1,1,69.2,3.4,54.7,46.8,0,Mid,1,0,8.99
10240,Female,Kochi,Tier2,CS,Embedded,Yes,No,9.54,8.86,9.21,9.54,9.02,10.0,9.38,10.0,9.5,87.1,2,3,4.0,3,1,79.1,4.6,86.9,78.4,1,High,1,0,25.67
21843,Female,Ahmedabad,Tier2,ECE,AI,No,No,6.08,5.97,5.98,6.63,6.18,5.9,5.87,6.36,6.03,74.3,1,2,2.0,2,1,77.0,3.2,54.2,49.5,0,Low,1,0,3.74
41172,Male,Bangalore,Tier1,CS,DataScience,Yes,Yes,7.25,8.03,8.32,8.48,8.25,8.14,8.9,7.62,8.18,94.9,1,3,2.0,4,2,77.8,5.0,88.4,75.3,1,High,1,0,22.72
29289,Male,Jaipur,Tier2,Mechanical,Embedded,Yes,No,6.58,6.99,7.04,7.21,7.2,6.86,7.43,7.09,7.02,84.6,1,3,2.0,2,0,72.3,3.3,51.5,58.3,0,Mid,1,0,8.13
24462,Female,Mumbai,Tier3,Mechanical,DataScience,No,No,7.84,8.22,7.66,7.52,7.76,7.57,7.48,7.45,7.61,83.9,1,3,1.0,2,0,75.4,3.2,58.2,38.2,0,Mid,1,0,8.94
36302,Male,Bangalore,Tier3,IT,Embedded,No,No,4.99,4.95,5.54,4.8,5.58,6.03,5.12,4.64,5.3,54.2,1,1,0.0,0,0,37.7,2.0,27.1,27.9,0,Low,0,0,0.0
11276,Male,Chennai,Tier2,ECE,Networking,Yes,No,9.66,9.02,9.12,9.7,9.71,9.57,10.0,9.73,9.74,100.0,2,3,3.0,3,1,83.2,3.9,55.2,82.4,0,High,1,0,18.56
25643,Male,Ahmedabad,Tier1,ECE,Networking,Yes,No,5.52,5.7,6.04,5.53,5.72,6.02,5.96,5.94,5.78,77.5,0,1,1.0,2,1,73.3,2.9,52.5,54.5,1,Low,0,0,0.0
11598,Female,Ahmedabad,Tier1,ECE,Networking,Yes,No,9.16,9.5,8.89,8.92,9.14,9.52,9.09,9.34,9.36,89.5,3,4,3.0,3,1,74.5,3.3,66.5,89.1,1,High,1,0,25.89
26365,Male,Bangalore,Tier2,EE,Networking,Yes,No,10.0,10.0,10.0,10.0,10.0,10.0,10.0,10.0,10.0,95.2,2,3,3.0,3,1,82.7,3.1,67.2,68.3,0,High,1,0,18.54
29569,Female,Bangalore,Tier2,CS,AI,Yes,No,7.71,8.54,8.47,8.75,8.43,8.4,8.94,9.2,8.59,99.7,2,3,2.0,4,1,95.3,4.3,91.7,77.3,0,High,1,0,18.03
23703,Female,Bangalore,Tier3,CS,Embedded,Yes,No,5.83,6.22,6.32,5.87,5.94,5.78,6.06,5.76,5.91,51.3,0,0,0.0,1,0,48.6,2.3,26.5,26.5,0,Low,0,0,0.0
19393,Female,Chennai,Tier1,EE,AI,Yes,No,5.83,5.93,5.9,6.12,5.74,5.97,6.16,5.83,5.95,95.0,2,2,1.0,4,2,73.4,3.7,79.8,91.3,1,Low,1,0,5.65
38552,Female,Pune,Tier1,ECE,Networking,No,No,4.88,5.03,5.06,4.65,4.85,4.6,4.45,5.29,4.92,83.6,2,4,3.0,3,2,94.7,4.0,73.6,83.7,1,Low,1,0,5.72
10815,Male,Pune,Tier2,CS,Networking,Yes,No,4.75,5.27,4.78,4.75,4.81,5.27,5.24,4.82,5.0,68.6,1,2,2.0,3,0,69.1,3.1,56.4,48.8,0,Low,0,0,0.0
32142,Male,Mumbai,Tier3,ECE,AI,Yes,Yes,7.43,7.67,6.96,7.2,7.17,7.42,7.35,7.18,7.47,54.0,0,0,0.0,0,0,47.7,2.2,28.2,30.3,1,Mid,0,0,0.0
8870,Female,Delhi,Tier3,Mechanical,DataScience,Yes,No,6.38,6.7,6.5,6.14,6.35,6.1,6.37,5.66,6.51,69.2,1,2,2.0,2,0,67.2,3.3,54.0,44.9,1,Mid,0,0,0.0
34082,Male,Kolkata,Tier2,CS,DataScience,Yes,Yes,6.63,6.32,7.42,6.79,6.81,7.03,6.47,6.69,6.82,76.9,1,2,2.0,2,1,59.6,3.7,60.0,47.3,1,Mid,0,0,0.0
42031,Male,Bangalore,Tier3,ECE,AI,Yes,Yes,5.6,5.03,4.79,4.76,5.02,5.5,4.97,4.89,5.11,69.2,0,1,1.0,1,0,45.5,1.0,29.7,25.7,0,Low,0,0,0.0
19396,Male,Mumbai,Tier1,ECE,Embedded,Yes,No,5.27,5.0,4.95,5.2,5.14,5.42,5.56,4.98,5.05,70.0,1,1,1.0,2,1,60.5,2.1,55.2,61.1,0,Low,0,0,0.0
37422,Male,Kolkata,Tier2,IT,AI,No,No,5.5,5.51,5.36,5.07,5.43,5.29,4.87,5.39,5.35,63.4,0,1,0.0,1,0,47.3,1.9,34.3,33.6,0,Low,0,0,0.0
2762,Male,Hyderabad,Tier1,EE,Embedded,No,No,8.25,8.67,8.41,8.23,8.56,8.3,8.24,8.13,8.23,86.1,1,4,3.0,3,2,95.1,3.3,84.9,78.7,1,High,1,0,22.44
33480,Male,Chennai,Tier3,IT,Embedded,No,No,4.34,4.67,4.57,4.0,4.45,4.0,4.08,4.0,4.52,56.4,0,0,0.0,1,0,33.7,2.5,27.5,25.3,0,Low,0,0,0.0
10927,Male,Delhi,Tier3,Civil,Embedded,No,Yes,4.22,4.51,4.33,4.0,4.0,4.49,4.03,4.17,4.2,60.1,0,1,1.0,1,0,57.6,1.9,26.1,27.2,0,Low,0,0,0.0
46031,Male,Kochi,Tier2,Civil,DataScience,No,No,6.47,6.97,6.61,7.23,6.87,6.74,6.62,6.37,6.8,86.9,1,2,2.0,3,0,54.1,2.8,44.5,47.1,1,Mid,1,0,8.3
4539,Female,Jaipur,Tier1,IT,DataScience,No,No,6.89,6.99,6.37,6.53,6.57,6.44,6.54,6.11,6.62,100.0,2,4,3.0,2,1,97.3,4.6,53.1,82.3,1,Mid,1,0,8.14
41715,Female,Pune,Tier1,Mechanical,AI,No,No,9.45,9.22,9.53,9.13,9.36,9.74,9.01,9.5,9.28,87.5,1,2,3.0,3,2,60.7,3.2,84.6,75.4,1,High,1,0,25.49
19513,Female,Hyderabad,Tier2,ECE,Networking,No,Yes,4.79,5.37,4.95,5.46,4.84,5.24,4.88,4.78,4.93,62.5,0,1,1.0,0,0,42.0,1.7,25.1,33.5,0,Low,0,0,0.0
45846,Female,Delhi,Tier2,CS,DataScience,No,No,8.41,8.99,8.56,8.58,8.47,9.12,8.99,8.53,8.65,98.9,2,4,3.0,4,1,82.7,3.6,74.2,80.3,1,High,1,0,22.87
39439,Female,Jaipur,Tier3,CS,AI,Yes,No,4.0,5.22,4.86,4.63,4.43,4.99,4.8,4.73,4.56,73.1,1,2,1.0,1,1,71.8,2.7,66.0,57.8,1,Low,0,0,0.0
44432,Female,Chennai,Tier1,IT,DataScience,Yes,No,10.0,10.0,10.0,10.0,10.0,10.0,10.0,10.0,9.86,100.0,2,3,2.0,2,2,97.3,3.9,69.4,67.2,1,High,1,0,25.39
22523,Male,Bangalore,Tier2,Civil,AI,Yes,No,8.54,8.86,9.32,8.9,9.19,9.0,9.33,9.29,9.14,88.9,1,2,2.0,4,1,75.5,3.8,69.1,60.0,1,High,1,0,25.6
21657,Female,Kolkata,Tier3,Mechanical,Embedded,No,No,7.33,7.04,7.78,7.49,7.83,7.8,8.04,7.74,7.56,68.7,1,1,1.0,1,0,71.7,3.1,66.7,37.9,1,Mid,1,0,10.23
49585,Male,Kochi,Tier3,ECE,Networking,No,Yes,7.92,7.56,7.64,7.92,8.02,7.73,7.72,7.7,7.76,82.4,1,2,1.0,2,1,80.5,2.5,55.1,53.4,0,Mid,0,0,0.0
14460,Female,Jaipur,Tier3,CS,AI,No,No,7.91,8.02,7.36,7.98,7.73,7.6,7.86,7.6,7.71,81.2,1,1,1.0,1,0,69.5,3.3,39.4,55.0,1,Mid,1,0,8.01
33228,Male,Chennai,Tier3,ECE,DataScience,No,No,6.5,6.43,6.76,7.3,6.41,7.59,6.84,6.72,6.54,74.4,1,2,2.0,1,1,74.8,3.6,52.7,43.1,0,Mid,1,0,8.71
14581,Female,Jaipur,Tier2,Mechanical,Embedded,No,Yes,5.99,6.24,5.28,5.84,6.17,5.43,5.38,5.57,5.82,63.4,1,2,2.0,2,1,62.3,2.8,57.2,61.5,1,Low,0,0,0.0
14837,Male,Bangalore,Tier1,CS,DataScience,No,No,6.16,6.89,6.1,6.02,6.5,6.85,6.46,6.35,6.32,70.1,1,2,1.0,2,0,61.7,2.6,47.8,45.6,1,Low,0,0,0.0
23970,Female,Hyderabad,Tier2,Mechanical,Embedded,No,No,6.56,7.42,7.4,7.4,7.01,7.65,7.8,7.58,7.53,70.8,1,3,2.0,3,1,79.9,4.1,82.0,63.3,0,Mid,1,0,8.71
16275,Male,Kolkata,Tier2,ECE,Embedded,Yes,No,5.32,6.16,5.53,6.06,5.77,5.85,6.14,5.98,5.8,64.4,1,2,2.0,2,1,79.1,2.8,57.1,60.4,0,Low,1,0,3.77
37446,Male,Pune,Tier2,EE,Embedded,No,No,5.91,6.19,6.01,6.38,5.71,6.59,5.19,5.77,6.09,88.6,0,2,2.0,2,0,78.6,2.1,54.2,50.4,0,Low,0,0,0.0
1398,Male,Chennai,Tier1,Civil,Networking,Yes,No,7.05,7.19,7.6,7.61,6.99,7.51,7.45,7.36,7.21,90.6,3,3,3.0,3,2,70.7,3.9,62.8,81.5,1,Mid,1,0,8.21
46411,Female,Pune,Tier2,Civil,DataScience,Yes,No,8.11,8.8,8.57,8.35,8.86,8.63,9.02,9.39,8.73,92.9,2,2,2.0,3,2,91.3,4.2,72.7,55.3,1,High,1,0,22.9
45750,Female,Mumbai,Tier3,Civil,Embedded,No,No,6.15,6.2,5.96,6.27,6.11,6.42,6.09,6.2,6.2,80.8,1,3,2.0,1,0,62.6,2.6,61.5,54.9,1,Low,0,0,0.0
15953,Male,Mumbai,Tier2,EE,Networking,Yes,No,9.37,9.62,9.51,9.28,9.75,9.79,9.61,9.63,9.46,79.7,1,3,3.0,3,1,76.3,4.5,77.5,75.8,1,High,1,0,25.54
38360,Male,Kochi,Tier1,IT,DataScience,Yes,No,8.99,8.45,8.47,8.91,8.97,8.73,8.49,8.6,8.8,85.4,1,4,3.0,3,1,89.9,4.6,79.7,68.2,1,High,1,0,22.24
17310,Male,Chennai,Tier1,EE,Networking,Yes,No,6.68,6.59,6.58,6.74,6.8,7.04,6.31,7.28,6.79,100.0,2,3,3.0,4,2,68.1,5.0,85.2,62.5,1,Mid,1,0,8.53
16600,Male,Pune,Tier2,ECE,Embedded,Yes,No,6.37,7.11,7.38,7.08,7.67,7.4,6.48,7.38,6.89,82.1,1,2,1.0,2,1,70.7,3.2,46.2,54.6,0,Mid,1,0,8.69
46342,Female,Pune,Tier1,ECE,Networking,No,No,7.06,7.34,7.01,7.05,7.22,6.82,7.26,6.52,7.11,80.5,1,2,1.0,1,1,66.4,3.7,45.5,39.4,1,Mid,1,0,8.14
1247,Male,Bangalore,Tier2,CS,AI,No,No,7.17,7.64,7.83,8.02,7.24,8.54,8.23,8.28,7.95,68.7,0,4,2.0,5,3,79.5,3.6,89.3,79.3,0,Mid,1,0,8.91
16031,Female,Mumbai,Tier2,Mechanical,AI,No,No,5.58,6.08,5.96,6.24,6.91,6.33,6.14,6.6,6.27,74.8,0,2,2.0,2,0,74.3,2.0,62.4,55.0,1,Low,0,0,0.0
26645,Male,Kolkata,Tier1,EE,DataScience,Yes,No,9.0,9.12,9.16,9.14,8.87,9.36,9.34,9.49,9.27,100.0,2,4,3.0,3,1,92.3,4.4,65.3,74.7,1,High,1,0,25.3
20959,Male,Chennai,Tier1,ECE,Networking,No,No,9.03,9.4,9.24,9.52,9.15,9.44,8.97,9.14,9.11,87.0,3,3,4.0,4,1,88.0,4.2,69.8,92.9,0,High,1,0,18.8
33714,Male,Hyderabad,Tier2,EE,DataScience,Yes,No,6.84,6.75,6.9,7.5,7.34,7.35,6.95,7.45,7.02,80.4,0,3,3.0,2,1,83.5,3.9,83.5,72.9,0,Mid,1,0,8.19
6940,Male,Kolkata,Tier2,Civil,DataScience,No,No,8.97,8.52,8.96,8.6,8.72,9.04,8.96,8.85,8.85,94.1,1,3,2.0,3,1,89.1,5.0,82.4,77.0,1,High,1,0,22.71
13925,Female,Bangalore,Tier2,CS,DataScience,Yes,No,9.09,9.2,9.2,9.11,9.16,9.52,8.89,8.93,9.17,69.5,1,3,2.0,2,0,81.0,1.4,47.3,52.4,0,High,1,0,18.35
11151,Female,Kochi,Tier1,IT,AI,Yes,No,9.55,9.47,9.48,9.96,10.0,9.55,9.88,9.86,9.84,78.1,2,4,3.0,4,1,73.5,3.8,79.1,60.0,1,High,1,0,25.53
48320,Female,Chennai,Tier3,CS,DataScience,Yes,Yes,5.55,5.33,5.37,4.77,5.02,5.24,5.07,5.02,5.01,67.5,0,1,0.0,0,0,45.4,2.1,31.2,23.3,1,Low,0,0,0.0
19672,Female,Kolkata,Tier2,IT,DataScience,Yes,Yes,7.47,7.35,7.04,7.49,6.95,7.36,7.45,7.03,7.23,82.3,0,1,2.0,1,1,61.7,3.1,44.9,50.3,1,Mid,0,0,0.0
28283,Male,Chennai,Tier3,Mechanical,Networking,Yes,No,6.37,6.08,6.29,6.47,6.08,5.5,6.04,6.07,6.25,83.1,0,1,2.0,1,1,75.0,2.8,44.8,42.0,1,Low,0,0,0.0
41271,Female,Hyderabad,Tier1,EE,Networking,No,No,6.15,6.38,6.8,6.92,6.42,6.88,6.51,6.22,6.57,81.6,2,5,2.0,3,2,84.6,4.6,92.7,76.9,1,Mid,1,0,8.84
8258,Female,Hyderabad,Tier3,CS,AI,Yes,Yes,7.7,8.18,7.66,6.97,7.21,7.93,7.26,7.64,7.67,62.7,0,1,0.0,1,0,52.4,1.7,22.9,26.5,0,Mid,0,0,0.0
8881,Male,Hyderabad,Tier3,IT,DataScience,Yes,No,8.01,8.35,7.79,7.8,7.93,7.54,8.3,8.0,8.03,82.1,0,1,1.0,1,0,54.5,2.7,56.7,61.9,1,High,1,0,18.49
47731,Male,Jaipur,Tier3,ECE,Networking,Yes,No,4.09,4.6,4.51,4.67,4.77,4.8,4.34,4.18,4.38,68.9,1,2,1.0,2,0,66.2,3.6,49.7,41.1,1,Low,0,0,0.0
19350,Female,Chennai,Tier3,ECE,Embedded,Yes,Yes,5.42,5.31,6.11,5.48,5.39,5.27,5.17,5.17,5.46,70.5,0,1,0.0,1,0,49.2,3.3,31.1,30.9,0,Low,0,0,0.0
16955,Male,Chennai,Tier3,Mechanical,Networking,Yes,No,7.33,6.64,6.32,6.34,6.57,6.45,6.71,6.58,6.7,57.6,0,0,1.0,0,0,51.3,1.8,26.0,29.4,0,Mid,0,0,0.0
1622,Female,Bangalore,Tier2,Civil,Networking,No,No,8.1,7.97,8.83,8.38,8.34,9.17,8.38,9.36,8.41,86.6,2,4,3.0,2,1,87.9,3.8,74.1,68.3,1,High,1,0,22.82
47757,Male,Hyderabad,Tier3,CS,Embedded,No,No,5.27,5.4,5.06,5.34,5.4,5.31,5.52,5.41,5.25,71.3,2,2,2.0,1,1,73.9,2.8,52.1,47.4,1,Low,0,0,0.0
30797,Female,Mumbai,Tier1,Civil,Embedded,No,Yes,9.7,10.0,9.69,10.0,10.0,10.0,10.0,10.0,10.0,81.1,2,2,3.0,3,1,59.8,4.4,82.3,75.4,1,High,1,0,25.3
23318,Male,Mumbai,Tier2,ECE,Embedded,Yes,No,6.77,6.32,6.67,6.53,6.33,6.77,6.51,6.74,6.68,72.1,1,2,1.0,1,0,73.9,2.4,62.5,44.2,1,Mid,1,0,8.01
12831,Male,Bangalore,Tier3,CS,DataScience,No,No,6.07,5.55,6.17,6.0,6.08,6.46,5.78,6.24,6.28,63.2,1,2,2.0,1,1,80.3,2.4,46.1,48.6,1,Low,0,0,0.0
33558,Female,Delhi,Tier1,IT,Networking,Yes,No,7.74,8.48,7.15,8.08,7.6,8.24,8.07,8.3,7.8,80.7,2,3,2.0,3,1,88.6,4.2,61.1,78.6,1,Mid,1,0,10.99
29558,Male,Hyderabad,Tier3,CS,Embedded,Yes,No,6.39,7.14,7.35,6.68,7.18,7.29,6.91,7.05,6.99,74.9,1,2,1.0,1,0,58.0,3.3,63.1,58.0,1,Mid,1,0,8.36
27894,Male,Hyderabad,Tier1,CS,DataScience,No,No,9.3,9.46,9.85,9.54,9.23,9.53,9.76,10.0,9.58,81.1,1,3,3.0,3,1,93.2,4.9,73.9,67.9,1,High,1,0,25.9
24914,Female,Bangalore,Tier1,CS,Networking,Yes,No,9.04,9.11,9.62,9.37,9.45,9.48,9.56,9.45,9.43,62.9,2,2,2.0,3,1,99.7,5.0,64.5,69.4,1,High,1,0,25.17
34660,Male,Chennai,Tier1,ECE,DataScience,No,No,7.69,7.31,7.67,7.79,7.86,7.65,7.63,7.88,7.7,86.1,1,2,1.0,2,1,52.7,2.3,64.1,61.3,1,Mid,1,0,8.64
48446,Male,Chennai,Tier2,CS,Networking,No,No,7.17,7.38,6.88,6.86,7.37,6.92,7.03,6.69,6.96,81.2,1,1,1.0,2,1,69.8,3.4,76.0,45.4,0,Mid,1,0,8.08
20383,Male,Kochi,Tier2,IT,AI,Yes,No,8.09,8.85,8.48,8.96,8.61,8.18,8.2,8.75,8.52,85.3,3,4,2.0,3,1,77.4,4.8,75.5,68.0,1,High,1,0,22.54
